This is pdfTeX, Version 3.141592653-2.6-1.40.29 (TeX Live 2026) (preloaded format=pdflatex 2026.3.11)  28 AUG 2026 15:04
entering extended mode
 restricted \write18 enabled.
 %&-line parsing enabled.
**main.tex
(./main.tex
LaTeX2e <2025-11-01>
L3 programming layer <2026-01-19>
(/usr/local/texlive/2026/texmf-dist/tex/latex/base/book.cls
Document Class: book 2025/01/22 v1.4n Standard LaTeX document class
(/usr/local/texlive/2026/texmf-dist/tex/latex/base/bk12.clo
File: bk12.clo 2025/01/22 v1.4n Standard LaTeX file (size option)
)
\c@part=\count275
\c@chapter=\count276
\c@section=\count277
\c@subsection=\count278
\c@subsubsection=\count279
\c@paragraph=\count280
\c@subparagraph=\count281
\c@figure=\count282
\c@table=\count283
\abovecaptionskip=\skip49
\belowcaptionskip=\skip50
\bibindent=\dimen148
)
(/usr/local/texlive/2026/texmf-dist/tex/latex/base/inputenc.sty
Package: inputenc 2024/02/08 v1.3d Input encoding file
\inpenc@prehook=\toks17
\inpenc@posthook=\toks18
)
   defining Unicode char U+03B4 (decimal 948)
   defining Unicode char U+03B1 (decimal 945)
   defining Unicode char U+22C5 (decimal 8901)
   defining Unicode char U+2009 (decimal 8201)
   defining Unicode char U+03BC (decimal 956)
   defining Unicode char U+2013 (decimal 8211)
   defining Unicode char U+2014 (decimal 8212)
   defining Unicode char U+2212 (decimal 8722)

(/usr/local/texlive/2026/texmf-dist/tex/latex/base/fontenc.sty
Package: fontenc 2025/07/18 v2.1d Standard LaTeX package
)
(/usr/local/texlive/2026/texmf-dist/tex/generic/babel/babel.sty
Package: babel 2026/02/14 v26.3 The multilingual framework for LuaLaTeX, pdfLaT
eX and XeLaTeX
\babel@savecnt=\count284
LaTeX Encoding Info:    Redeclaring text command \ij (encoding OT1) on input li
ne 2078.
LaTeX Encoding Info:    Redeclaring text command \IJ (encoding OT1) on input li
ne 2080.
LaTeX Encoding Info:    Redeclaring text command \ij (encoding T1) on input lin
e 2082.
LaTeX Encoding Info:    Redeclaring text command \IJ (encoding T1) on input lin
e 2083.
LaTeX Encoding Info:    Ignoring declaration for text command \ij (encoding ?) 
on input line 2084.
LaTeX Encoding Info:    Ignoring declaration for text command \IJ (encoding ?) 
on input line 2086.
LaTeX Encoding Info:    Ignoring declaration for text command \SS (encoding ?) 
on input line 2111.
\U@D=\dimen149
\l@unhyphenated=\language91

(/usr/local/texlive/2026/texmf-dist/tex/generic/babel/txtbabel.def)
\bbl@readstream=\read2
\bbl@dirlevel=\count285

(/usr/local/texlive/2026/texmf-dist/tex/generic/babel/locale/en/babel-english.t
ex)
Package babel Info: Importing font and identification data for english
(babel)             from babel-en.ini. Reported on input line 4330.
 (/usr/local/texlive/2026/texmf-dist/tex/generic/babel-english/english.ldf
Language: english 2017/06/06 v3.3r English support from the babel system
Package babel Info: Hyphen rules for 'canadian' set to \l@english
(babel)             (\language0). Reported on input line 102.
Package babel Info: Hyphen rules for 'australian' set to \l@ukenglish
(babel)             (\language22). Reported on input line 105.
Package babel Info: Hyphen rules for 'newzealand' set to \l@ukenglish
(babel)             (\language22). Reported on input line 108.
)) (/usr/local/texlive/2026/texmf-dist/tex/latex/lipsum/lipsum.sty
(/usr/local/texlive/2026/texmf-dist/tex/latex/l3packages/l3keys2e/l3keys2e.sty
(/usr/local/texlive/2026/texmf-dist/tex/latex/l3kernel/expl3.sty
Package: expl3 2026-01-19 L3 programming layer (loader) 

(/usr/local/texlive/2026/texmf-dist/tex/latex/l3backend/l3backend-pdftex.def
File: l3backend-pdftex.def 2025-10-09 L3 backend support: PDF output (pdfTeX)
\l__color_backend_stack_int=\count286
))
Package: l3keys2e 2025-10-09 LaTeX2e option processing using LaTeX3 keys
)
Package: lipsum 2021-09-20 v2.7 150 paragraphs of Lorem Ipsum dummy text
\g__lipsum_par_int=\count287
\l__lipsum_a_int=\count288
\l__lipsum_b_int=\count289
(/usr/local/texlive/2026/texmf-dist/tex/latex/lipsum/lipsum.ltd.tex))
(/usr/local/texlive/2026/texmf-dist/tex/latex/tools/multicol.sty
Package: multicol 2025/10/21 v2.0b multicolumn formatting (FMi)
\c@tracingmulticols=\count290
\mult@box=\box53
\multicol@leftmargin=\dimen150
\c@unbalance=\count291
\c@collectmore=\count292
\doublecol@number=\count293
\multicoltolerance=\count294
\multicolpretolerance=\count295
\full@width=\dimen151
\page@free=\dimen152
\premulticols=\dimen153
\postmulticols=\dimen154
\multicolsep=\skip51
\multicolbaselineskip=\skip52
\partial@page=\box54
\last@line=\box55
\mc@boxedresult=\box56
\maxbalancingoverflow=\dimen155
\mult@rightbox=\box57
\mult@grightbox=\box58
\mult@firstbox=\box59
\mult@gfirstbox=\box60
\@tempa=\box61
\@tempa=\box62
\@tempa=\box63
\@tempa=\box64
\@tempa=\box65
\@tempa=\box66
\@tempa=\box67
\@tempa=\box68
\@tempa=\box69
\@tempa=\box70
\@tempa=\box71
\@tempa=\box72
\@tempa=\box73
\@tempa=\box74
\@tempa=\box75
\@tempa=\box76
\@tempa=\box77
\@tempa=\box78
\@tempa=\box79
\@tempa=\box80
\@tempa=\box81
\@tempa=\box82
\@tempa=\box83
\@tempa=\box84
\@tempa=\box85
\@tempa=\box86
\@tempa=\box87
\@tempa=\box88
\@tempa=\box89
\@tempa=\box90
\@tempa=\box91
\@tempa=\box92
\@tempa=\box93
\@tempa=\box94
\@tempa=\box95
\@tempa=\box96
\c@minrows=\count296
\c@columnbadness=\count297
\c@finalcolumnbadness=\count298
\last@try=\dimen156
\multicolovershoot=\dimen157
\multicolundershoot=\dimen158
\mult@nat@firstbox=\box97
\colbreak@box=\box98
\mc@col@check@num=\count299
\g__mc_curr_col_int=\count300
)
(/usr/local/texlive/2026/texmf-dist/tex/latex/graphics/graphicx.sty
Package: graphicx 2024/12/31 v1.2e Enhanced LaTeX Graphics (DPC,SPQR)

(/usr/local/texlive/2026/texmf-dist/tex/latex/graphics/keyval.sty
Package: keyval 2022/05/29 v1.15 key=value parser (DPC)
\KV@toks@=\toks19
)
(/usr/local/texlive/2026/texmf-dist/tex/latex/graphics/graphics.sty
Package: graphics 2024/08/06 v1.4g Standard LaTeX Graphics (DPC,SPQR)

(/usr/local/texlive/2026/texmf-dist/tex/latex/graphics/trig.sty
Package: trig 2023/12/02 v1.11 sin cos tan (DPC)
)
(/usr/local/texlive/2026/texmf-dist/tex/latex/graphics-cfg/graphics.cfg
File: graphics.cfg 2016/06/04 v1.11 sample graphics configuration
)
Package graphics Info: Driver file: pdftex.def on input line 106.

(/usr/local/texlive/2026/texmf-dist/tex/latex/graphics-def/pdftex.def
File: pdftex.def 2025/09/29 v1.2d Graphics/color driver for pdftex
))
\Gin@req@height=\dimen159
\Gin@req@width=\dimen160
)
(/usr/local/texlive/2026/texmf-dist/tex/latex/svg/svg.sty
Package: svg 2020/11/26 v2.02k (include SVG pictures)

(/usr/local/texlive/2026/texmf-dist/tex/generic/iftex/iftex.sty
Package: iftex 2024/12/12 v1.0g TeX engine tests
)
(/usr/local/texlive/2026/texmf-dist/tex/latex/koma-script/scrbase.sty
Package: scrbase 2026/02/02 v3.49.2 KOMA-Script package (KOMA-Script-independen
t basics and keyval usage)

(/usr/local/texlive/2026/texmf-dist/tex/latex/koma-script/scrlfile.sty
Package: scrlfile 2026/02/02 v3.49.2 KOMA-Script package (file load hooks)

(/usr/local/texlive/2026/texmf-dist/tex/latex/koma-script/scrlfile-hook.sty
Package: scrlfile-hook 2026/02/02 v3.49.2 KOMA-Script package (using LaTeX hook
s)

(/usr/local/texlive/2026/texmf-dist/tex/latex/koma-script/scrlogo.sty
Package: scrlogo 2026/02/02 v3.49.2 KOMA-Script package (logo)
)))
Applying: [2021/05/01] Usage of raw or classic option list on input line 254.
Already applied: [0000/00/00] Usage of raw or classic option list on input line
 370.
)
(/usr/local/texlive/2026/texmf-dist/tex/generic/pdftexcmds/pdftexcmds.sty
Package: pdftexcmds 2020-06-27 v0.33 Utility functions of pdfTeX for LuaTeX (HO
)

(/usr/local/texlive/2026/texmf-dist/tex/generic/infwarerr/infwarerr.sty
Package: infwarerr 2019/12/03 v1.5 Providing info/warning/error messages (HO)
)
(/usr/local/texlive/2026/texmf-dist/tex/generic/ltxcmds/ltxcmds.sty
Package: ltxcmds 2023-12-04 v1.26 LaTeX kernel commands for general use (HO)
)
Package pdftexcmds Info: \pdf@primitive is available.
Package pdftexcmds Info: \pdf@ifprimitive is available.
Package pdftexcmds Info: \pdfdraftmode found.
)
(/usr/local/texlive/2026/texmf-dist/tex/latex/trimspaces/trimspaces.sty
Package: trimspaces 2009/09/17 v1.1 Trim spaces around a token list
)
(/usr/local/texlive/2026/texmf-dist/tex/latex/tools/shellesc.sty
Package: shellesc 2023/07/08 v1.0d unified shell escape interface for LaTeX
Package shellesc Info: Restricted shell escape enabled on input line 77.
)
\c@svg@param@lastpage=\count301
\svg@box=\box99
\c@svg@param@currpage=\count302
)
(/usr/local/texlive/2026/texmf-dist/tex/latex/xcolor/xcolor.sty
Package: xcolor 2024/09/29 v3.02 LaTeX color extensions (UK)

(/usr/local/texlive/2026/texmf-dist/tex/latex/graphics-cfg/color.cfg
File: color.cfg 2016/01/02 v1.6 sample color configuration
)
Package xcolor Info: Driver file: pdftex.def on input line 274.

(/usr/local/texlive/2026/texmf-dist/tex/latex/graphics/mathcolor.ltx)
Package xcolor Info: Model `cmy' substituted by `cmy0' on input line 1349.
Package xcolor Info: Model `hsb' substituted by `rgb' on input line 1353.
Package xcolor Info: Model `RGB' extended on input line 1365.
Package xcolor Info: Model `HTML' substituted by `rgb' on input line 1367.
Package xcolor Info: Model `Hsb' substituted by `hsb' on input line 1368.
Package xcolor Info: Model `tHsb' substituted by `hsb' on input line 1369.
Package xcolor Info: Model `HSB' substituted by `hsb' on input line 1370.
Package xcolor Info: Model `Gray' substituted by `gray' on input line 1371.
Package xcolor Info: Model `wave' substituted by `hsb' on input line 1372.
)
(/usr/local/texlive/2026/texmf-dist/tex/latex/transparent/transparent.sty
Package: transparent 2025-06-23 v1.6 Transparency with color stacks

(/usr/local/texlive/2026/texmf-dist/tex/latex/transparent/transparent-nometadat
a.sty
Package: transparent-nometadata 2025-06-23 v1.6 Transparency via pdfTeX's color
 stack (HO)
 (/usr/local/texlive/2026/texmf-dist/tex/latex/auxhook/auxhook.sty
Package: auxhook 2019-12-17 v1.6 Hooks for auxiliary files (HO)
)))
(/usr/local/texlive/2026/texmf-dist/tex/latex/pgf/systemlayer/pgfsys.sty
(/usr/local/texlive/2026/texmf-dist/tex/latex/pgf/utilities/pgfrcs.sty
(/usr/local/texlive/2026/texmf-dist/tex/generic/pgf/utilities/pgfutil-common.te
x
\pgfutil@everybye=\toks20
\pgfutil@tempdima=\dimen161
\pgfutil@tempdimb=\dimen162
)
(/usr/local/texlive/2026/texmf-dist/tex/generic/pgf/utilities/pgfutil-latex.def
\pgfutil@abb=\box100
) (/usr/local/texlive/2026/texmf-dist/tex/generic/pgf/utilities/pgfrcs.code.tex
(/usr/local/texlive/2026/texmf-dist/tex/generic/pgf/pgf.revision.tex)
Package: pgfrcs 2025-08-29 v3.1.11a (3.1.11a)
))
(/usr/local/texlive/2026/texmf-dist/tex/generic/pgf/systemlayer/pgfsys.code.tex
Package: pgfsys 2025-08-29 v3.1.11a (3.1.11a)
(/usr/local/texlive/2026/texmf-dist/tex/generic/pgf/utilities/pgfkeys.code.tex
\pgfkeys@pathtoks=\toks21
\pgfkeys@temptoks=\toks22

(/usr/local/texlive/2026/texmf-dist/tex/generic/pgf/utilities/pgfkeyslibraryfil
tered.code.tex
\pgfkeys@tmptoks=\toks23
))
\pgf@x=\dimen163
\pgf@y=\dimen164
\pgf@xa=\dimen165
\pgf@ya=\dimen166
\pgf@xb=\dimen167
\pgf@yb=\dimen168
\pgf@xc=\dimen169
\pgf@yc=\dimen170
\pgf@xd=\dimen171
\pgf@yd=\dimen172
\w@pgf@writea=\write3
\r@pgf@reada=\read3
\c@pgf@counta=\count303
\c@pgf@countb=\count304
\c@pgf@countc=\count305
\c@pgf@countd=\count306
\t@pgf@toka=\toks24
\t@pgf@tokb=\toks25
\t@pgf@tokc=\toks26
\pgf@sys@id@count=\count307

(/usr/local/texlive/2026/texmf-dist/tex/generic/pgf/systemlayer/pgf.cfg
File: pgf.cfg 2025-08-29 v3.1.11a (3.1.11a)
)
Driver file for pgf: pgfsys-pdftex.def

(/usr/local/texlive/2026/texmf-dist/tex/generic/pgf/systemlayer/pgfsys-pdftex.d
ef
File: pgfsys-pdftex.def 2025-08-29 v3.1.11a (3.1.11a)

(/usr/local/texlive/2026/texmf-dist/tex/generic/pgf/systemlayer/pgfsys-common-p
df.def
File: pgfsys-common-pdf.def 2025-08-29 v3.1.11a (3.1.11a)
)))
(/usr/local/texlive/2026/texmf-dist/tex/generic/pgf/systemlayer/pgfsyssoftpath.
code.tex
File: pgfsyssoftpath.code.tex 2025-08-29 v3.1.11a (3.1.11a)
\pgfsyssoftpath@smallbuffer@items=\count308
\pgfsyssoftpath@bigbuffer@items=\count309
)
(/usr/local/texlive/2026/texmf-dist/tex/generic/pgf/systemlayer/pgfsysprotocol.
code.tex
File: pgfsysprotocol.code.tex 2025-08-29 v3.1.11a (3.1.11a)
)) (/usr/local/texlive/2026/texmf-dist/tex/latex/caption/subcaption.sty
Package: subcaption 2023/07/28 v1.6b Sub-captions (AR)
(/usr/local/texlive/2026/texmf-dist/tex/latex/caption/caption.sty
Package: caption 2023/08/05 v3.6o Customizing captions (AR)

(/usr/local/texlive/2026/texmf-dist/tex/latex/caption/caption3.sty
Package: caption3 2023/07/31 v2.4d caption3 kernel (AR)
\caption@tempdima=\dimen173
\captionmargin=\dimen174
\caption@leftmargin=\dimen175
\caption@rightmargin=\dimen176
\caption@width=\dimen177
\caption@indent=\dimen178
\caption@parindent=\dimen179
\caption@hangindent=\dimen180
Package caption Info: Standard document class detected.
)
\c@caption@flags=\count310
\c@continuedfloat=\count311
)
Package caption Info: New subtype `subfigure' on input line 238.
\c@subfigure=\count312
Package caption Info: New subtype `subtable' on input line 238.
\c@subtable=\count313
)
(/usr/local/texlive/2026/texmf-dist/tex/latex/textpos/textpos.sty
Package: textpos 2022/07/23 v1.10.1
Package textpos Info: choosing support for LaTeX3 on input line 60.
\TP@textbox=\box101
\TP@holdbox=\box102
\TPHorizModule=\dimen181
\TPVertModule=\dimen182
\TP@margin=\dimen183
\TP@absmargin=\dimen184

Grid set 16 x 16 = 38.39343pt x 49.68562pt
\TPboxrulesize=\dimen185
\TP@ox=\dimen186
\TP@oy=\dimen187
\TP@tbargs=\toks27
TextBlockOrigin set to 0pt x 0pt
) (/usr/local/texlive/2026/texmf-dist/tex/latex/geometry/geometry.sty
Package: geometry 2020/01/02 v5.9 Page Geometry

(/usr/local/texlive/2026/texmf-dist/tex/generic/iftex/ifvtex.sty
Package: ifvtex 2019/10/25 v1.7 ifvtex legacy package. Use iftex instead.
)
\Gm@cnth=\count314
\Gm@cntv=\count315
\c@Gm@tempcnt=\count316
\Gm@bindingoffset=\dimen188
\Gm@wd@mp=\dimen189
\Gm@odd@mp=\dimen190
\Gm@even@mp=\dimen191
\Gm@layoutwidth=\dimen192
\Gm@layoutheight=\dimen193
\Gm@layouthoffset=\dimen194
\Gm@layoutvoffset=\dimen195
\Gm@dimlist=\toks28
)
(/usr/local/texlive/2026/texmf-dist/tex/latex/setspace/setspace.sty
Package: setspace 2022/12/04 v6.7b set line spacing
)
(/usr/local/texlive/2026/texmf-dist/tex/latex/pgf/frontendlayer/tikz.sty
(/usr/local/texlive/2026/texmf-dist/tex/latex/pgf/basiclayer/pgf.sty
Package: pgf 2025-08-29 v3.1.11a (3.1.11a)

(/usr/local/texlive/2026/texmf-dist/tex/latex/pgf/basiclayer/pgfcore.sty
(/usr/local/texlive/2026/texmf-dist/tex/generic/pgf/basiclayer/pgfcore.code.tex
Package: pgfcore 2025-08-29 v3.1.11a (3.1.11a)
(/usr/local/texlive/2026/texmf-dist/tex/generic/pgf/math/pgfmath.code.tex
(/usr/local/texlive/2026/texmf-dist/tex/generic/pgf/math/pgfmathutil.code.tex)
(/usr/local/texlive/2026/texmf-dist/tex/generic/pgf/math/pgfmathparser.code.tex
\pgfmath@dimen=\dimen196
\pgfmath@count=\count317
\pgfmath@box=\box103
\pgfmath@toks=\toks29
\pgfmath@stack@operand=\toks30
\pgfmath@stack@operation=\toks31
)
(/usr/local/texlive/2026/texmf-dist/tex/generic/pgf/math/pgfmathfunctions.code.
tex)
(/usr/local/texlive/2026/texmf-dist/tex/generic/pgf/math/pgfmathfunctions.basic
.code.tex)
(/usr/local/texlive/2026/texmf-dist/tex/generic/pgf/math/pgfmathfunctions.trigo
nometric.code.tex)
(/usr/local/texlive/2026/texmf-dist/tex/generic/pgf/math/pgfmathfunctions.rando
m.code.tex)
(/usr/local/texlive/2026/texmf-dist/tex/generic/pgf/math/pgfmathfunctions.compa
rison.code.tex)
(/usr/local/texlive/2026/texmf-dist/tex/generic/pgf/math/pgfmathfunctions.base.
code.tex)
(/usr/local/texlive/2026/texmf-dist/tex/generic/pgf/math/pgfmathfunctions.round
.code.tex)
(/usr/local/texlive/2026/texmf-dist/tex/generic/pgf/math/pgfmathfunctions.misc.
code.tex)
(/usr/local/texlive/2026/texmf-dist/tex/generic/pgf/math/pgfmathfunctions.integ
erarithmetics.code.tex)
(/usr/local/texlive/2026/texmf-dist/tex/generic/pgf/math/pgfmathcalc.code.tex)
(/usr/local/texlive/2026/texmf-dist/tex/generic/pgf/math/pgfmathfloat.code.tex
\c@pgfmathroundto@lastzeros=\count318
)) (/usr/local/texlive/2026/texmf-dist/tex/generic/pgf/math/pgfint.code.tex)
(/usr/local/texlive/2026/texmf-dist/tex/generic/pgf/basiclayer/pgfcorepoints.co
de.tex
File: pgfcorepoints.code.tex 2025-08-29 v3.1.11a (3.1.11a)
\pgf@picminx=\dimen197
\pgf@picmaxx=\dimen198
\pgf@picminy=\dimen199
\pgf@picmaxy=\dimen256
\pgf@pathminx=\dimen257
\pgf@pathmaxx=\dimen258
\pgf@pathminy=\dimen259
\pgf@pathmaxy=\dimen260
\pgf@xx=\dimen261
\pgf@xy=\dimen262
\pgf@yx=\dimen263
\pgf@yy=\dimen264
\pgf@zx=\dimen265
\pgf@zy=\dimen266
)
(/usr/local/texlive/2026/texmf-dist/tex/generic/pgf/basiclayer/pgfcorepathconst
ruct.code.tex
File: pgfcorepathconstruct.code.tex 2025-08-29 v3.1.11a (3.1.11a)
\pgf@path@lastx=\dimen267
\pgf@path@lasty=\dimen268
)
(/usr/local/texlive/2026/texmf-dist/tex/generic/pgf/basiclayer/pgfcorepathusage
.code.tex
File: pgfcorepathusage.code.tex 2025-08-29 v3.1.11a (3.1.11a)
\pgf@shorten@end@additional=\dimen269
\pgf@shorten@start@additional=\dimen270
)
(/usr/local/texlive/2026/texmf-dist/tex/generic/pgf/basiclayer/pgfcorescopes.co
de.tex
File: pgfcorescopes.code.tex 2025-08-29 v3.1.11a (3.1.11a)
\pgfpic=\box104
\pgf@hbox=\box105
\pgf@layerbox@main=\box106
\pgf@picture@serial@count=\count319
)
(/usr/local/texlive/2026/texmf-dist/tex/generic/pgf/basiclayer/pgfcoregraphicst
ate.code.tex
File: pgfcoregraphicstate.code.tex 2025-08-29 v3.1.11a (3.1.11a)
\pgflinewidth=\dimen271
)
(/usr/local/texlive/2026/texmf-dist/tex/generic/pgf/basiclayer/pgfcoretransform
ations.code.tex
File: pgfcoretransformations.code.tex 2025-08-29 v3.1.11a (3.1.11a)
\pgf@pt@x=\dimen272
\pgf@pt@y=\dimen273
\pgf@pt@temp=\dimen274
)
(/usr/local/texlive/2026/texmf-dist/tex/generic/pgf/basiclayer/pgfcorequick.cod
e.tex
File: pgfcorequick.code.tex 2025-08-29 v3.1.11a (3.1.11a)
)
(/usr/local/texlive/2026/texmf-dist/tex/generic/pgf/basiclayer/pgfcoreobjects.c
ode.tex
File: pgfcoreobjects.code.tex 2025-08-29 v3.1.11a (3.1.11a)
)
(/usr/local/texlive/2026/texmf-dist/tex/generic/pgf/basiclayer/pgfcorepathproce
ssing.code.tex
File: pgfcorepathprocessing.code.tex 2025-08-29 v3.1.11a (3.1.11a)
)
(/usr/local/texlive/2026/texmf-dist/tex/generic/pgf/basiclayer/pgfcorearrows.co
de.tex
File: pgfcorearrows.code.tex 2025-08-29 v3.1.11a (3.1.11a)
\pgfarrowsep=\dimen275
)
(/usr/local/texlive/2026/texmf-dist/tex/generic/pgf/basiclayer/pgfcoreshade.cod
e.tex
File: pgfcoreshade.code.tex 2025-08-29 v3.1.11a (3.1.11a)
\pgf@max=\dimen276
\pgf@sys@shading@range@num=\count320
\pgf@shadingcount=\count321
)
(/usr/local/texlive/2026/texmf-dist/tex/generic/pgf/basiclayer/pgfcoreimage.cod
e.tex
File: pgfcoreimage.code.tex 2025-08-29 v3.1.11a (3.1.11a)
)
(/usr/local/texlive/2026/texmf-dist/tex/generic/pgf/basiclayer/pgfcoreexternal.
code.tex
File: pgfcoreexternal.code.tex 2025-08-29 v3.1.11a (3.1.11a)
\pgfexternal@startupbox=\box107
)
(/usr/local/texlive/2026/texmf-dist/tex/generic/pgf/basiclayer/pgfcorelayers.co
de.tex
File: pgfcorelayers.code.tex 2025-08-29 v3.1.11a (3.1.11a)
)
(/usr/local/texlive/2026/texmf-dist/tex/generic/pgf/basiclayer/pgfcoretranspare
ncy.code.tex
File: pgfcoretransparency.code.tex 2025-08-29 v3.1.11a (3.1.11a)
)
(/usr/local/texlive/2026/texmf-dist/tex/generic/pgf/basiclayer/pgfcorepatterns.
code.tex
File: pgfcorepatterns.code.tex 2025-08-29 v3.1.11a (3.1.11a)
)
(/usr/local/texlive/2026/texmf-dist/tex/generic/pgf/basiclayer/pgfcorerdf.code.
tex
File: pgfcorerdf.code.tex 2025-08-29 v3.1.11a (3.1.11a)
)))
(/usr/local/texlive/2026/texmf-dist/tex/generic/pgf/modules/pgfmoduleshapes.cod
e.tex
File: pgfmoduleshapes.code.tex 2025-08-29 v3.1.11a (3.1.11a)
\pgfnodeparttextbox=\box108
)
(/usr/local/texlive/2026/texmf-dist/tex/generic/pgf/modules/pgfmoduleplot.code.
tex
File: pgfmoduleplot.code.tex 2025-08-29 v3.1.11a (3.1.11a)
)
(/usr/local/texlive/2026/texmf-dist/tex/latex/pgf/compatibility/pgfcomp-version
-0-65.sty
Package: pgfcomp-version-0-65 2025-08-29 v3.1.11a (3.1.11a)
\pgf@nodesepstart=\dimen277
\pgf@nodesepend=\dimen278
)
(/usr/local/texlive/2026/texmf-dist/tex/latex/pgf/compatibility/pgfcomp-version
-1-18.sty
Package: pgfcomp-version-1-18 2025-08-29 v3.1.11a (3.1.11a)
))
(/usr/local/texlive/2026/texmf-dist/tex/latex/pgf/utilities/pgffor.sty
(/usr/local/texlive/2026/texmf-dist/tex/latex/pgf/utilities/pgfkeys.sty
(/usr/local/texlive/2026/texmf-dist/tex/generic/pgf/utilities/pgfkeys.code.tex)
) (/usr/local/texlive/2026/texmf-dist/tex/latex/pgf/math/pgfmath.sty
(/usr/local/texlive/2026/texmf-dist/tex/generic/pgf/math/pgfmath.code.tex))
(/usr/local/texlive/2026/texmf-dist/tex/generic/pgf/utilities/pgffor.code.tex
Package: pgffor 2025-08-29 v3.1.11a (3.1.11a)
\pgffor@iter=\dimen279
\pgffor@skip=\dimen280
\pgffor@stack=\toks32
\pgffor@toks=\toks33
))
(/usr/local/texlive/2026/texmf-dist/tex/generic/pgf/frontendlayer/tikz/tikz.cod
e.tex
Package: tikz 2025-08-29 v3.1.11a (3.1.11a)

(/usr/local/texlive/2026/texmf-dist/tex/generic/pgf/libraries/pgflibraryplothan
dlers.code.tex
File: pgflibraryplothandlers.code.tex 2025-08-29 v3.1.11a (3.1.11a)
\pgf@plot@mark@count=\count322
\pgfplotmarksize=\dimen281
)
\tikz@lastx=\dimen282
\tikz@lasty=\dimen283
\tikz@lastxsaved=\dimen284
\tikz@lastysaved=\dimen285
\tikz@lastmovetox=\dimen286
\tikz@lastmovetoy=\dimen287
\tikzleveldistance=\dimen288
\tikzsiblingdistance=\dimen289
\tikz@figbox=\box109
\tikz@figbox@bg=\box110
\tikz@tempbox=\box111
\tikz@tempbox@bg=\box112
\tikztreelevel=\count323
\tikznumberofchildren=\count324
\tikznumberofcurrentchild=\count325
\tikz@fig@count=\count326

(/usr/local/texlive/2026/texmf-dist/tex/generic/pgf/modules/pgfmodulematrix.cod
e.tex
File: pgfmodulematrix.code.tex 2025-08-29 v3.1.11a (3.1.11a)
\pgfmatrixcurrentrow=\count327
\pgfmatrixcurrentcolumn=\count328
\pgf@matrix@numberofcolumns=\count329
)
\tikz@expandcount=\count330

(/usr/local/texlive/2026/texmf-dist/tex/generic/pgf/frontendlayer/tikz/librarie
s/tikzlibrarytopaths.code.tex
File: tikzlibrarytopaths.code.tex 2025-08-29 v3.1.11a (3.1.11a)
)))
(/usr/local/texlive/2026/texmf-dist/tex/latex/anyfontsize/anyfontsize.sty
Package: anyfontsize 2007/11/22 anyfontsize.sty by pts
)
(/usr/local/texlive/2026/texmf-dist/tex/latex/psnfss/times.sty
Package: times 2020/03/25 PSNFSS-v9.3 (SPQR) 
)
(/usr/local/texlive/2026/texmf-dist/tex/latex/pdfpages/pdfpages.sty
Package: pdfpages 2025/07/23 v0.6g Insert pages of external PDF documents (AM)

(/usr/local/texlive/2026/texmf-dist/tex/latex/base/ifthen.sty
Package: ifthen 2024/03/16 v1.1e Standard LaTeX ifthen package (DPC)
)
(/usr/local/texlive/2026/texmf-dist/tex/latex/tools/calc.sty
Package: calc 2025/03/01 v4.3b Infix arithmetic (KKT,FJ)
\calc@Acount=\count331
\calc@Bcount=\count332
\calc@Adimen=\dimen290
\calc@Bdimen=\dimen291
\calc@Askip=\skip53
\calc@Bskip=\skip54
LaTeX Info: Redefining \setlength on input line 86.
LaTeX Info: Redefining \addtolength on input line 87.
\calc@Ccount=\count333
\calc@Cskip=\skip55
)
(/usr/local/texlive/2026/texmf-dist/tex/latex/eso-pic/eso-pic.sty
Package: eso-pic 2025/12/10 v3.0d eso-pic (RN)
\ESO@tempdima=\dimen292
\ESO@tempdimb=\dimen293
)
(/usr/local/texlive/2026/texmf-dist/tex/latex/etoolbox/etoolbox.sty
Package: etoolbox 2025/10/02 v2.5m e-TeX tools for LaTeX (JAW)
\etb@tempcnta=\count334
)
\AM@pagewidth=\dimen294
\AM@pageheight=\dimen295
\AM@fboxrule=\dimen296

(/usr/local/texlive/2026/texmf-dist/tex/latex/pdfpages/pppdftex.def
File: pppdftex.def 2025/07/23 v0.6g Pdfpages driver for pdfTeX (AM)
)
\pdfpages@includegraphics@status=\count335
\AM@pagebox=\box113
\AM@global@opts=\toks34
\AM@pagecnt=\count336
\AM@toc@title=\toks35
\AM@lof@heading=\toks36
\c@AM@survey=\count337
\AM@templatesizebox=\box114
)
(/usr/local/texlive/2026/texmf-dist/tex/latex/csquotes/csquotes.sty
Package: csquotes 2024-04-04 v5.2o context-sensitive quotations (JAW)
\csq@reset=\count338
\csq@gtype=\count339
\csq@glevel=\count340
\csq@qlevel=\count341
\csq@maxlvl=\count342
\csq@tshold=\count343
\csq@ltx@everypar=\toks37

(/usr/local/texlive/2026/texmf-dist/tex/latex/csquotes/csquotes.def
File: csquotes.def 2024-04-04 v5.2o csquotes generic definitions (JAW)
)
Package csquotes Info: Trying to load configuration file 'csquotes.cfg'...
Package csquotes Info: ... configuration file loaded successfully.

(/usr/local/texlive/2026/texmf-dist/tex/latex/csquotes/csquotes.cfg
File: csquotes.cfg 
))
(/usr/local/texlive/2026/texmf-dist/tex/latex/biblatex/biblatex.sty
Package: biblatex 2025/07/10 v3.21 programmable bibliographies (PK/MW)

(/usr/local/texlive/2026/texmf-dist/tex/latex/kvoptions/kvoptions.sty
Package: kvoptions 2022-06-15 v3.15 Key value format for package options (HO)

(/usr/local/texlive/2026/texmf-dist/tex/latex/kvsetkeys/kvsetkeys.sty
Package: kvsetkeys 2022-10-05 v1.19 Key value parser (HO)
))
(/usr/local/texlive/2026/texmf-dist/tex/latex/logreq/logreq.sty
Package: logreq 2010/08/04 v1.0 xml request logger
\lrq@indent=\count344

(/usr/local/texlive/2026/texmf-dist/tex/latex/logreq/logreq.def
File: logreq.def 2010/08/04 v1.0 logreq spec v1.0
))
(/usr/local/texlive/2026/texmf-dist/tex/latex/url/url.sty
\Urlmuskip=\muskip17
Package: url 2013/09/16  ver 3.4  Verb mode for urls, etc.
)
\c@tabx@nest=\count345
\c@listtotal=\count346
\c@listcount=\count347
\c@liststart=\count348
\c@liststop=\count349
\c@citecount=\count350
\c@citetotal=\count351
\c@multicitecount=\count352
\c@multicitetotal=\count353
\c@instcount=\count354
\c@maxnames=\count355
\c@minnames=\count356
\c@maxitems=\count357
\c@minitems=\count358
\c@citecounter=\count359
\c@maxcitecounter=\count360
\c@savedcitecounter=\count361
\c@uniquelist=\count362
\c@uniquename=\count363
\c@refsection=\count364
\c@refsegment=\count365
\c@maxextratitle=\count366
\c@maxextratitleyear=\count367
\c@maxextraname=\count368
\c@maxextradate=\count369
\c@maxextraalpha=\count370
\c@abbrvpenalty=\count371
\c@highnamepenalty=\count372
\c@lownamepenalty=\count373
\c@maxparens=\count374
\c@parenlevel=\count375
\blx@tempcnta=\count376
\blx@tempcntb=\count377
\blx@tempcntc=\count378
\c@blx@maxsection=\count379
\blx@maxsegment@0=\count380
\blx@notetype=\count381
\blx@parenlevel@text=\count382
\blx@parenlevel@foot=\count383
\blx@sectionciteorder@0=\count384
\blx@sectionciteorderinternal@0=\count385
\blx@entrysetcounter=\count386
\blx@biblioinstance=\count387
\labelnumberwidth=\skip56
\labelalphawidth=\skip57
\biblabelsep=\skip58
\bibitemsep=\skip59
\bibnamesep=\skip60
\bibinitsep=\skip61
\bibparsep=\skip62
\bibhang=\skip63
\blx@bcfin=\read4
\blx@bcfout=\write4
\blx@langwohyphens=\language92
\c@mincomprange=\count388
\c@maxcomprange=\count389
\c@mincompwidth=\count390
Package biblatex Info: Trying to load biblatex default data model...
Package biblatex Info: ... file 'blx-dm.def' found.

(/usr/local/texlive/2026/texmf-dist/tex/latex/biblatex/blx-dm.def
File: blx-dm.def 2025/07/10 v3.21 biblatex datamodel (PK/MW)
)
Package biblatex Info: Trying to load biblatex style data model...
Package biblatex Info: ... file 'chem-acs.dbx' not found.
Package biblatex Info: Trying to load biblatex custom data model...
Package biblatex Info: ... file 'biblatex-dm.cfg' not found.
\c@afterword=\count391
\c@savedafterword=\count392
\c@annotator=\count393
\c@savedannotator=\count394
\c@author=\count395
\c@savedauthor=\count396
\c@bookauthor=\count397
\c@savedbookauthor=\count398
\c@commentator=\count399
\c@savedcommentator=\count400
\c@editor=\count401
\c@savededitor=\count402
\c@editora=\count403
\c@savededitora=\count404
\c@editorb=\count405
\c@savededitorb=\count406
\c@editorc=\count407
\c@savededitorc=\count408
\c@foreword=\count409
\c@savedforeword=\count410
\c@holder=\count411
\c@savedholder=\count412
\c@introduction=\count413
\c@savedintroduction=\count414
\c@namea=\count415
\c@savednamea=\count416
\c@nameb=\count417
\c@savednameb=\count418
\c@namec=\count419
\c@savednamec=\count420
\c@translator=\count421
\c@savedtranslator=\count422
\c@shortauthor=\count423
\c@savedshortauthor=\count424
\c@shorteditor=\count425
\c@savedshorteditor=\count426
\c@labelname=\count427
\c@savedlabelname=\count428
\c@institution=\count429
\c@savedinstitution=\count430
\c@lista=\count431
\c@savedlista=\count432
\c@listb=\count433
\c@savedlistb=\count434
\c@listc=\count435
\c@savedlistc=\count436
\c@listd=\count437
\c@savedlistd=\count438
\c@liste=\count439
\c@savedliste=\count440
\c@listf=\count441
\c@savedlistf=\count442
\c@location=\count443
\c@savedlocation=\count444
\c@organization=\count445
\c@savedorganization=\count446
\c@origlocation=\count447
\c@savedoriglocation=\count448
\c@origpublisher=\count449
\c@savedorigpublisher=\count450
\c@publisher=\count451
\c@savedpublisher=\count452
\c@language=\count453
\c@savedlanguage=\count454
\c@origlanguage=\count455
\c@savedoriglanguage=\count456
\c@pageref=\count457
\c@savedpageref=\count458
\shorthandwidth=\skip64
\shortjournalwidth=\skip65
\shortserieswidth=\skip66
\shorttitlewidth=\skip67
\shortauthorwidth=\skip68
\shorteditorwidth=\skip69
\locallabelnumberwidth=\skip70
\locallabelalphawidth=\skip71
\localshorthandwidth=\skip72
\localshortjournalwidth=\skip73
\localshortserieswidth=\skip74
\localshorttitlewidth=\skip75
\localshortauthorwidth=\skip76
\localshorteditorwidth=\skip77
Package biblatex Info: Trying to load compatibility code...
Package biblatex Info: ... file 'blx-compat.def' found.

(/usr/local/texlive/2026/texmf-dist/tex/latex/biblatex/blx-compat.def
File: blx-compat.def 2025/07/10 v3.21 biblatex compatibility (PK/MW)
)
Package biblatex Info: Trying to load generic definitions...
Package biblatex Info: ... file 'biblatex.def' found.

(/usr/local/texlive/2026/texmf-dist/tex/latex/biblatex/biblatex.def
File: biblatex.def 2025/07/10 v3.21 biblatex compatibility (PK/MW)
\c@textcitecount=\count459
\c@textcitetotal=\count460
\c@textcitemaxnames=\count461
\c@biburlbigbreakpenalty=\count462
\c@biburlbreakpenalty=\count463
\c@biburlnumpenalty=\count464
\c@biburlucpenalty=\count465
\c@biburllcpenalty=\count466
\biburlbigskip=\muskip18
\biburlnumskip=\muskip19
\biburlucskip=\muskip20
\biburllcskip=\muskip21
\c@smartand=\count467
)
Package biblatex Info: Trying to load bibliography style 'chem-acs'...
Package biblatex Info: ... file 'chem-acs.bbx' found.

(/usr/local/texlive/2026/texmf-dist/tex/latex/biblatex-chem/chem-acs.bbx
File: chem-acs.bbx 2025-09-05 v1.2a biblatex bibliography style
Package biblatex Info: Trying to load bibliography style 'numeric-comp'...
Package biblatex Info: ... file 'numeric-comp.bbx' found.

(/usr/local/texlive/2026/texmf-dist/tex/latex/biblatex/bbx/numeric-comp.bbx
File: numeric-comp.bbx 2025/07/10 v3.21 biblatex bibliography style (PK/MW)
Package biblatex Info: Trying to load bibliography style 'numeric'...
Package biblatex Info: ... file 'numeric.bbx' found.

(/usr/local/texlive/2026/texmf-dist/tex/latex/biblatex/bbx/numeric.bbx
File: numeric.bbx 2025/07/10 v3.21 biblatex bibliography style (PK/MW)
Package biblatex Info: Trying to load bibliography style 'standard'...
Package biblatex Info: ... file 'standard.bbx' found.

(/usr/local/texlive/2026/texmf-dist/tex/latex/biblatex/bbx/standard.bbx
File: standard.bbx 2025/07/10 v3.21 biblatex bibliography style (PK/MW)
\c@bbx:relatedcount=\count468
\c@bbx:relatedtotal=\count469
))))
Package biblatex Info: Trying to load citation style 'chem-acs'...
Package biblatex Info: ... file 'chem-acs.cbx' found.

(/usr/local/texlive/2026/texmf-dist/tex/latex/biblatex-chem/chem-acs.cbx
File: chem-acs.cbx 2025-09-05 v1.2a biblatex citation style
Package biblatex Info: Trying to load citation style 'numeric-comp'...
Package biblatex Info: ... file 'numeric-comp.cbx' found.

(/usr/local/texlive/2026/texmf-dist/tex/latex/biblatex/cbx/numeric-comp.cbx
File: numeric-comp.cbx 2025/07/10 v3.21 biblatex citation style (PK/MW)
\c@cbx@tempcnta=\count470
\c@cbx@tempcntb=\count471
\c@cbx@tempcntc=\count472
\c@cbx@tempcntd=\count473
Package biblatex Info: Redefining '\cite'.
Package biblatex Info: Redefining '\parencite'.
Package biblatex Info: Redefining '\footcite'.
Package biblatex Info: Redefining '\footcitetext'.
Package biblatex Info: Redefining '\smartcite'.
Package biblatex Info: Redefining '\supercite'.
Package biblatex Info: Redefining '\textcite'.
Package biblatex Info: Redefining '\textcites'.
Package biblatex Info: Redefining '\cites'.
Package biblatex Info: Redefining '\parencites'.
Package biblatex Info: Redefining '\smartcites'.
))
Package biblatex Info: Trying to load configuration file...
Package biblatex Info: ... file 'biblatex.cfg' found.

(/usr/local/texlive/2026/texmf-dist/tex/latex/biblatex/biblatex.cfg
File: biblatex.cfg 
)
Package biblatex Info: Input encoding 'utf8' detected.
Package biblatex Info: Document encoding is UTF8 ....
Package biblatex Info: ... and expl3
(biblatex)             2026-01-19 L3 programming layer (loader) 
(biblatex)             is new enough (at least 2020/04/06),
(biblatex)             setting 'casechanger=expl3'.

(/usr/local/texlive/2026/texmf-dist/tex/latex/biblatex/blx-case-expl3.sty
(/usr/local/texlive/2026/texmf-dist/tex/latex/l3packages/xparse/xparse.sty
Package: xparse 2025-10-09 L3 Experimental document command parser
)
Package: blx-case-expl3 2025/07/10 v3.21 expl3 case changing code for biblatex
))
(/usr/local/texlive/2026/texmf-dist/tex/latex/fancyhdr/fancyhdr.sty
Package: fancyhdr 2025/02/07 v5.2 Extensive control of page headers and footers

\f@nch@headwidth=\skip78
\f@nch@offset@elh=\skip79
\f@nch@offset@erh=\skip80
\f@nch@offset@olh=\skip81
\f@nch@offset@orh=\skip82
\f@nch@offset@elf=\skip83
\f@nch@offset@erf=\skip84
\f@nch@offset@olf=\skip85
\f@nch@offset@orf=\skip86
\f@nch@height=\skip87
\f@nch@footalignment=\skip88
\f@nch@widthL=\skip89
\f@nch@widthC=\skip90
\f@nch@widthR=\skip91
\@temptokenb=\toks38
)
(/usr/local/texlive/2026/texmf-dist/tex/latex/titlesec/titlesec.sty
Package: titlesec 2025/01/04 v2.17 Sectioning titles
\ttl@box=\box115
\beforetitleunit=\skip92
\aftertitleunit=\skip93
\ttl@plus=\dimen297
\ttl@minus=\dimen298
\ttl@toksa=\toks39
\titlewidth=\dimen299
\titlewidthlast=\dimen300
\titlewidthfirst=\dimen301
)
(/usr/local/texlive/2026/texmf-dist/tex/latex/tocloft/tocloft.sty
Package: tocloft 2017/08/31 v2.3i parameterised ToC, etc., typesetting
Package tocloft Info: The document has chapter divisions on input line 51.
\cftparskip=\skip94
\cftbeforetoctitleskip=\skip95
\cftaftertoctitleskip=\skip96
\cftbeforepartskip=\skip97
\cftpartnumwidth=\skip98
\cftpartindent=\skip99
\cftbeforechapskip=\skip100
\cftchapindent=\skip101
\cftchapnumwidth=\skip102
\cftbeforesecskip=\skip103
\cftsecindent=\skip104
\cftsecnumwidth=\skip105
\cftbeforesubsecskip=\skip106
\cftsubsecindent=\skip107
\cftsubsecnumwidth=\skip108
\cftbeforesubsubsecskip=\skip109
\cftsubsubsecindent=\skip110
\cftsubsubsecnumwidth=\skip111
\cftbeforeparaskip=\skip112
\cftparaindent=\skip113
\cftparanumwidth=\skip114
\cftbeforesubparaskip=\skip115
\cftsubparaindent=\skip116
\cftsubparanumwidth=\skip117
\cftbeforeloftitleskip=\skip118
\cftafterloftitleskip=\skip119
\cftbeforefigskip=\skip120
\cftfigindent=\skip121
\cftfignumwidth=\skip122
\c@lofdepth=\count474
\c@lotdepth=\count475
\cftbeforelottitleskip=\skip123
\cftafterlottitleskip=\skip124
\cftbeforetabskip=\skip125
\cfttabindent=\skip126
\cfttabnumwidth=\skip127
)
(/usr/local/texlive/2026/texmf-dist/tex/latex/quantikz/quantikz.sty
Package: quantikz 2023/05/24 typeset quantum circuit diagrams

(/usr/local/texlive/2026/texmf-dist/tex/latex/quantikz/tikzlibraryquantikz2.cod
e.tex (/usr/local/texlive/2026/texmf-dist/tex/latex/xargs/xargs.sty
Package: xargs 2008/03/22 v1.1  extended macro definitions  (mpg)

(/usr/local/texlive/2026/texmf-dist/tex/latex/xkeyval/xkeyval.sty
Package: xkeyval 2025/11/04 v2.10 package option processing (HA)

(/usr/local/texlive/2026/texmf-dist/tex/generic/xkeyval/xkeyval.tex
(/usr/local/texlive/2026/texmf-dist/tex/generic/xkeyval/xkvutils.tex
\XKV@toks=\toks40
\XKV@tempa@toks=\toks41
\XKV@tempb@toks=\toks42
)
\XKV@depth=\count476
File: xkeyval.tex 2014/12/03 v2.7a key=value parser (HA)
))
\xargs@max=\count477
\xargs@toksa=\toks43
\xargs@toksb=\toks44
)
(/usr/local/texlive/2026/texmf-dist/tex/generic/xstring/xstring.sty
(/usr/local/texlive/2026/texmf-dist/tex/generic/xstring/xstring.tex
\xs_counta=\count478
\xs_countb=\count479
)
Package: xstring 2023/08/22 v1.86 String manipulations (CT)
)
(/usr/local/texlive/2026/texmf-dist/tex/latex/mathtools/mathtools.sty
Package: mathtools 2024/10/04 v1.31 mathematical typesetting tools

(/usr/local/texlive/2026/texmf-dist/tex/latex/mathtools/mhsetup.sty
Package: mhsetup 2021/03/18 v1.4 programming setup (MH)
)
(/usr/local/texlive/2026/texmf-dist/tex/latex/amsmath/amsmath.sty
Package: amsmath 2025/07/09 v2.17z AMS math features
\@mathmargin=\skip128

For additional information on amsmath, use the `?' option.
(/usr/local/texlive/2026/texmf-dist/tex/latex/amsmath/amstext.sty
Package: amstext 2024/11/17 v2.01 AMS text

(/usr/local/texlive/2026/texmf-dist/tex/latex/amsmath/amsgen.sty
File: amsgen.sty 1999/11/30 v2.0 generic functions
\@emptytoks=\toks45
\ex@=\dimen302
))
(/usr/local/texlive/2026/texmf-dist/tex/latex/amsmath/amsbsy.sty
Package: amsbsy 1999/11/29 v1.2d Bold Symbols
\pmbraise@=\dimen303
)
(/usr/local/texlive/2026/texmf-dist/tex/latex/amsmath/amsopn.sty
Package: amsopn 2022/04/08 v2.04 operator names
)
\inf@bad=\count480
LaTeX Info: Redefining \frac on input line 233.
\uproot@=\count481
\leftroot@=\count482
LaTeX Info: Redefining \overline on input line 398.
LaTeX Info: Redefining \colon on input line 409.
\classnum@=\count483
\DOTSCASE@=\count484
LaTeX Info: Redefining \ldots on input line 495.
LaTeX Info: Redefining \dots on input line 498.
LaTeX Info: Redefining \cdots on input line 619.
\Mathstrutbox@=\box116
\strutbox@=\box117
LaTeX Info: Redefining \big on input line 721.
LaTeX Info: Redefining \Big on input line 722.
LaTeX Info: Redefining \bigg on input line 723.
LaTeX Info: Redefining \Bigg on input line 724.
\big@size=\dimen304
LaTeX Font Info:    Redeclaring font encoding OML on input line 742.
LaTeX Font Info:    Redeclaring font encoding OMS on input line 743.
\macc@depth=\count485
LaTeX Info: Redefining \bmod on input line 904.
LaTeX Info: Redefining \pmod on input line 909.
LaTeX Info: Redefining \smash on input line 939.
LaTeX Info: Redefining \relbar on input line 969.
LaTeX Info: Redefining \Relbar on input line 970.
\c@MaxMatrixCols=\count486
\dotsspace@=\muskip22
\c@parentequation=\count487
\dspbrk@lvl=\count488
\tag@help=\toks46
\row@=\count489
\column@=\count490
\maxfields@=\count491
\andhelp@=\toks47
\eqnshift@=\dimen305
\alignsep@=\dimen306
\tagshift@=\dimen307
\tagwidth@=\dimen308
\totwidth@=\dimen309
\lineht@=\dimen310
\@envbody=\toks48
\multlinegap=\skip129
\multlinetaggap=\skip130
\mathdisplay@stack=\toks49
LaTeX Info: Redefining \[ on input line 2950.
LaTeX Info: Redefining \] on input line 2951.
)
\g_MT_multlinerow_int=\count492
\l_MT_multwidth_dim=\dimen311
\origjot=\skip131
\l_MT_shortvdotswithinadjustabove_dim=\dimen312
\l_MT_shortvdotswithinadjustbelow_dim=\dimen313
\l_MT_above_intertext_sep=\dimen314
\l_MT_below_intertext_sep=\dimen315
\l_MT_above_shortintertext_sep=\dimen316
\l_MT_below_shortintertext_sep=\dimen317
\xmathstrut@box=\box118
\xmathstrut@dim=\dimen318
)
(/usr/local/texlive/2026/texmf-dist/tex/latex/environ/environ.sty
Package: environ 2014/05/04 v0.3 A new way to define environments
)
(/usr/local/texlive/2026/texmf-dist/tex/generic/tikz-cd/tikzlibrarycd.code.tex
(/usr/local/texlive/2026/texmf-dist/tex/generic/pgf/frontendlayer/tikz/librarie
s/tikzlibrarymatrix.code.tex
File: tikzlibrarymatrix.code.tex 2025-08-29 v3.1.11a (3.1.11a)
)
(/usr/local/texlive/2026/texmf-dist/tex/generic/pgf/frontendlayer/tikz/librarie
s/tikzlibraryquotes.code.tex
File: tikzlibraryquotes.code.tex 2025-08-29 v3.1.11a (3.1.11a)
)
(/usr/local/texlive/2026/texmf-dist/tex/generic/pgf/libraries/pgflibraryarrows.
meta.code.tex
File: pgflibraryarrows.meta.code.tex 2025-08-29 v3.1.11a (3.1.11a)
\pgfarrowinset=\dimen319
\pgfarrowlength=\dimen320
\pgfarrowwidth=\dimen321
\pgfarrowlinewidth=\dimen322
))
(/usr/local/texlive/2026/texmf-dist/tex/generic/pgf/frontendlayer/tikz/librarie
s/tikzlibrarydecorations.pathreplacing.code.tex
(/usr/local/texlive/2026/texmf-dist/tex/generic/pgf/frontendlayer/tikz/librarie
s/tikzlibrarydecorations.code.tex
(/usr/local/texlive/2026/texmf-dist/tex/generic/pgf/modules/pgfmoduledecoration
s.code.tex
\pgfdecoratedcompleteddistance=\dimen323
\pgfdecoratedremainingdistance=\dimen324
\pgfdecoratedinputsegmentcompleteddistance=\dimen325
\pgfdecoratedinputsegmentremainingdistance=\dimen326
\pgf@decorate@distancetomove=\dimen327
\pgf@decorate@repeatstate=\count493
\pgfdecorationsegmentamplitude=\dimen328
\pgfdecorationsegmentlength=\dimen329
)
\tikz@lib@dec@box=\box119
)
(/usr/local/texlive/2026/texmf-dist/tex/generic/pgf/libraries/decorations/pgfli
brarydecorations.pathreplacing.code.tex))
(/usr/local/texlive/2026/texmf-dist/tex/generic/pgf/frontendlayer/tikz/librarie
s/tikzlibrarycalc.code.tex
File: tikzlibrarycalc.code.tex 2025-08-29 v3.1.11a (3.1.11a)
)
(/usr/local/texlive/2026/texmf-dist/tex/generic/pgf/frontendlayer/tikz/librarie
s/tikzlibrarypositioning.code.tex
File: tikzlibrarypositioning.code.tex 2025-08-29 v3.1.11a (3.1.11a)
)
(/usr/local/texlive/2026/texmf-dist/tex/generic/pgf/frontendlayer/tikz/librarie
s/tikzlibraryfit.code.tex
File: tikzlibraryfit.code.tex 2025-08-29 v3.1.11a (3.1.11a)
)
(/usr/local/texlive/2026/texmf-dist/tex/generic/pgf/frontendlayer/tikz/librarie
s/tikzlibraryshapes.symbols.code.tex
File: tikzlibraryshapes.symbols.code.tex 2025-08-29 v3.1.11a (3.1.11a)

(/usr/local/texlive/2026/texmf-dist/tex/generic/pgf/libraries/shapes/pgflibrary
shapes.symbols.code.tex
File: pgflibraryshapes.symbols.code.tex 2025-08-29 v3.1.11a (3.1.11a)
))
(/usr/local/texlive/2026/texmf-dist/tex/generic/pgf/frontendlayer/tikz/librarie
s/tikzlibrarydecorations.pathmorphing.code.tex
(/usr/local/texlive/2026/texmf-dist/tex/generic/pgf/libraries/decorations/pgfli
brarydecorations.pathmorphing.code.tex))
(/usr/local/texlive/2026/texmf-dist/tex/generic/pgf/frontendlayer/tikz/librarie
s/tikzlibraryshapes.misc.code.tex
File: tikzlibraryshapes.misc.code.tex 2025-08-29 v3.1.11a (3.1.11a)

(/usr/local/texlive/2026/texmf-dist/tex/generic/pgf/libraries/shapes/pgflibrary
shapes.misc.code.tex
File: pgflibraryshapes.misc.code.tex 2025-08-29 v3.1.11a (3.1.11a)
))
(/usr/local/texlive/2026/texmf-dist/tex/generic/pgf/frontendlayer/tikz/librarie
s/tikzlibrarydecorations.markings.code.tex
(/usr/local/texlive/2026/texmf-dist/tex/generic/pgf/libraries/decorations/pgfli
brarydecorations.markings.code.tex))
(/usr/local/texlive/2026/texmf-dist/tex/generic/pgf/frontendlayer/tikz/librarie
s/tikzlibrarymath.code.tex
(/usr/local/texlive/2026/texmf-dist/tex/generic/pgf/frontendlayer/tikz/librarie
s/tikzlibraryfpu.code.tex
(/usr/local/texlive/2026/texmf-dist/tex/generic/pgf/libraries/pgflibraryfpu.cod
e.tex))
\tikz@math@for@depth=\count494
\tikz@math@dimen=\dimen330
\tikz@math@toks=\toks50
)
\pgf@layerbox@background=\box120
\pgf@layerboxsaved@background=\box121
\pgf@layerbox@quantback=\box122
\pgf@layerboxsaved@quantback=\box123
\c@dummy=\count495
\myl=\skip132
\myh=\skip133
\myd=\skip134
\c@aaa=\count496
\c@wirenumberpermute=\count497
)) (/usr/local/texlive/2026/texmf-dist/tex/latex/float/float.sty
Package: float 2001/11/08 v1.3d Float enhancements (AL)
\c@float@type=\count498
\float@exts=\toks51
\float@box=\box124
\@float@everytoks=\toks52
\@floatcapt=\box125
)
(/usr/local/texlive/2026/texmf-dist/tex/latex/placeins/placeins.sty
Package: placeins 2005/04/18  v 2.2
)
(/usr/local/texlive/2026/texmf-dist/tex/latex/enumitem/enumitem.sty
Package: enumitem 2025/02/06 v3.11 Customized lists
\labelindent=\skip135
\enit@outerparindent=\dimen331
\enit@toks=\toks53
\enit@inbox=\box126
\enit@count@id=\count499
\enitdp@description=\count500
)
(/usr/local/texlive/2026/texmf-dist/tex/latex/microtype/microtype.sty
Package: microtype 2026/03/01 v3.2d Micro-typographical refinements (RS)
\MT@toks=\toks54
\MT@tempbox=\box127
\MT@count=\count501
LaTeX Info: Redefining \noprotrusionifhmode on input line 1084.
LaTeX Info: Redefining \leftprotrusion on input line 1085.
\MT@prot@toks=\toks55
LaTeX Info: Redefining \rightprotrusion on input line 1104.
LaTeX Info: Redefining \textls on input line 1449.
\MT@outer@kern=\dimen332
LaTeX Info: Redefining \microtypecontext on input line 2053.
LaTeX Info: Redefining \textmicrotypecontext on input line 2070.
\MT@listname@count=\count502

(/usr/local/texlive/2026/texmf-dist/tex/latex/microtype/microtype-pdftex.def
File: microtype-pdftex.def 2026/03/01 v3.2d Definitions specific to pdftex (RS)

LaTeX Info: Redefining \lsstyle on input line 944.
LaTeX Info: Redefining \lslig on input line 944.
\MT@outer@space=\skip136
)
Package microtype Info: Loading configuration file microtype.cfg.

(/usr/local/texlive/2026/texmf-dist/tex/latex/microtype/microtype.cfg
File: microtype.cfg 2026/03/01 v3.2d microtype main configuration file (RS)
)
LaTeX Info: Redefining \microtypesetup on input line 3065.
)
(/usr/local/texlive/2026/texmf-dist/tex/latex/amsfonts/amssymb.sty
Package: amssymb 2013/01/14 v3.01 AMS font symbols

(/usr/local/texlive/2026/texmf-dist/tex/latex/amsfonts/amsfonts.sty
Package: amsfonts 2013/01/14 v3.01 Basic AMSFonts support
\symAMSa=\mathgroup4
\symAMSb=\mathgroup5
LaTeX Font Info:    Redeclaring math symbol \hbar on input line 98.
LaTeX Font Info:    Overwriting math alphabet `\mathfrak' in version `bold'
(Font)                  U/euf/m/n --> U/euf/b/n on input line 106.
))
(/usr/local/texlive/2026/texmf-dist/tex/latex/refcount/refcount.sty
Package: refcount 2019/12/15 v3.6 Data extraction from label references (HO)
)
(/usr/local/texlive/2026/texmf-dist/tex/latex/l3packages/xfp/xfp.sty
Package: xfp 2025-10-09 L3 Floating point unit
)
(/usr/local/texlive/2026/texmf-dist/tex/latex/hyperref/hyperref.sty
Package: hyperref 2026-01-29 v7.01p Hypertext links for LaTeX

(/usr/local/texlive/2026/texmf-dist/tex/generic/kvdefinekeys/kvdefinekeys.sty
Package: kvdefinekeys 2019-12-19 v1.6 Define keys (HO)
)
(/usr/local/texlive/2026/texmf-dist/tex/generic/pdfescape/pdfescape.sty
Package: pdfescape 2019/12/09 v1.15 Implements pdfTeX's escape features (HO)
)
(/usr/local/texlive/2026/texmf-dist/tex/latex/hycolor/hycolor.sty
Package: hycolor 2020-01-27 v1.10 Color options for hyperref/bookmark (HO)
)
(/usr/local/texlive/2026/texmf-dist/tex/latex/hyperref/nameref.sty
Package: nameref 2026-01-29 v2.58 Cross-referencing by name of section

(/usr/local/texlive/2026/texmf-dist/tex/generic/gettitlestring/gettitlestring.s
ty
Package: gettitlestring 2019/12/15 v1.6 Cleanup title references (HO)
)
\c@section@level=\count503
) (/usr/local/texlive/2026/texmf-dist/tex/generic/stringenc/stringenc.sty
Package: stringenc 2019/11/29 v1.12 Convert strings between diff. encodings (HO
)
)
\@linkdim=\dimen333
\Hy@linkcounter=\count504
\Hy@pagecounter=\count505

(/usr/local/texlive/2026/texmf-dist/tex/latex/hyperref/pd1enc.def
File: pd1enc.def 2026-01-29 v7.01p Hyperref: PDFDocEncoding definition (HO)
Now handling font encoding PD1 ...
... no UTF-8 mapping file for font encoding PD1
)
(/usr/local/texlive/2026/texmf-dist/tex/generic/intcalc/intcalc.sty
Package: intcalc 2019/12/15 v1.3 Expandable calculations with integers (HO)
)
\Hy@SavedSpaceFactor=\count506

(/usr/local/texlive/2026/texmf-dist/tex/latex/hyperref/puenc.def
File: puenc.def 2026-01-29 v7.01p Hyperref: PDF Unicode definition (HO)
Now handling font encoding PU ...
... no UTF-8 mapping file for font encoding PU
)
Package hyperref Info: Option `colorlinks' set `true' on input line 4072.
Package hyperref Info: Hyper figures OFF on input line 4201.
Package hyperref Info: Link nesting OFF on input line 4206.
Package hyperref Info: Hyper index ON on input line 4209.
Package hyperref Info: Plain pages OFF on input line 4216.
Package hyperref Info: Backreferencing OFF on input line 4221.
Package hyperref Info: Implicit mode ON; LaTeX internals redefined.
Package hyperref Info: Bookmarks ON on input line 4468.
\c@Hy@tempcnt=\count507
LaTeX Info: Redefining \url on input line 4807.
\XeTeXLinkMargin=\dimen334

(/usr/local/texlive/2026/texmf-dist/tex/generic/bitset/bitset.sty
Package: bitset 2019/12/09 v1.3 Handle bit-vector datatype (HO)

(/usr/local/texlive/2026/texmf-dist/tex/generic/bigintcalc/bigintcalc.sty
Package: bigintcalc 2019/12/15 v1.5 Expandable calculations on big integers (HO
)
))
\Fld@menulength=\count508
\Field@Width=\dimen335
\Fld@charsize=\dimen336
Package hyperref Info: Hyper figures OFF on input line 6084.
Package hyperref Info: Link nesting OFF on input line 6089.
Package hyperref Info: Hyper index ON on input line 6092.
Package hyperref Info: backreferencing OFF on input line 6099.
Package hyperref Info: Link coloring ON on input line 6102.
Package hyperref Info: Link coloring with OCG OFF on input line 6109.
Package hyperref Info: PDF/A mode OFF on input line 6114.
\Hy@abspage=\count509
\c@Item=\count510
\c@Hfootnote=\count511
)
Package hyperref Info: Driver (autodetected): hpdftex.

(/usr/local/texlive/2026/texmf-dist/tex/latex/hyperref/hpdftex.def
File: hpdftex.def 2026-01-29 v7.01p Hyperref driver for pdfTeX
\Fld@listcount=\count512
\c@bookmark@seq@number=\count513

(/usr/local/texlive/2026/texmf-dist/tex/latex/rerunfilecheck/rerunfilecheck.sty
Package: rerunfilecheck 2025-06-21 v1.11 Rerun checks for auxiliary files (HO)

(/usr/local/texlive/2026/texmf-dist/tex/generic/uniquecounter/uniquecounter.sty
Package: uniquecounter 2019/12/15 v1.4 Provide unlimited unique counter (HO)
)
Package uniquecounter Info: New unique counter `rerunfilecheck' on input line 2
84.
)
\Hy@SectionHShift=\skip137
)
Package csquotes Info: Checking for multilingual support...
Package csquotes Info: ... found 'babel' package.
Package csquotes Info: Adjusting default style.
Package csquotes Info: Redefining alias 'default' -> 'english'.
LaTeX Font Info:    Trying to load font information for T1+ptm on input line 22
6.
 (/usr/local/texlive/2026/texmf-dist/tex/latex/psnfss/t1ptm.fd
File: t1ptm.fd 2001/06/04 font definitions for T1/ptm.
) (./main.aux
(./Portada_Contraportada/Statement_of_authorship.aux)
(./General_Sections/Acknowledgements.aux)
(./General_Sections/List_of_publications.aux) (./General_Sections/Summary.aux)
(./General_Sections/Preface.aux) (./General_Sections/Introduction.aux)
(./General_Sections/Objectives.aux) (./General_Sections/Methods.aux)
(./Results_Discussion/Results.aux) (./Results_Discussion/Unpublished.aux)
(./General_Sections/GeneralDiscussion.aux) (./General_Sections/Conclusions.aux)
(./Appendix/Appendix.aux))
\openout1 = `main.aux'.

LaTeX Font Info:    Checking defaults for OML/cmm/m/it on input line 226.
LaTeX Font Info:    ... okay on input line 226.
LaTeX Font Info:    Checking defaults for OMS/cmsy/m/n on input line 226.
LaTeX Font Info:    ... okay on input line 226.
LaTeX Font Info:    Checking defaults for OT1/cmr/m/n on input line 226.
LaTeX Font Info:    ... okay on input line 226.
LaTeX Font Info:    Checking defaults for T1/cmr/m/n on input line 226.
LaTeX Font Info:    ... okay on input line 226.
LaTeX Font Info:    Checking defaults for TS1/cmr/m/n on input line 226.
LaTeX Font Info:    ... okay on input line 226.
LaTeX Font Info:    Checking defaults for OMX/cmex/m/n on input line 226.
LaTeX Font Info:    ... okay on input line 226.
LaTeX Font Info:    Checking defaults for U/cmr/m/n on input line 226.
LaTeX Font Info:    ... okay on input line 226.
LaTeX Font Info:    Checking defaults for PD1/pdf/m/n on input line 226.
LaTeX Font Info:    ... okay on input line 226.
LaTeX Font Info:    Checking defaults for PU/pdf/m/n on input line 226.
LaTeX Font Info:    ... okay on input line 226.

(/usr/local/texlive/2026/texmf-dist/tex/context/base/mkii/supp-pdf.mkii
[Loading MPS to PDF converter (version 2006.09.02).]
\scratchcounter=\count514
\scratchdimen=\dimen337
\scratchbox=\box128
\nofMPsegments=\count515
\nofMParguments=\count516
\everyMPshowfont=\toks56
\MPscratchCnt=\count517
\MPscratchDim=\dimen338
\MPnumerator=\count518
\makeMPintoPDFobject=\count519
\everyMPtoPDFconversion=\toks57
) (/usr/local/texlive/2026/texmf-dist/tex/latex/epstopdf-pkg/epstopdf-base.sty
Package: epstopdf-base 2020-01-24 v2.11 Base part for package epstopdf
Package epstopdf-base Info: Redefining graphics rule for `.eps' on input line 4
85.

(/usr/local/texlive/2026/texmf-dist/tex/latex/latexconfig/epstopdf-sys.cfg
File: epstopdf-sys.cfg 2010/07/13 v1.3 Configuration of (r)epstopdf for TeX Liv
e
))
Package caption Info: Begin \AtBeginDocument code.
Package caption Info: float package is loaded.
Package caption Info: hyperref package is loaded.
Package caption Info: End \AtBeginDocument code.

*geometry* driver: auto-detecting
*geometry* detected driver: pdftex
*geometry* verbose mode - [ preamble ] result:
* driver: pdftex
* paper: a4paper
* layout: <same size as paper>
* layoutoffset:(h,v)=(0.0pt,0.0pt)
* modes: twoside 
* h-part:(L,W,R)=(71.13188pt, 455.24411pt, 71.13188pt)
* v-part:(T,H,B)=(71.13188pt, 682.86624pt, 91.04872pt)
* \paperwidth=597.50787pt
* \paperheight=845.04684pt
* \textwidth=455.24411pt
* \textheight=682.86624pt
* \oddsidemargin=-1.1381pt
* \evensidemargin=-1.1381pt
* \topmargin=-33.0119pt
* \headheight=15.0pt
* \headsep=19.8738pt
* \topskip=12.0pt
* \footskip=55.0pt
* \marginparwidth=98.0pt
* \marginparsep=7.0pt
* \columnsep=10.0pt
* \skip\footins=10.8pt plus 4.0pt minus 2.0pt
* \hoffset=0.0pt
* \voffset=0.0pt
* \mag=1000
* \@twocolumnfalse
* \@twosidetrue
* \@mparswitchtrue
* \@reversemarginfalse
* (1in=72.27pt=25.4mm, 1cm=28.453pt)

(/usr/local/texlive/2026/texmf-dist/tex/latex/pdflscape/pdflscape.sty
Package: pdflscape 2025-06-23 v0.14 Display of landscape pages in PDF

(/usr/local/texlive/2026/texmf-dist/tex/latex/pdflscape/pdflscape-nometadata.st
y
Package: pdflscape-nometadata 2025-06-23 v0.14 Display of landscape pages in PD
F (HO)
 (/usr/local/texlive/2026/texmf-dist/tex/latex/graphics/lscape.sty
Package: lscape 2020/05/28 v3.02 Landscape Pages (DPC)
)
Package pdflscape Info: Auto-detected driver: pdftex on input line 81.
))
Package biblatex Info: Trying to load language 'english'...
Package biblatex Info: ... file 'english.lbx' found.

(/usr/local/texlive/2026/texmf-dist/tex/latex/biblatex/lbx/english.lbx
File: english.lbx 2025/07/10 v3.21 biblatex localization (PK/MW)
)
Package biblatex Info: Input encoding 'utf8' detected.
Package biblatex Info: Automatic encoding selection.
(biblatex)             Assuming data encoding 'utf8'.
\openout4 = `main.bcf'.

Package biblatex Info: Trying to load bibliographic data...
Package biblatex Info: ... file 'main.bbl' found.

(./main.bbl)
Package biblatex Info: Reference section=0 on input line 226.
Package biblatex Info: Reference segment=0 on input line 226.
LaTeX Info: Redefining \microtypecontext on input line 226.
Package microtype Info: Applying patch `item' on input line 226.
Package microtype Info: Applying patch `toc' on input line 226.
Package microtype Info: Applying patch `eqnum' on input line 226.
Package microtype Info: Applying patch `footnote' on input line 226.
Package microtype Info: Applying patch `verbatim' on input line 226.
LaTeX Info: Redefining \microtypesetup on input line 226.
Package microtype Info: Generating PDF output.
Package microtype Info: Character protrusion enabled (level 2).
Package microtype Info: Using default protrusion set `alltext'.
Package microtype Info: Automatic font expansion enabled (level 2),
(microtype)             stretch: 20, shrink: 20, step: 1, non-selected.
Package microtype Info: Using default expansion set `alltext-nott'.
Package microtype Info: Patching command `\showhyphens'.
Package microtype Info: No adjustment of tracking.
Package microtype Info: No adjustment of interword spacing.
Package microtype Info: No adjustment of character kerning.
 (/usr/local/texlive/2026/texmf-dist/tex/latex/microtype/mt-ptm.cfg
File: mt-ptm.cfg 2006/04/20 v1.7 microtype config. file: Times (RS)
)
Package hyperref Info: Link coloring ON on input line 226.
 (./main.out) (./main.out)
\@outlinefile=\write5
\openout5 = `main.out'.

<Logo_USC/logo_usc.png, id=570, 712.6625pt x 626.34pt>
File: Logo_USC/logo_usc.png Graphic file (type png)
<use Logo_USC/logo_usc.png>
Package pdftex.def Info: Logo_USC/logo_usc.png  used on input line 246.
(pdftex.def)             Requested size: 128.0374pt x 112.52606pt.
 [1


{/usr/local/texlive/2026/texmf-var/fonts/map/pdftex/updmap/pdftex.map}{/usr/loc
al/texlive/2026/texmf-dist/fonts/enc/dvips/base/8r.enc} <./Logo_USC/logo_usc.pn
g>]
<Portada_Contraportada/Portada_interna.pdf, id=578, 597.50829pt x 845.0471pt>
File: Portada_Contraportada/Portada_interna.pdf Graphic file (type pdf)
<use Portada_Contraportada/Portada_interna.pdf>
Package pdftex.def Info: Portada_Contraportada/Portada_interna.pdf  used on inp
ut line 277.
(pdftex.def)             Requested size: 597.50682pt x 845.04504pt.
<Portada_Contraportada/Portada_interna.pdf, id=580, page=1, 597.50829pt x 845.0
471pt>
File: Portada_Contraportada/Portada_interna.pdf Graphic file (type pdf)
<use Portada_Contraportada/Portada_interna.pdf, page 1>
Package pdftex.def Info: Portada_Contraportada/Portada_interna.pdf , page1 used
 on input line 277.
(pdftex.def)             Requested size: 597.50682pt x 845.04504pt.
File: Portada_Contraportada/Portada_interna.pdf Graphic file (type pdf)
<use Portada_Contraportada/Portada_interna.pdf, page 1>
Package pdftex.def Info: Portada_Contraportada/Portada_interna.pdf , page1 used
 on input line 277.
(pdftex.def)             Requested size: 597.53416pt x 845.08372pt.
File: Portada_Contraportada/Portada_interna.pdf Graphic file (type pdf)
<use Portada_Contraportada/Portada_interna.pdf, page 1>
Package pdftex.def Info: Portada_Contraportada/Portada_interna.pdf , page1 used
 on input line 277.
(pdftex.def)             Requested size: 597.53416pt x 845.08372pt.
File: Portada_Contraportada/Portada_interna.pdf Graphic file (type pdf)
<use Portada_Contraportada/Portada_interna.pdf, page 1>
Package pdftex.def Info: Portada_Contraportada/Portada_interna.pdf , page1 used
 on input line 277.
(pdftex.def)             Requested size: 597.53416pt x 845.08372pt.
File: Portada_Contraportada/Portada_interna.pdf Graphic file (type pdf)
<use Portada_Contraportada/Portada_interna.pdf, page 1>
Package pdftex.def Info: Portada_Contraportada/Portada_interna.pdf , page1 used
 on input line 277.
(pdftex.def)             Requested size: 597.53416pt x 845.08372pt.
 [2

 <./Portada_Contraportada/Portada_interna.pdf>]
\openout2 = `Portada_Contraportada/Statement_of_authorship.aux'.

 (./Portada_Contraportada/Statement_of_authorship.tex
File: Logo_USC/logo_usc.png Graphic file (type png)
<use Logo_USC/logo_usc.png>
Package pdftex.def Info: Logo_USC/logo_usc.png  used on input line 8.
(pdftex.def)             Requested size: 128.0374pt x 112.52606pt.

(/usr/local/texlive/2026/texmf-dist/tex/latex/microtype/mt-cmr.cfg
File: mt-cmr.cfg 2013/05/19 v2.2 microtype config. file: Computer Modern Roman 
(RS)
)
LaTeX Font Info:    Trying to load font information for U+msa on input line 9.

(/usr/local/texlive/2026/texmf-dist/tex/latex/amsfonts/umsa.fd
File: umsa.fd 2013/01/14 v3.01 AMS symbols A
)
(/usr/local/texlive/2026/texmf-dist/tex/latex/microtype/mt-msa.cfg
File: mt-msa.cfg 2006/02/04 v1.1 microtype config. file: AMS symbols (a) (RS)
)
LaTeX Font Info:    Trying to load font information for U+msb on input line 9.

(/usr/local/texlive/2026/texmf-dist/tex/latex/amsfonts/umsb.fd
File: umsb.fd 2013/01/14 v3.01 AMS symbols B
)
(/usr/local/texlive/2026/texmf-dist/tex/latex/microtype/mt-msb.cfg
File: mt-msb.cfg 2005/06/01 v1.0 microtype config. file: AMS symbols (b) (RS)
)) [3

]
<Portada_Contraportada/tesis-compendio-declaracion-autor_a_en.pdf, id=605, 597.
432pt x 845.07718pt>
File: Portada_Contraportada/tesis-compendio-declaracion-autor_a_en.pdf Graphic 
file (type pdf)
<use Portada_Contraportada/tesis-compendio-declaracion-autor_a_en.pdf>
Package pdftex.def Info: Portada_Contraportada/tesis-compendio-declaracion-auto
r_a_en.pdf  used on input line 282.
(pdftex.def)             Requested size: 597.43054pt x 845.07512pt.
<Portada_Contraportada/tesis-compendio-declaracion-autor_a_en.pdf, id=607, page
=1, 597.432pt x 845.07718pt>
File: Portada_Contraportada/tesis-compendio-declaracion-autor_a_en.pdf Graphic 
file (type pdf)
<use Portada_Contraportada/tesis-compendio-declaracion-autor_a_en.pdf, page 1>
Package pdftex.def Info: Portada_Contraportada/tesis-compendio-declaracion-auto
r_a_en.pdf , page1 used on input line 282.
(pdftex.def)             Requested size: 597.43054pt x 845.07512pt.
File: Portada_Contraportada/tesis-compendio-declaracion-autor_a_en.pdf Graphic 
file (type pdf)
<use Portada_Contraportada/tesis-compendio-declaracion-autor_a_en.pdf, page 1>
Package pdftex.def Info: Portada_Contraportada/tesis-compendio-declaracion-auto
r_a_en.pdf , page1 used on input line 282.
(pdftex.def)             Requested size: 597.45789pt x 845.1138pt.
File: Portada_Contraportada/tesis-compendio-declaracion-autor_a_en.pdf Graphic 
file (type pdf)
<use Portada_Contraportada/tesis-compendio-declaracion-autor_a_en.pdf, page 1>
Package pdftex.def Info: Portada_Contraportada/tesis-compendio-declaracion-auto
r_a_en.pdf , page1 used on input line 282.
(pdftex.def)             Requested size: 597.45789pt x 845.1138pt.
File: Portada_Contraportada/tesis-compendio-declaracion-autor_a_en.pdf Graphic 
file (type pdf)
<use Portada_Contraportada/tesis-compendio-declaracion-autor_a_en.pdf, page 1>
Package pdftex.def Info: Portada_Contraportada/tesis-compendio-declaracion-auto
r_a_en.pdf , page1 used on input line 282.
(pdftex.def)             Requested size: 597.45789pt x 845.1138pt.
File: Portada_Contraportada/tesis-compendio-declaracion-autor_a_en.pdf Graphic 
file (type pdf)
<use Portada_Contraportada/tesis-compendio-declaracion-autor_a_en.pdf, page 1>
Package pdftex.def Info: Portada_Contraportada/tesis-compendio-declaracion-auto
r_a_en.pdf , page1 used on input line 282.
(pdftex.def)             Requested size: 597.45789pt x 845.1138pt.

[4



 <./Portada_Contraportada/tesis-compendio-declaracion-autor_a_en.pdf>]
<Portada_Contraportada/tesis-compendio-declaracion-autor_a_en.pdf, id=669, page
=2, 597.432pt x 845.07718pt>
File: Portada_Contraportada/tesis-compendio-declaracion-autor_a_en.pdf Graphic 
file (type pdf)
<use Portada_Contraportada/tesis-compendio-declaracion-autor_a_en.pdf, page 2>
Package pdftex.def Info: Portada_Contraportada/tesis-compendio-declaracion-auto
r_a_en.pdf , page2 used on input line 282.
(pdftex.def)             Requested size: 597.45789pt x 845.1138pt.
File: Portada_Contraportada/tesis-compendio-declaracion-autor_a_en.pdf Graphic 
file (type pdf)
<use Portada_Contraportada/tesis-compendio-declaracion-autor_a_en.pdf, page 2>
Package pdftex.def Info: Portada_Contraportada/tesis-compendio-declaracion-auto
r_a_en.pdf , page2 used on input line 282.
(pdftex.def)             Requested size: 597.45789pt x 845.1138pt.
File: Portada_Contraportada/tesis-compendio-declaracion-autor_a_en.pdf Graphic 
file (type pdf)
<use Portada_Contraportada/tesis-compendio-declaracion-autor_a_en.pdf, page 2>
Package pdftex.def Info: Portada_Contraportada/tesis-compendio-declaracion-auto
r_a_en.pdf , page2 used on input line 282.
(pdftex.def)             Requested size: 597.45789pt x 845.1138pt.

[5

 <./Portada_Contraportada/tesis-compendio-declaracion-autor_a_en.pdf>]
<Portada_Contraportada/tesis-compendio-declaracion-autor_a_en.pdf, id=694, page
=3, 597.432pt x 845.07718pt>
File: Portada_Contraportada/tesis-compendio-declaracion-autor_a_en.pdf Graphic 
file (type pdf)
<use Portada_Contraportada/tesis-compendio-declaracion-autor_a_en.pdf, page 3>
Package pdftex.def Info: Portada_Contraportada/tesis-compendio-declaracion-auto
r_a_en.pdf , page3 used on input line 282.
(pdftex.def)             Requested size: 597.45789pt x 845.1138pt.
File: Portada_Contraportada/tesis-compendio-declaracion-autor_a_en.pdf Graphic 
file (type pdf)
<use Portada_Contraportada/tesis-compendio-declaracion-autor_a_en.pdf, page 3>
Package pdftex.def Info: Portada_Contraportada/tesis-compendio-declaracion-auto
r_a_en.pdf , page3 used on input line 282.
(pdftex.def)             Requested size: 597.45789pt x 845.1138pt.
File: Portada_Contraportada/tesis-compendio-declaracion-autor_a_en.pdf Graphic 
file (type pdf)
<use Portada_Contraportada/tesis-compendio-declaracion-autor_a_en.pdf, page 3>
Package pdftex.def Info: Portada_Contraportada/tesis-compendio-declaracion-auto
r_a_en.pdf , page3 used on input line 282.
(pdftex.def)             Requested size: 597.45789pt x 845.1138pt.

[6

 <./Portada_Contraportada/tesis-compendio-declaracion-autor_a_en.pdf>]
<Portada_Contraportada/tesis-compendio-declaracion-autor_a_en.pdf, id=703, page
=4, 597.432pt x 845.07718pt>
File: Portada_Contraportada/tesis-compendio-declaracion-autor_a_en.pdf Graphic 
file (type pdf)
<use Portada_Contraportada/tesis-compendio-declaracion-autor_a_en.pdf, page 4>
Package pdftex.def Info: Portada_Contraportada/tesis-compendio-declaracion-auto
r_a_en.pdf , page4 used on input line 282.
(pdftex.def)             Requested size: 597.45789pt x 845.1138pt.
File: Portada_Contraportada/tesis-compendio-declaracion-autor_a_en.pdf Graphic 
file (type pdf)
<use Portada_Contraportada/tesis-compendio-declaracion-autor_a_en.pdf, page 4>
Package pdftex.def Info: Portada_Contraportada/tesis-compendio-declaracion-auto
r_a_en.pdf , page4 used on input line 282.
(pdftex.def)             Requested size: 597.45789pt x 845.1138pt.
File: Portada_Contraportada/tesis-compendio-declaracion-autor_a_en.pdf Graphic 
file (type pdf)
<use Portada_Contraportada/tesis-compendio-declaracion-autor_a_en.pdf, page 4>
Package pdftex.def Info: Portada_Contraportada/tesis-compendio-declaracion-auto
r_a_en.pdf , page4 used on input line 282.
(pdftex.def)             Requested size: 597.45789pt x 845.1138pt.

[7

 <./Portada_Contraportada/tesis-compendio-declaracion-autor_a_en.pdf>]
\openout2 = `General_Sections/Acknowledgements.aux'.


(./General_Sections/Acknowledgements.tex [8

]
<FOLDING_PEPTIDE_PICTURE/folding_7.png, id=717, 333.6465pt x 333.6465pt>
File: FOLDING_PEPTIDE_PICTURE/folding_7.png Graphic file (type png)
<use FOLDING_PEPTIDE_PICTURE/folding_7.png>
Package pdftex.def Info: FOLDING_PEPTIDE_PICTURE/folding_7.png  used on input l
ine 31.
(pdftex.def)             Requested size: 59.7483pt x 59.75095pt.
 [9 <./FOLDING_PEPTIDE_PICTURE/folding_7.png>])
<FOLDING_PEPTIDE_PICTURE/folding_8.png, id=726, 333.6465pt x 333.6465pt>
File: FOLDING_PEPTIDE_PICTURE/folding_8.png Graphic file (type png)
<use FOLDING_PEPTIDE_PICTURE/folding_8.png>
Package pdftex.def Info: FOLDING_PEPTIDE_PICTURE/folding_8.png  used on input l
ine 287.
(pdftex.def)             Requested size: 59.7483pt x 59.75095pt.
 [10 <./FOLDING_PEPTIDE_PICTURE/folding_8.png>] (./main.toc
[11


]
<FOLDING_PEPTIDE_PICTURE/folding_9.png, id=799, 333.6465pt x 333.6465pt>
File: FOLDING_PEPTIDE_PICTURE/folding_9.png Graphic file (type png)
<use FOLDING_PEPTIDE_PICTURE/folding_9.png>
Package pdftex.def Info: FOLDING_PEPTIDE_PICTURE/folding_9.png  used on input l
ine 62.
(pdftex.def)             Requested size: 59.7483pt x 59.75095pt.
 [12 <./FOLDING_PEPTIDE_PICTURE/folding_9.png>]
<FOLDING_PEPTIDE_PICTURE/folding_10.png, id=844, 333.6465pt x 333.6465pt>
File: FOLDING_PEPTIDE_PICTURE/folding_10.png Graphic file (type png)
<use FOLDING_PEPTIDE_PICTURE/folding_10.png>
Package pdftex.def Info: FOLDING_PEPTIDE_PICTURE/folding_10.png  used on input 
line 99.
(pdftex.def)             Requested size: 59.7483pt x 59.75095pt.
 [13 <./FOLDING_PEPTIDE_PICTURE/folding_10.png>]
Overfull \hbox (15.46985pt too wide) in paragraph at lines 119--119
 [][] [][][]\T1/ptm/m/n/12 (-20) Unlocking the speci-ficity of an-timi-cro-bial
 pep-tide in-ter-ac-tions for membrane- 
 []


Underfull \vbox (badness 1337) has occurred while \output is active []

<FOLDING_PEPTIDE_PICTURE/folding_11.png, id=884, 333.6465pt x 333.6465pt>
File: FOLDING_PEPTIDE_PICTURE/folding_11.png Graphic file (type png)
<use FOLDING_PEPTIDE_PICTURE/folding_11.png>
Package pdftex.def Info: FOLDING_PEPTIDE_PICTURE/folding_11.png  used on input 
line 129.
(pdftex.def)             Requested size: 59.7483pt x 59.75095pt.
 [14 <./FOLDING_PEPTIDE_PICTURE/folding_11.png>])
\tf@toc=\write6
\openout6 = `main.toc'.

<FOLDING_PEPTIDE_PICTURE/folding_12.png, id=911, 333.6465pt x 333.6465pt>
File: FOLDING_PEPTIDE_PICTURE/folding_12.png Graphic file (type png)
<use FOLDING_PEPTIDE_PICTURE/folding_12.png>
Package pdftex.def Info: FOLDING_PEPTIDE_PICTURE/folding_12.png  used on input 
line 292.
(pdftex.def)             Requested size: 59.7483pt x 59.75095pt.
 [15 <./FOLDING_PEPTIDE_PICTURE/folding_12.png>]
\openout2 = `General_Sections/List_of_publications.aux'.

 (./General_Sections/List_of_publications.tex
File: FOLDING_PEPTIDE_PICTURE/folding_12.png Graphic file (type png)
<use FOLDING_PEPTIDE_PICTURE/folding_12.png>
Package pdftex.def Info: FOLDING_PEPTIDE_PICTURE/folding_12.png  used on input 
line 38.
(pdftex.def)             Requested size: 59.7483pt x 59.75095pt.
 [16

]
<FOLDING_PEPTIDE_PICTURE/folding_13.png, id=936, 333.6465pt x 333.6465pt>
File: FOLDING_PEPTIDE_PICTURE/folding_13.png Graphic file (type png)
<use FOLDING_PEPTIDE_PICTURE/folding_13.png>
Package pdftex.def Info: FOLDING_PEPTIDE_PICTURE/folding_13.png  used on input 
line 78.
(pdftex.def)             Requested size: 59.7483pt x 59.75095pt.
 [17 <./FOLDING_PEPTIDE_PICTURE/folding_13.png>])
<FOLDING_PEPTIDE_PICTURE/folding_14.png, id=946, 333.6465pt x 333.6465pt>
File: FOLDING_PEPTIDE_PICTURE/folding_14.png Graphic file (type png)
<use FOLDING_PEPTIDE_PICTURE/folding_14.png>
Package pdftex.def Info: FOLDING_PEPTIDE_PICTURE/folding_14.png  used on input 
line 292.
(pdftex.def)             Requested size: 59.7483pt x 59.75095pt.
 [18 <./FOLDING_PEPTIDE_PICTURE/folding_14.png>]
Underfull \vbox (badness 10000) has occurred while \output is active []

<FOLDING_PEPTIDE_PICTURE/folding_15.png, id=952, 333.6465pt x 333.6465pt>
File: FOLDING_PEPTIDE_PICTURE/folding_15.png Graphic file (type png)
<use FOLDING_PEPTIDE_PICTURE/folding_15.png>
Package pdftex.def Info: FOLDING_PEPTIDE_PICTURE/folding_15.png  used on input 
line 342.
(pdftex.def)             Requested size: 59.7483pt x 59.75095pt.
 [19


 <./FOLDING_PEPTIDE_PICTURE/folding_15.png>]
Underfull \vbox (badness 10000) has occurred while \output is active []

File: FOLDING_PEPTIDE_PICTURE/folding_15.png Graphic file (type png)
<use FOLDING_PEPTIDE_PICTURE/folding_15.png>
Package pdftex.def Info: FOLDING_PEPTIDE_PICTURE/folding_15.png  used on input 
line 380.
(pdftex.def)             Requested size: 59.7483pt x 59.75095pt.
 [20]
<FOLDING_PEPTIDE_PICTURE/folding_16.png, id=963, 333.6465pt x 333.6465pt>
File: FOLDING_PEPTIDE_PICTURE/folding_16.png Graphic file (type png)
<use FOLDING_PEPTIDE_PICTURE/folding_16.png>
Package pdftex.def Info: FOLDING_PEPTIDE_PICTURE/folding_16.png  used on input 
line 394.
(pdftex.def)             Requested size: 59.7483pt x 59.75095pt.

[21 <./FOLDING_PEPTIDE_PICTURE/folding_16.png>]
\openout2 = `General_Sections/Summary.aux'.

 (./General_Sections/Summary.tex
<FOLDING_PEPTIDE_PICTURE/folding_17.png, id=969, 333.6465pt x 333.6465pt>
File: FOLDING_PEPTIDE_PICTURE/folding_17.png Graphic file (type png)
<use FOLDING_PEPTIDE_PICTURE/folding_17.png>
Package pdftex.def Info: FOLDING_PEPTIDE_PICTURE/folding_17.png  used on input 
line 31.
(pdftex.def)             Requested size: 59.7483pt x 59.75095pt.
[22

 <./FOLDING_PEPTIDE_PICTURE/folding_17.png>]
<FOLDING_PEPTIDE_PICTURE/folding_18.png, id=975, 333.6465pt x 333.6465pt>
File: FOLDING_PEPTIDE_PICTURE/folding_18.png Graphic file (type png)
<use FOLDING_PEPTIDE_PICTURE/folding_18.png>
Package pdftex.def Info: FOLDING_PEPTIDE_PICTURE/folding_18.png  used on input 
line 39.
(pdftex.def)             Requested size: 59.7483pt x 59.75095pt.
 [23 <./FOLDING_PEPTIDE_PICTURE/folding_18.png>]
Underfull \vbox (badness 1629) has occurred while \output is active []

<FOLDING_PEPTIDE_PICTURE/folding_19.png, id=981, 333.6465pt x 333.6465pt>
File: FOLDING_PEPTIDE_PICTURE/folding_19.png Graphic file (type png)
<use FOLDING_PEPTIDE_PICTURE/folding_19.png>
Package pdftex.def Info: FOLDING_PEPTIDE_PICTURE/folding_19.png  used on input 
line 48.
(pdftex.def)             Requested size: 59.7483pt x 59.75095pt.
 [24 <./FOLDING_PEPTIDE_PICTURE/folding_19.png>]
File: FOLDING_PEPTIDE_PICTURE/folding_19.png Graphic file (type png)
<use FOLDING_PEPTIDE_PICTURE/folding_19.png>
Package pdftex.def Info: FOLDING_PEPTIDE_PICTURE/folding_19.png  used on input 
line 58.
(pdftex.def)             Requested size: 59.7483pt x 59.75095pt.
 [25]
LaTeX Font Info:    Trying to load font information for TS1+ptm on input line 6
2.

(/usr/local/texlive/2026/texmf-dist/tex/latex/psnfss/ts1ptm.fd
File: ts1ptm.fd 2001/06/04 font definitions for TS1/ptm.
)
<FOLDING_PEPTIDE_PICTURE/folding_20.png, id=992, 333.6465pt x 333.6465pt>
File: FOLDING_PEPTIDE_PICTURE/folding_20.png Graphic file (type png)
<use FOLDING_PEPTIDE_PICTURE/folding_20.png>
Package pdftex.def Info: FOLDING_PEPTIDE_PICTURE/folding_20.png  used on input 
line 69.
(pdftex.def)             Requested size: 59.7483pt x 59.75095pt.
 [26 <./FOLDING_PEPTIDE_PICTURE/folding_20.png>]
<FOLDING_PEPTIDE_PICTURE/folding_21.png, id=998, 333.6465pt x 333.6465pt>
File: FOLDING_PEPTIDE_PICTURE/folding_21.png Graphic file (type png)
<use FOLDING_PEPTIDE_PICTURE/folding_21.png>
Package pdftex.def Info: FOLDING_PEPTIDE_PICTURE/folding_21.png  used on input 
line 86.
(pdftex.def)             Requested size: 59.7483pt x 59.75095pt.
 [27 <./FOLDING_PEPTIDE_PICTURE/folding_21.png>]
<FOLDING_PEPTIDE_PICTURE/folding_22.png, id=1004, 333.6465pt x 333.6465pt>
File: FOLDING_PEPTIDE_PICTURE/folding_22.png Graphic file (type png)
<use FOLDING_PEPTIDE_PICTURE/folding_22.png>
Package pdftex.def Info: FOLDING_PEPTIDE_PICTURE/folding_22.png  used on input 
line 101.
(pdftex.def)             Requested size: 59.7483pt x 59.75095pt.
 [28 <./FOLDING_PEPTIDE_PICTURE/folding_22.png>]
File: FOLDING_PEPTIDE_PICTURE/folding_22.png Graphic file (type png)
<use FOLDING_PEPTIDE_PICTURE/folding_22.png>
Package pdftex.def Info: FOLDING_PEPTIDE_PICTURE/folding_22.png  used on input 
line 116.
(pdftex.def)             Requested size: 59.7483pt x 59.75095pt.
 [29])
<FOLDING_PEPTIDE_PICTURE/folding_23.png, id=1014, 333.6465pt x 333.6465pt>
File: FOLDING_PEPTIDE_PICTURE/folding_23.png Graphic file (type png)
<use FOLDING_PEPTIDE_PICTURE/folding_23.png>
Package pdftex.def Info: FOLDING_PEPTIDE_PICTURE/folding_23.png  used on input 
line 394.
(pdftex.def)             Requested size: 59.7483pt x 59.75095pt.
 [30 <./FOLDING_PEPTIDE_PICTURE/folding_23.png>]
\openout2 = `General_Sections/Preface.aux'.

 (./General_Sections/Preface.tex) [31




]
\openout2 = `General_Sections/Introduction.aux'.


(./General_Sections/Introduction.tex
Chapter 1.
[32




]
Overfull \hbox (0.28726pt too wide) in paragraph at lines 7--8
\T1/ptm/m/n/12 (-20) Cancer, ag-ing, and in-fec-tious dis-eases are among the m
a-jor chal-lenges fac-ing mod-ern biomedicine
 []

<FOLDING_PEPTIDE_PICTURE/folding_25.png, id=1052, 333.6465pt x 333.6465pt>
File: FOLDING_PEPTIDE_PICTURE/folding_25.png Graphic file (type png)
<use FOLDING_PEPTIDE_PICTURE/folding_25.png>
Package pdftex.def Info: FOLDING_PEPTIDE_PICTURE/folding_25.png  used on input 
line 22.
(pdftex.def)             Requested size: 59.7483pt x 59.75095pt.
[33 <./FOLDING_PEPTIDE_PICTURE/folding_25.png>]
<FOLDING_PEPTIDE_PICTURE/folding_26.png, id=1089, 333.6465pt x 333.6465pt>
File: FOLDING_PEPTIDE_PICTURE/folding_26.png Graphic file (type png)
<use FOLDING_PEPTIDE_PICTURE/folding_26.png>
Package pdftex.def Info: FOLDING_PEPTIDE_PICTURE/folding_26.png  used on input 
line 39.
(pdftex.def)             Requested size: 59.7483pt x 59.75095pt.
 [34 <./FOLDING_PEPTIDE_PICTURE/folding_26.png>]
<FOLDING_PEPTIDE_PICTURE/folding_27.png, id=1120, 333.6465pt x 333.6465pt>
File: FOLDING_PEPTIDE_PICTURE/folding_27.png Graphic file (type png)
<use FOLDING_PEPTIDE_PICTURE/folding_27.png>
Package pdftex.def Info: FOLDING_PEPTIDE_PICTURE/folding_27.png  used on input 
line 55.
(pdftex.def)             Requested size: 59.7483pt x 59.75095pt.
 [35 <./FOLDING_PEPTIDE_PICTURE/folding_27.png>]
<General_Sections/Figures/Membrane_Lipids_DCT_3.png, id=1133, 615.29875pt x 196
.735pt>
File: General_Sections/Figures/Membrane_Lipids_DCT_3.png Graphic file (type png
)
<use General_Sections/Figures/Membrane_Lipids_DCT_3.png>
Package pdftex.def Info: General_Sections/Figures/Membrane_Lipids_DCT_3.png  us
ed on input line 60.
(pdftex.def)             Requested size: 432.48051pt x 138.2839pt.
<FOLDING_PEPTIDE_PICTURE/folding_28.png, id=1150, 333.6465pt x 333.6465pt>
File: FOLDING_PEPTIDE_PICTURE/folding_28.png Graphic file (type png)
<use FOLDING_PEPTIDE_PICTURE/folding_28.png>
Package pdftex.def Info: FOLDING_PEPTIDE_PICTURE/folding_28.png  used on input 
line 70.
(pdftex.def)             Requested size: 59.7483pt x 59.75095pt.
 [36 <./General_Sections/Figures/Membrane_Lipids_DCT_3.png> <./FOLDING_PEPTIDE_
PICTURE/folding_28.png>]
File: FOLDING_PEPTIDE_PICTURE/folding_28.png Graphic file (type png)
<use FOLDING_PEPTIDE_PICTURE/folding_28.png>
Package pdftex.def Info: FOLDING_PEPTIDE_PICTURE/folding_28.png  used on input 
line 83.
(pdftex.def)             Requested size: 59.7483pt x 59.75095pt.
 [37]
<FOLDING_PEPTIDE_PICTURE/folding_29.png, id=1225, 333.6465pt x 333.6465pt>
File: FOLDING_PEPTIDE_PICTURE/folding_29.png Graphic file (type png)
<use FOLDING_PEPTIDE_PICTURE/folding_29.png>
Package pdftex.def Info: FOLDING_PEPTIDE_PICTURE/folding_29.png  used on input 
line 91.
(pdftex.def)             Requested size: 59.7483pt x 59.75095pt.
 [38 <./FOLDING_PEPTIDE_PICTURE/folding_29.png>]
<FOLDING_PEPTIDE_PICTURE/folding_30.png, id=1255, 333.6465pt x 333.6465pt>
File: FOLDING_PEPTIDE_PICTURE/folding_30.png Graphic file (type png)
<use FOLDING_PEPTIDE_PICTURE/folding_30.png>
Package pdftex.def Info: FOLDING_PEPTIDE_PICTURE/folding_30.png  used on input 
line 108.
(pdftex.def)             Requested size: 59.7483pt x 59.75095pt.
 [39 <./FOLDING_PEPTIDE_PICTURE/folding_30.png>]
LaTeX Font Info:    Trying to load font information for T1+pcr on input line 11
2.

(/usr/local/texlive/2026/texmf-dist/tex/latex/psnfss/t1pcr.fd
File: t1pcr.fd 2001/06/04 font definitions for T1/pcr.
)
Package microtype Info: Loading generic protrusion settings for font family
(microtype)             `pcr' (encoding: T1).
(microtype)             For optimal results, create family-specific settings.
(microtype)             See the microtype manual for details.
<FOLDING_PEPTIDE_PICTURE/folding_31.png, id=1291, 333.6465pt x 333.6465pt>
File: FOLDING_PEPTIDE_PICTURE/folding_31.png Graphic file (type png)
<use FOLDING_PEPTIDE_PICTURE/folding_31.png>
Package pdftex.def Info: FOLDING_PEPTIDE_PICTURE/folding_31.png  used on input 
line 127.
(pdftex.def)             Requested size: 59.7483pt x 59.75095pt.
 [40 <./FOLDING_PEPTIDE_PICTURE/folding_31.png>]
File: FOLDING_PEPTIDE_PICTURE/folding_31.png Graphic file (type png)
<use FOLDING_PEPTIDE_PICTURE/folding_31.png>
Package pdftex.def Info: FOLDING_PEPTIDE_PICTURE/folding_31.png  used on input 
line 176.
(pdftex.def)             Requested size: 59.7483pt x 59.75095pt.
 [41]
<General_Sections/Figures/AMPs/paula_1.png, id=1349, 84.315pt x 307.1475pt>
File: General_Sections/Figures/AMPs/paula_1.png Graphic file (type png)
<use General_Sections/Figures/AMPs/paula_1.png>
Package pdftex.def Info: General_Sections/Figures/AMPs/paula_1.png  used on inp
ut line 201.
(pdftex.def)             Requested size: 54.67413pt x 199.17015pt.
<General_Sections/Figures/AMPs/paula_2.png, id=1350, 375.4025pt x 331.2375pt>
File: General_Sections/Figures/AMPs/paula_2.png Graphic file (type png)
<use General_Sections/Figures/AMPs/paula_2.png>
Package pdftex.def Info: General_Sections/Figures/AMPs/paula_2.png  used on inp
ut line 212.
(pdftex.def)             Requested size: 225.7244pt x 199.16858pt.

Underfull \vbox (badness 10000) has occurred while \output is active []

<FOLDING_PEPTIDE_PICTURE/folding_32.png, id=1355, 333.6465pt x 333.6465pt>
File: FOLDING_PEPTIDE_PICTURE/folding_32.png Graphic file (type png)
<use FOLDING_PEPTIDE_PICTURE/folding_32.png>
Package pdftex.def Info: FOLDING_PEPTIDE_PICTURE/folding_32.png  used on input 
line 221.
(pdftex.def)             Requested size: 59.7483pt x 59.75095pt.
 [42 <./FOLDING_PEPTIDE_PICTURE/folding_32.png>]
<FOLDING_PEPTIDE_PICTURE/folding_33.png, id=1372, 333.6465pt x 333.6465pt>
File: FOLDING_PEPTIDE_PICTURE/folding_33.png Graphic file (type png)
<use FOLDING_PEPTIDE_PICTURE/folding_33.png>
Package pdftex.def Info: FOLDING_PEPTIDE_PICTURE/folding_33.png  used on input 
line 229.
(pdftex.def)             Requested size: 59.7483pt x 59.75095pt.
 [43 <./General_Sections/Figures/AMPs/paula_1.png> <./General_Sections/Figures/
AMPs/paula_2.png> <./FOLDING_PEPTIDE_PICTURE/folding_33.png>]
Overfull \hbox (1.94397pt too wide) in paragraph at lines 230--231
[]\T1/ptm/m/n/12 (-20) Another crit-i-cal bot-tle-neck is the risk of off-targe
t tox-i-c-ity. Al-though many cationic membrane-
 []

<FOLDING_PEPTIDE_PICTURE/folding_34.png, id=1408, 333.6465pt x 333.6465pt>
File: FOLDING_PEPTIDE_PICTURE/folding_34.png Graphic file (type png)
<use FOLDING_PEPTIDE_PICTURE/folding_34.png>
Package pdftex.def Info: FOLDING_PEPTIDE_PICTURE/folding_34.png  used on input 
line 239.
(pdftex.def)             Requested size: 59.7483pt x 59.75095pt.
[44 <./FOLDING_PEPTIDE_PICTURE/folding_34.png>]
File: FOLDING_PEPTIDE_PICTURE/folding_34.png Graphic file (type png)
<use FOLDING_PEPTIDE_PICTURE/folding_34.png>
Package pdftex.def Info: FOLDING_PEPTIDE_PICTURE/folding_34.png  used on input 
line 245.
(pdftex.def)             Requested size: 59.7483pt x 59.75095pt.
 [45]
<FOLDING_PEPTIDE_PICTURE/folding_35.png, id=1474, 333.6465pt x 333.6465pt>
File: FOLDING_PEPTIDE_PICTURE/folding_35.png Graphic file (type png)
<use FOLDING_PEPTIDE_PICTURE/folding_35.png>
Package pdftex.def Info: FOLDING_PEPTIDE_PICTURE/folding_35.png  used on input 
line 261.
(pdftex.def)             Requested size: 59.7483pt x 59.75095pt.
 [46 <./FOLDING_PEPTIDE_PICTURE/folding_35.png>]
<FOLDING_PEPTIDE_PICTURE/folding_36.png, id=1509, 333.6465pt x 333.6465pt>
File: FOLDING_PEPTIDE_PICTURE/folding_36.png Graphic file (type png)
<use FOLDING_PEPTIDE_PICTURE/folding_36.png>
Package pdftex.def Info: FOLDING_PEPTIDE_PICTURE/folding_36.png  used on input 
line 269.
(pdftex.def)             Requested size: 59.7483pt x 59.75095pt.
 [47 <./FOLDING_PEPTIDE_PICTURE/folding_36.png>]
<FOLDING_PEPTIDE_PICTURE/folding_37.png, id=1555, 333.6465pt x 333.6465pt>
File: FOLDING_PEPTIDE_PICTURE/folding_37.png Graphic file (type png)
<use FOLDING_PEPTIDE_PICTURE/folding_37.png>
Package pdftex.def Info: FOLDING_PEPTIDE_PICTURE/folding_37.png  used on input 
line 277.
(pdftex.def)             Requested size: 59.7483pt x 59.75095pt.
 [48 <./FOLDING_PEPTIDE_PICTURE/folding_37.png>]
<FOLDING_PEPTIDE_PICTURE/folding_38.png, id=1589, 333.6465pt x 333.6465pt>
File: FOLDING_PEPTIDE_PICTURE/folding_38.png Graphic file (type png)
<use FOLDING_PEPTIDE_PICTURE/folding_38.png>
Package pdftex.def Info: FOLDING_PEPTIDE_PICTURE/folding_38.png  used on input 
line 292.
(pdftex.def)             Requested size: 59.7483pt x 59.75095pt.
 [49 <./FOLDING_PEPTIDE_PICTURE/folding_38.png>]
File: FOLDING_PEPTIDE_PICTURE/folding_38.png Graphic file (type png)
<use FOLDING_PEPTIDE_PICTURE/folding_38.png>
Package pdftex.def Info: FOLDING_PEPTIDE_PICTURE/folding_38.png  used on input 
line 300.
(pdftex.def)             Requested size: 59.7483pt x 59.75095pt.
 [50]
<FOLDING_PEPTIDE_PICTURE/folding_39.png, id=1626, 333.6465pt x 333.6465pt>
File: FOLDING_PEPTIDE_PICTURE/folding_39.png Graphic file (type png)
<use FOLDING_PEPTIDE_PICTURE/folding_39.png>
Package pdftex.def Info: FOLDING_PEPTIDE_PICTURE/folding_39.png  used on input 
line 311.
(pdftex.def)             Requested size: 59.7483pt x 59.75095pt.
 [51 <./FOLDING_PEPTIDE_PICTURE/folding_39.png>]
<FOLDING_PEPTIDE_PICTURE/folding_40.png, id=1646, 333.6465pt x 333.6465pt>
File: FOLDING_PEPTIDE_PICTURE/folding_40.png Graphic file (type png)
<use FOLDING_PEPTIDE_PICTURE/folding_40.png>
Package pdftex.def Info: FOLDING_PEPTIDE_PICTURE/folding_40.png  used on input 
line 324.
(pdftex.def)             Requested size: 59.7483pt x 59.75095pt.
 [52 <./FOLDING_PEPTIDE_PICTURE/folding_40.png>]
<FOLDING_PEPTIDE_PICTURE/folding_41.png, id=1663, 333.6465pt x 333.6465pt>
File: FOLDING_PEPTIDE_PICTURE/folding_41.png Graphic file (type png)
<use FOLDING_PEPTIDE_PICTURE/folding_41.png>
Package pdftex.def Info: FOLDING_PEPTIDE_PICTURE/folding_41.png  used on input 
line 336.
(pdftex.def)             Requested size: 59.7483pt x 59.75095pt.
 [53 <./FOLDING_PEPTIDE_PICTURE/folding_41.png>]
Underfull \vbox (badness 10000) has occurred while \output is active []

File: FOLDING_PEPTIDE_PICTURE/folding_41.png Graphic file (type png)
<use FOLDING_PEPTIDE_PICTURE/folding_41.png>
Package pdftex.def Info: FOLDING_PEPTIDE_PICTURE/folding_41.png  used on input 
line 350.
(pdftex.def)             Requested size: 59.7483pt x 59.75095pt.
 [54]
<FOLDING_PEPTIDE_PICTURE/folding_42.png, id=1704, 333.6465pt x 333.6465pt>
File: FOLDING_PEPTIDE_PICTURE/folding_42.png Graphic file (type png)
<use FOLDING_PEPTIDE_PICTURE/folding_42.png>
Package pdftex.def Info: FOLDING_PEPTIDE_PICTURE/folding_42.png  used on input 
line 360.
(pdftex.def)             Requested size: 59.7483pt x 59.75095pt.

[55 <./FOLDING_PEPTIDE_PICTURE/folding_42.png>]
<FOLDING_PEPTIDE_PICTURE/folding_43.png, id=1724, 333.6465pt x 333.6465pt>
File: FOLDING_PEPTIDE_PICTURE/folding_43.png Graphic file (type png)
<use FOLDING_PEPTIDE_PICTURE/folding_43.png>
Package pdftex.def Info: FOLDING_PEPTIDE_PICTURE/folding_43.png  used on input 
line 384.
(pdftex.def)             Requested size: 59.7483pt x 59.75095pt.
 [56 <./FOLDING_PEPTIDE_PICTURE/folding_43.png>]
<FOLDING_PEPTIDE_PICTURE/folding_44.png, id=1737, 333.6465pt x 333.6465pt>
File: FOLDING_PEPTIDE_PICTURE/folding_44.png Graphic file (type png)
<use FOLDING_PEPTIDE_PICTURE/folding_44.png>
Package pdftex.def Info: FOLDING_PEPTIDE_PICTURE/folding_44.png  used on input 
line 392.
(pdftex.def)             Requested size: 59.7483pt x 59.75095pt.
 [57 <./FOLDING_PEPTIDE_PICTURE/folding_44.png>]
File: FOLDING_PEPTIDE_PICTURE/folding_44.png Graphic file (type png)
<use FOLDING_PEPTIDE_PICTURE/folding_44.png>
Package pdftex.def Info: FOLDING_PEPTIDE_PICTURE/folding_44.png  used on input 
line 400.
(pdftex.def)             Requested size: 59.7483pt x 59.75095pt.
 [58])
\openout2 = `General_Sections/Objectives.aux'.


(./General_Sections/Objectives.tex
Chapter 2.
[59




]
<FOLDING_PEPTIDE_PICTURE/folding_46.png, id=1754, 333.6465pt x 333.6465pt>
File: FOLDING_PEPTIDE_PICTURE/folding_46.png Graphic file (type png)
<use FOLDING_PEPTIDE_PICTURE/folding_46.png>
Package pdftex.def Info: FOLDING_PEPTIDE_PICTURE/folding_46.png  used on input 
line 25.
(pdftex.def)             Requested size: 59.7483pt x 59.75095pt.
 [60 <./FOLDING_PEPTIDE_PICTURE/folding_46.png>]
<FOLDING_PEPTIDE_PICTURE/folding_47.png, id=1761, 333.6465pt x 333.6465pt>
File: FOLDING_PEPTIDE_PICTURE/folding_47.png Graphic file (type png)
<use FOLDING_PEPTIDE_PICTURE/folding_47.png>
Package pdftex.def Info: FOLDING_PEPTIDE_PICTURE/folding_47.png  used on input 
line 41.
(pdftex.def)             Requested size: 59.7483pt x 59.75095pt.
 [61 <./FOLDING_PEPTIDE_PICTURE/folding_47.png>])
File: FOLDING_PEPTIDE_PICTURE/folding_47.png Graphic file (type png)
<use FOLDING_PEPTIDE_PICTURE/folding_47.png>
Package pdftex.def Info: FOLDING_PEPTIDE_PICTURE/folding_47.png  used on input 
line 403.
(pdftex.def)             Requested size: 59.7483pt x 59.75095pt.
 [62]
\openout2 = `General_Sections/Methods.aux'.

 (./General_Sections/Methods.tex
Chapter 3.
[63




]
<FOLDING_PEPTIDE_PICTURE/folding_49.png, id=1794, 333.6465pt x 333.6465pt>
File: FOLDING_PEPTIDE_PICTURE/folding_49.png Graphic file (type png)
<use FOLDING_PEPTIDE_PICTURE/folding_49.png>
Package pdftex.def Info: FOLDING_PEPTIDE_PICTURE/folding_49.png  used on input 
line 23.
(pdftex.def)             Requested size: 59.7483pt x 59.75095pt.
 [64 <./FOLDING_PEPTIDE_PICTURE/folding_49.png>]
<General_Sections/Figures/MD_Workflow2.png, id=1806, 821.031pt x 535.893pt>
File: General_Sections/Figures/MD_Workflow2.png Graphic file (type png)
<use General_Sections/Figures/MD_Workflow2.png>
Package pdftex.def Info: General_Sections/Figures/MD_Workflow2.png  used on inp
ut line 30.
(pdftex.def)             Requested size: 409.71692pt x 267.43068pt.

Underfull \vbox (badness 10000) has occurred while \output is active []

<FOLDING_PEPTIDE_PICTURE/folding_50.png, id=1808, 333.6465pt x 333.6465pt>
File: FOLDING_PEPTIDE_PICTURE/folding_50.png Graphic file (type png)
<use FOLDING_PEPTIDE_PICTURE/folding_50.png>
Package pdftex.def Info: FOLDING_PEPTIDE_PICTURE/folding_50.png  used on input 
line 45.
(pdftex.def)             Requested size: 59.7483pt x 59.75095pt.
 [65 <./FOLDING_PEPTIDE_PICTURE/folding_50.png>]
File: FOLDING_PEPTIDE_PICTURE/folding_50.png Graphic file (type png)
<use FOLDING_PEPTIDE_PICTURE/folding_50.png>
Package pdftex.def Info: FOLDING_PEPTIDE_PICTURE/folding_50.png  used on input 
line 45.
(pdftex.def)             Requested size: 59.7483pt x 59.75095pt.
 [66 <./General_Sections/Figures/MD_Workflow2.png>]
Underfull \vbox (badness 1122) has occurred while \output is active []

<FOLDING_PEPTIDE_PICTURE/folding_51.png, id=1831, 333.6465pt x 333.6465pt>
File: FOLDING_PEPTIDE_PICTURE/folding_51.png Graphic file (type png)
<use FOLDING_PEPTIDE_PICTURE/folding_51.png>
Package pdftex.def Info: FOLDING_PEPTIDE_PICTURE/folding_51.png  used on input 
line 80.
(pdftex.def)             Requested size: 59.7483pt x 59.75095pt.
 [67 <./FOLDING_PEPTIDE_PICTURE/folding_51.png>]
<FOLDING_PEPTIDE_PICTURE/folding_52.png, id=1850, 333.6465pt x 333.6465pt>
File: FOLDING_PEPTIDE_PICTURE/folding_52.png Graphic file (type png)
<use FOLDING_PEPTIDE_PICTURE/folding_52.png>
Package pdftex.def Info: FOLDING_PEPTIDE_PICTURE/folding_52.png  used on input 
line 99.
(pdftex.def)             Requested size: 59.7483pt x 59.75095pt.
 [68 <./FOLDING_PEPTIDE_PICTURE/folding_52.png>]
<FOLDING_PEPTIDE_PICTURE/folding_53.png, id=1865, 333.6465pt x 333.6465pt>
File: FOLDING_PEPTIDE_PICTURE/folding_53.png Graphic file (type png)
<use FOLDING_PEPTIDE_PICTURE/folding_53.png>
Package pdftex.def Info: FOLDING_PEPTIDE_PICTURE/folding_53.png  used on input 
line 156.
(pdftex.def)             Requested size: 59.7483pt x 59.75095pt.
 [69 <./FOLDING_PEPTIDE_PICTURE/folding_53.png>]
<FOLDING_PEPTIDE_PICTURE/folding_54.png, id=1881, 333.6465pt x 333.6465pt>
File: FOLDING_PEPTIDE_PICTURE/folding_54.png Graphic file (type png)
<use FOLDING_PEPTIDE_PICTURE/folding_54.png>
Package pdftex.def Info: FOLDING_PEPTIDE_PICTURE/folding_54.png  used on input 
line 188.
(pdftex.def)             Requested size: 59.7483pt x 59.75095pt.
 [70 <./FOLDING_PEPTIDE_PICTURE/folding_54.png>]
File: FOLDING_PEPTIDE_PICTURE/folding_54.png Graphic file (type png)
<use FOLDING_PEPTIDE_PICTURE/folding_54.png>
Package pdftex.def Info: FOLDING_PEPTIDE_PICTURE/folding_54.png  used on input 
line 218.
(pdftex.def)             Requested size: 59.7483pt x 59.75095pt.
 [71]
<FOLDING_PEPTIDE_PICTURE/folding_55.png, id=1911, 333.6465pt x 333.6465pt>
File: FOLDING_PEPTIDE_PICTURE/folding_55.png Graphic file (type png)
<use FOLDING_PEPTIDE_PICTURE/folding_55.png>
Package pdftex.def Info: FOLDING_PEPTIDE_PICTURE/folding_55.png  used on input 
line 258.
(pdftex.def)             Requested size: 59.7483pt x 59.75095pt.
 [72 <./FOLDING_PEPTIDE_PICTURE/folding_55.png>]
Underfull \vbox (badness 10000) has occurred while \output is active []

<FOLDING_PEPTIDE_PICTURE/folding_56.png, id=1923, 333.6465pt x 333.6465pt>
File: FOLDING_PEPTIDE_PICTURE/folding_56.png Graphic file (type png)
<use FOLDING_PEPTIDE_PICTURE/folding_56.png>
Package pdftex.def Info: FOLDING_PEPTIDE_PICTURE/folding_56.png  used on input 
line 283.
(pdftex.def)             Requested size: 59.7483pt x 59.75095pt.
 [73 <./FOLDING_PEPTIDE_PICTURE/folding_56.png>]
<FOLDING_PEPTIDE_PICTURE/folding_57.png, id=1935, 333.6465pt x 333.6465pt>
File: FOLDING_PEPTIDE_PICTURE/folding_57.png Graphic file (type png)
<use FOLDING_PEPTIDE_PICTURE/folding_57.png>
Package pdftex.def Info: FOLDING_PEPTIDE_PICTURE/folding_57.png  used on input 
line 307.
(pdftex.def)             Requested size: 59.7483pt x 59.75095pt.
 [74 <./FOLDING_PEPTIDE_PICTURE/folding_57.png>]
File: FOLDING_PEPTIDE_PICTURE/folding_57.png Graphic file (type png)
<use FOLDING_PEPTIDE_PICTURE/folding_57.png>
Package pdftex.def Info: FOLDING_PEPTIDE_PICTURE/folding_57.png  used on input 
line 345.
(pdftex.def)             Requested size: 59.7483pt x 59.75095pt.
 [75]
<General_Sections/Figures/pbc_diagram.png, id=1953, 459.6372pt x 459.51675pt>
File: General_Sections/Figures/pbc_diagram.png Graphic file (type png)
<use General_Sections/Figures/pbc_diagram.png>
Package pdftex.def Info: General_Sections/Figures/pbc_diagram.png  used on inpu
t line 413.
(pdftex.def)             Requested size: 250.38564pt x 250.32298pt.
<FOLDING_PEPTIDE_PICTURE/folding_58.png, id=1955, 333.6465pt x 333.6465pt>
File: FOLDING_PEPTIDE_PICTURE/folding_58.png Graphic file (type png)
<use FOLDING_PEPTIDE_PICTURE/folding_58.png>
Package pdftex.def Info: FOLDING_PEPTIDE_PICTURE/folding_58.png  used on input 
line 418.
(pdftex.def)             Requested size: 59.7483pt x 59.75095pt.
 [76 <./General_Sections/Figures/pbc_diagram.png> <./FOLDING_PEPTIDE_PICTURE/fo
lding_58.png>]
<bonded_interactions/bond_stretching.pdf, id=1963, 361.43332pt x 93.9771pt>
File: bonded_interactions/bond_stretching.pdf Graphic file (type pdf)
<use bonded_interactions/bond_stretching.pdf>
Package pdftex.def Info: bonded_interactions/bond_stretching.pdf  used on input
 line 435.
(pdftex.def)             Requested size: 207.58878pt x 53.97617pt.
<bonded_interactions/angle_bending.pdf, id=1964, 361.43332pt x 185.02626pt>
File: bonded_interactions/angle_bending.pdf Graphic file (type pdf)
<use bonded_interactions/angle_bending.pdf>
Package pdftex.def Info: bonded_interactions/angle_bending.pdf  used on input l
ine 442.
(pdftex.def)             Requested size: 207.58878pt x 106.27069pt.
<bonded_interactions/dihedral_proper.pdf, id=1965, 361.43332pt x 179.336pt>
File: bonded_interactions/dihedral_proper.pdf Graphic file (type pdf)
<use bonded_interactions/dihedral_proper.pdf>
Package pdftex.def Info: bonded_interactions/dihedral_proper.pdf  used on input
 line 451.
(pdftex.def)             Requested size: 207.58878pt x 103.00246pt.
<bonded_interactions/dihedral_improper.pdf, id=1966, 361.43332pt x 199.2524pt>
File: bonded_interactions/dihedral_improper.pdf Graphic file (type pdf)
<use bonded_interactions/dihedral_improper.pdf>
Package pdftex.def Info: bonded_interactions/dihedral_improper.pdf  used on inp
ut line 458.
(pdftex.def)             Requested size: 207.58878pt x 114.44154pt.
<FOLDING_PEPTIDE_PICTURE/folding_59.png, id=1972, 333.6465pt x 333.6465pt>
File: FOLDING_PEPTIDE_PICTURE/folding_59.png Graphic file (type png)
<use FOLDING_PEPTIDE_PICTURE/folding_59.png>
Package pdftex.def Info: FOLDING_PEPTIDE_PICTURE/folding_59.png  used on input 
line 476.
(pdftex.def)             Requested size: 59.7483pt x 59.75095pt.
 [77 <./FOLDING_PEPTIDE_PICTURE/folding_59.png>]
Underfull \vbox (badness 10000) has occurred while \output is active []

<FOLDING_PEPTIDE_PICTURE/folding_60.png, id=1983, 333.6465pt x 333.6465pt>
File: FOLDING_PEPTIDE_PICTURE/folding_60.png Graphic file (type png)
<use FOLDING_PEPTIDE_PICTURE/folding_60.png>
Package pdftex.def Info: FOLDING_PEPTIDE_PICTURE/folding_60.png  used on input 
line 492.
(pdftex.def)             Requested size: 59.7483pt x 59.75095pt.
 [78 <./bonded_interactions/bond_stretching.pdf> <./bonded_interactions/angle_b
ending.pdf> <./bonded_interactions/dihedral_proper.pdf> <./bonded_interactions/
dihedral_improper.pdf> <./FOLDING_PEPTIDE_PICTURE/folding_60.png>]
Underfull \vbox (badness 4927) has occurred while \output is active []

File: FOLDING_PEPTIDE_PICTURE/folding_60.png Graphic file (type png)
<use FOLDING_PEPTIDE_PICTURE/folding_60.png>
Package pdftex.def Info: FOLDING_PEPTIDE_PICTURE/folding_60.png  used on input 
line 516.
(pdftex.def)             Requested size: 59.7483pt x 59.75095pt.
 [79]
<FOLDING_PEPTIDE_PICTURE/folding_61.png, id=2048, 333.6465pt x 333.6465pt>
File: FOLDING_PEPTIDE_PICTURE/folding_61.png Graphic file (type png)
<use FOLDING_PEPTIDE_PICTURE/folding_61.png>
Package pdftex.def Info: FOLDING_PEPTIDE_PICTURE/folding_61.png  used on input 
line 539.
(pdftex.def)             Requested size: 59.7483pt x 59.75095pt.

[80 <./FOLDING_PEPTIDE_PICTURE/folding_61.png>]
<FOLDING_PEPTIDE_PICTURE/folding_62.png, id=2057, 333.6465pt x 333.6465pt>
File: FOLDING_PEPTIDE_PICTURE/folding_62.png Graphic file (type png)
<use FOLDING_PEPTIDE_PICTURE/folding_62.png>
Package pdftex.def Info: FOLDING_PEPTIDE_PICTURE/folding_62.png  used on input 
line 565.
(pdftex.def)             Requested size: 59.7483pt x 59.75095pt.
 [81 <./FOLDING_PEPTIDE_PICTURE/folding_62.png>]
<General_Sections/Figures/AA2CG.png, id=2073, 563.10374pt x 287.0725pt>
File: General_Sections/Figures/AA2CG.png Graphic file (type png)
<use General_Sections/Figures/AA2CG.png>
Package pdftex.def Info: General_Sections/Figures/AA2CG.png  used on input line
 601.
(pdftex.def)             Requested size: 450.69417pt x 229.7678pt.
<FOLDING_PEPTIDE_PICTURE/folding_63.png, id=2074, 333.6465pt x 333.6465pt>
File: FOLDING_PEPTIDE_PICTURE/folding_63.png Graphic file (type png)
<use FOLDING_PEPTIDE_PICTURE/folding_63.png>
Package pdftex.def Info: FOLDING_PEPTIDE_PICTURE/folding_63.png  used on input 
line 605.
(pdftex.def)             Requested size: 59.7483pt x 59.75095pt.
 [82 <./FOLDING_PEPTIDE_PICTURE/folding_63.png>]
File: FOLDING_PEPTIDE_PICTURE/folding_63.png Graphic file (type png)
<use FOLDING_PEPTIDE_PICTURE/folding_63.png>
Package pdftex.def Info: FOLDING_PEPTIDE_PICTURE/folding_63.png  used on input 
line 607.
(pdftex.def)             Requested size: 59.7483pt x 59.75095pt.
 [83 <./General_Sections/Figures/AA2CG.png>]
<FOLDING_PEPTIDE_PICTURE/folding_64.png, id=2095, 333.6465pt x 333.6465pt>
File: FOLDING_PEPTIDE_PICTURE/folding_64.png Graphic file (type png)
<use FOLDING_PEPTIDE_PICTURE/folding_64.png>
Package pdftex.def Info: FOLDING_PEPTIDE_PICTURE/folding_64.png  used on input 
line 651.
(pdftex.def)             Requested size: 59.7483pt x 59.75095pt.
 [84 <./FOLDING_PEPTIDE_PICTURE/folding_64.png>]
<FOLDING_PEPTIDE_PICTURE/folding_65.png, id=2117, 333.6465pt x 333.6465pt>
File: FOLDING_PEPTIDE_PICTURE/folding_65.png Graphic file (type png)
<use FOLDING_PEPTIDE_PICTURE/folding_65.png>
Package pdftex.def Info: FOLDING_PEPTIDE_PICTURE/folding_65.png  used on input 
line 685.
(pdftex.def)             Requested size: 59.7483pt x 59.75095pt.

[85 <./FOLDING_PEPTIDE_PICTURE/folding_65.png>]
<FOLDING_PEPTIDE_PICTURE/folding_66.png, id=2138, 333.6465pt x 333.6465pt>
File: FOLDING_PEPTIDE_PICTURE/folding_66.png Graphic file (type png)
<use FOLDING_PEPTIDE_PICTURE/folding_66.png>
Package pdftex.def Info: FOLDING_PEPTIDE_PICTURE/folding_66.png  used on input 
line 703.
(pdftex.def)             Requested size: 59.7483pt x 59.75095pt.
 [86 <./FOLDING_PEPTIDE_PICTURE/folding_66.png>]
Package svg Info: Last page of `./svg-inkscape/metadynamics_comparison_svg-tex.
pdf' is 1 on input line 729.
 (./svg-inkscape/metadynamics_comparison_svg-tex.pdf_tex
<./svg-inkscape/metadynamics_comparison_svg-tex.pdf, id=2149, page=1, 563.93106
pt x 455.75267pt>
File: ./svg-inkscape/metadynamics_comparison_svg-tex.pdf Graphic file (type pdf
)
<use ./svg-inkscape/metadynamics_comparison_svg-tex.pdf, page 1>
Package pdftex.def Info: ./svg-inkscape/metadynamics_comparison_svg-tex.pdf , p
age1 used on input line 56.
(pdftex.def)             Requested size: 295.90588pt x 239.14856pt.
)
File: FOLDING_PEPTIDE_PICTURE/folding_66.png Graphic file (type png)
<use FOLDING_PEPTIDE_PICTURE/folding_66.png>
Package pdftex.def Info: FOLDING_PEPTIDE_PICTURE/folding_66.png  used on input 
line 748.
(pdftex.def)             Requested size: 59.7483pt x 59.75095pt.

[87]
Underfull \vbox (badness 10000) has occurred while \output is active []

<FOLDING_PEPTIDE_PICTURE/folding_67.png, id=2158, 333.6465pt x 333.6465pt>
File: FOLDING_PEPTIDE_PICTURE/folding_67.png Graphic file (type png)
<use FOLDING_PEPTIDE_PICTURE/folding_67.png>
Package pdftex.def Info: FOLDING_PEPTIDE_PICTURE/folding_67.png  used on input 
line 765.
(pdftex.def)             Requested size: 59.7483pt x 59.75095pt.
 [88 <./svg-inkscape/metadynamics_comparison_svg-tex.pdf> <./FOLDING_PEPTIDE_PI
CTURE/folding_67.png>]
<FOLDING_PEPTIDE_PICTURE/folding_68.png, id=2251, 333.6465pt x 333.6465pt>
File: FOLDING_PEPTIDE_PICTURE/folding_68.png Graphic file (type png)
<use FOLDING_PEPTIDE_PICTURE/folding_68.png>
Package pdftex.def Info: FOLDING_PEPTIDE_PICTURE/folding_68.png  used on input 
line 790.
(pdftex.def)             Requested size: 59.7483pt x 59.75095pt.
 [89 <./FOLDING_PEPTIDE_PICTURE/folding_68.png>]
<FOLDING_PEPTIDE_PICTURE/folding_69.png, id=2260, 333.6465pt x 333.6465pt>
File: FOLDING_PEPTIDE_PICTURE/folding_69.png Graphic file (type png)
<use FOLDING_PEPTIDE_PICTURE/folding_69.png>
Package pdftex.def Info: FOLDING_PEPTIDE_PICTURE/folding_69.png  used on input 
line 823.
(pdftex.def)             Requested size: 59.7483pt x 59.75095pt.
 [90 <./FOLDING_PEPTIDE_PICTURE/folding_69.png>]
Package svg Info: Last page of `./svg-inkscape/helix_geometry_svg-tex.pdf' is 1
 on input line 833.
 (./svg-inkscape/helix_geometry_svg-tex.pdf_tex
<./svg-inkscape/helix_geometry_svg-tex.pdf, id=2273, page=1, 570.93298pt x 570.
93298pt>
File: ./svg-inkscape/helix_geometry_svg-tex.pdf Graphic file (type pdf)
<use ./svg-inkscape/helix_geometry_svg-tex.pdf, page 1>
Package pdftex.def Info: ./svg-inkscape/helix_geometry_svg-tex.pdf , page1 used
 on input line 56.
(pdftex.def)             Requested size: 295.90588pt x 295.91113pt.
)
Overfull \hbox (4.81758pt too wide) in paragraph at lines 846--847
\T1/ptm/m/n/12 (-20) When an-a-lyz-ing com-plex mul-ti-di-men-sional FES, it is
 of-ten nec-es-sary to project a high-dimensional
 []

<FOLDING_PEPTIDE_PICTURE/folding_70.png, id=2274, 333.6465pt x 333.6465pt>
File: FOLDING_PEPTIDE_PICTURE/folding_70.png Graphic file (type png)
<use FOLDING_PEPTIDE_PICTURE/folding_70.png>
Package pdftex.def Info: FOLDING_PEPTIDE_PICTURE/folding_70.png  used on input 
line 858.
(pdftex.def)             Requested size: 59.7483pt x 59.75095pt.
[91 <./FOLDING_PEPTIDE_PICTURE/folding_70.png>]
File: FOLDING_PEPTIDE_PICTURE/folding_70.png Graphic file (type png)
<use FOLDING_PEPTIDE_PICTURE/folding_70.png>
Package pdftex.def Info: FOLDING_PEPTIDE_PICTURE/folding_70.png  used on input 
line 858.
(pdftex.def)             Requested size: 59.7483pt x 59.75095pt.
 [92 <./svg-inkscape/helix_geometry_svg-tex.pdf>]

Package hyperref Warning: Token not allowed in a PDF string (Unicode):
(hyperref)                removing `math shift' on input line 885.


Package hyperref Warning: Token not allowed in a PDF string (Unicode):
(hyperref)                removing `\Delta' on input line 885.


Package hyperref Warning: Token not allowed in a PDF string (Unicode):
(hyperref)                removing `superscript' on input line 885.


Package hyperref Warning: Token not allowed in a PDF string (Unicode):
(hyperref)                removing `math shift' on input line 885.

<FOLDING_PEPTIDE_PICTURE/folding_71.png, id=2452, 333.6465pt x 333.6465pt>
File: FOLDING_PEPTIDE_PICTURE/folding_71.png Graphic file (type png)
<use FOLDING_PEPTIDE_PICTURE/folding_71.png>
Package pdftex.def Info: FOLDING_PEPTIDE_PICTURE/folding_71.png  used on input 
line 888.
(pdftex.def)             Requested size: 59.7483pt x 59.75095pt.
[93 <./FOLDING_PEPTIDE_PICTURE/folding_71.png>]
Underfull \vbox (badness 10000) has occurred while \output is active []

<FOLDING_PEPTIDE_PICTURE/folding_72.png, id=2461, 333.6465pt x 333.6465pt>
File: FOLDING_PEPTIDE_PICTURE/folding_72.png Graphic file (type png)
<use FOLDING_PEPTIDE_PICTURE/folding_72.png>
Package pdftex.def Info: FOLDING_PEPTIDE_PICTURE/folding_72.png  used on input 
line 914.
(pdftex.def)             Requested size: 59.7483pt x 59.75095pt.
 [94 <./FOLDING_PEPTIDE_PICTURE/folding_72.png>]
<FOLDING_PEPTIDE_PICTURE/folding_73.png, id=2476, 333.6465pt x 333.6465pt>
File: FOLDING_PEPTIDE_PICTURE/folding_73.png Graphic file (type png)
<use FOLDING_PEPTIDE_PICTURE/folding_73.png>
Package pdftex.def Info: FOLDING_PEPTIDE_PICTURE/folding_73.png  used on input 
line 947.
(pdftex.def)             Requested size: 59.7483pt x 59.75095pt.
 [95 <./FOLDING_PEPTIDE_PICTURE/folding_73.png>]
File: FOLDING_PEPTIDE_PICTURE/folding_73.png Graphic file (type png)
<use FOLDING_PEPTIDE_PICTURE/folding_73.png>
Package pdftex.def Info: FOLDING_PEPTIDE_PICTURE/folding_73.png  used on input 
line 973.
(pdftex.def)             Requested size: 59.7483pt x 59.75095pt.
 [96]
<FOLDING_PEPTIDE_PICTURE/folding_74.png, id=2498, 333.6465pt x 333.6465pt>
File: FOLDING_PEPTIDE_PICTURE/folding_74.png Graphic file (type png)
<use FOLDING_PEPTIDE_PICTURE/folding_74.png>
Package pdftex.def Info: FOLDING_PEPTIDE_PICTURE/folding_74.png  used on input 
line 999.
(pdftex.def)             Requested size: 59.7483pt x 59.75095pt.
 [97 <./FOLDING_PEPTIDE_PICTURE/folding_74.png>]
<FOLDING_PEPTIDE_PICTURE/folding_75.png, id=2524, 333.6465pt x 333.6465pt>
File: FOLDING_PEPTIDE_PICTURE/folding_75.png Graphic file (type png)
<use FOLDING_PEPTIDE_PICTURE/folding_75.png>
Package pdftex.def Info: FOLDING_PEPTIDE_PICTURE/folding_75.png  used on input 
line 1068.
(pdftex.def)             Requested size: 59.7483pt x 59.75095pt.
 [98 <./FOLDING_PEPTIDE_PICTURE/folding_75.png>]
Underfull \vbox (badness 10000) has occurred while \output is active []

<FOLDING_PEPTIDE_PICTURE/folding_76.png, id=2545, 333.6465pt x 333.6465pt>
File: FOLDING_PEPTIDE_PICTURE/folding_76.png Graphic file (type png)
<use FOLDING_PEPTIDE_PICTURE/folding_76.png>
Package pdftex.def Info: FOLDING_PEPTIDE_PICTURE/folding_76.png  used on input 
line 1095.
(pdftex.def)             Requested size: 59.7483pt x 59.75095pt.
 [99 <./FOLDING_PEPTIDE_PICTURE/folding_76.png>]
<General_Sections/Figures/esfera_bloch_tesis.png, id=2557, 737.154pt x 737.154p
t>
File: General_Sections/Figures/esfera_bloch_tesis.png Graphic file (type png)
<use General_Sections/Figures/esfera_bloch_tesis.png>
Package pdftex.def Info: General_Sections/Figures/esfera_bloch_tesis.png  used 
on input line 1116.
(pdftex.def)             Requested size: 273.14923pt x 273.15889pt.

Underfull \vbox (badness 2913) has occurred while \output is active []

File: FOLDING_PEPTIDE_PICTURE/folding_76.png Graphic file (type png)
<use FOLDING_PEPTIDE_PICTURE/folding_76.png>
Package pdftex.def Info: FOLDING_PEPTIDE_PICTURE/folding_76.png  used on input 
line 1124.
(pdftex.def)             Requested size: 59.7483pt x 59.75095pt.
 [100]
<FOLDING_PEPTIDE_PICTURE/folding_77.png, id=2568, 333.6465pt x 333.6465pt>
File: FOLDING_PEPTIDE_PICTURE/folding_77.png Graphic file (type png)
<use FOLDING_PEPTIDE_PICTURE/folding_77.png>
Package pdftex.def Info: FOLDING_PEPTIDE_PICTURE/folding_77.png  used on input 
line 1131.
(pdftex.def)             Requested size: 59.7483pt x 59.75095pt.

[101 <./General_Sections/Figures/esfera_bloch_tesis.png> <./FOLDING_PEPTIDE_PIC
TURE/folding_77.png>]
<FOLDING_PEPTIDE_PICTURE/folding_78.png, id=2578, 333.6465pt x 333.6465pt>
File: FOLDING_PEPTIDE_PICTURE/folding_78.png Graphic file (type png)
<use FOLDING_PEPTIDE_PICTURE/folding_78.png>
Package pdftex.def Info: FOLDING_PEPTIDE_PICTURE/folding_78.png  used on input 
line 1156.
(pdftex.def)             Requested size: 59.7483pt x 59.75095pt.
 [102 <./FOLDING_PEPTIDE_PICTURE/folding_78.png>]
<FOLDING_PEPTIDE_PICTURE/folding_79.png, id=2596, 333.6465pt x 333.6465pt>
File: FOLDING_PEPTIDE_PICTURE/folding_79.png Graphic file (type png)
<use FOLDING_PEPTIDE_PICTURE/folding_79.png>
Package pdftex.def Info: FOLDING_PEPTIDE_PICTURE/folding_79.png  used on input 
line 1192.
(pdftex.def)             Requested size: 59.7483pt x 59.75095pt.
 [103 <./FOLDING_PEPTIDE_PICTURE/folding_79.png>]

Package hyperref Warning: Difference (2) between bookmark levels is greater 
(hyperref)                than one, level fixed on input line 1195.

File: FOLDING_PEPTIDE_PICTURE/folding_79.png Graphic file (type png)
<use FOLDING_PEPTIDE_PICTURE/folding_79.png>
Package pdftex.def Info: FOLDING_PEPTIDE_PICTURE/folding_79.png  used on input 
line 1226.
(pdftex.def)             Requested size: 59.7483pt x 59.75095pt.
[104]
<FOLDING_PEPTIDE_PICTURE/folding_80.png, id=2624, 333.6465pt x 333.6465pt>
File: FOLDING_PEPTIDE_PICTURE/folding_80.png Graphic file (type png)
<use FOLDING_PEPTIDE_PICTURE/folding_80.png>
Package pdftex.def Info: FOLDING_PEPTIDE_PICTURE/folding_80.png  used on input 
line 1249.
(pdftex.def)             Requested size: 59.7483pt x 59.75095pt.
 [105 <./FOLDING_PEPTIDE_PICTURE/folding_80.png>]
Underfull \vbox (badness 5878) has occurred while \output is active []

<FOLDING_PEPTIDE_PICTURE/folding_81.png, id=2636, 333.6465pt x 333.6465pt>
File: FOLDING_PEPTIDE_PICTURE/folding_81.png Graphic file (type png)
<use FOLDING_PEPTIDE_PICTURE/folding_81.png>
Package pdftex.def Info: FOLDING_PEPTIDE_PICTURE/folding_81.png  used on input 
line 1278.
(pdftex.def)             Requested size: 59.7483pt x 59.75095pt.
 [106 <./FOLDING_PEPTIDE_PICTURE/folding_81.png>]
<FOLDING_PEPTIDE_PICTURE/folding_82.png, id=2648, 333.6465pt x 333.6465pt>
File: FOLDING_PEPTIDE_PICTURE/folding_82.png Graphic file (type png)
<use FOLDING_PEPTIDE_PICTURE/folding_82.png>
Package pdftex.def Info: FOLDING_PEPTIDE_PICTURE/folding_82.png  used on input 
line 1303.
(pdftex.def)             Requested size: 59.7483pt x 59.75095pt.
 [107 <./FOLDING_PEPTIDE_PICTURE/folding_82.png>]
<General_Sections/Figures/vqe_demonstration.jpg, id=2662, 1531.7225pt x 712.662
5pt>
File: General_Sections/Figures/vqe_demonstration.jpg Graphic file (type jpg)
<use General_Sections/Figures/vqe_demonstration.jpg>
Package pdftex.def Info: General_Sections/Figures/vqe_demonstration.jpg  used o
n input line 1319.
(pdftex.def)             Requested size: 364.19667pt x 169.44397pt.
File: FOLDING_PEPTIDE_PICTURE/folding_82.png Graphic file (type png)
<use FOLDING_PEPTIDE_PICTURE/folding_82.png>
Package pdftex.def Info: FOLDING_PEPTIDE_PICTURE/folding_82.png  used on input 
line 1362.
(pdftex.def)             Requested size: 59.7483pt x 59.75095pt.
 [108 <./General_Sections/Figures/vqe_demonstration.jpg>]
<FOLDING_PEPTIDE_PICTURE/folding_83.png, id=2683, 333.6465pt x 333.6465pt>
File: FOLDING_PEPTIDE_PICTURE/folding_83.png Graphic file (type png)
<use FOLDING_PEPTIDE_PICTURE/folding_83.png>
Package pdftex.def Info: FOLDING_PEPTIDE_PICTURE/folding_83.png  used on input 
line 1387.
(pdftex.def)             Requested size: 59.7483pt x 59.75095pt.
 [109 <./FOLDING_PEPTIDE_PICTURE/folding_83.png>]
Underfull \vbox (badness 1466) has occurred while \output is active []

<FOLDING_PEPTIDE_PICTURE/folding_84.png, id=2699, 333.6465pt x 333.6465pt>
File: FOLDING_PEPTIDE_PICTURE/folding_84.png Graphic file (type png)
<use FOLDING_PEPTIDE_PICTURE/folding_84.png>
Package pdftex.def Info: FOLDING_PEPTIDE_PICTURE/folding_84.png  used on input 
line 1414.
(pdftex.def)             Requested size: 59.7483pt x 59.75095pt.
 [110 <./FOLDING_PEPTIDE_PICTURE/folding_84.png>]
Underfull \vbox (badness 10000) has occurred while \output is active []

<FOLDING_PEPTIDE_PICTURE/folding_85.png, id=2709, 333.6465pt x 333.6465pt>
File: FOLDING_PEPTIDE_PICTURE/folding_85.png Graphic file (type png)
<use FOLDING_PEPTIDE_PICTURE/folding_85.png>
Package pdftex.def Info: FOLDING_PEPTIDE_PICTURE/folding_85.png  used on input 
line 1436.
(pdftex.def)             Requested size: 59.7483pt x 59.75095pt.
 [111 <./FOLDING_PEPTIDE_PICTURE/folding_85.png>]
File: FOLDING_PEPTIDE_PICTURE/folding_85.png Graphic file (type png)
<use FOLDING_PEPTIDE_PICTURE/folding_85.png>
Package pdftex.def Info: FOLDING_PEPTIDE_PICTURE/folding_85.png  used on input 
line 1457.
(pdftex.def)             Requested size: 59.7483pt x 59.75095pt.
 [112]
<General_Sections/Figures/qaoa_demonstration.png, id=2728, 344.28625pt x 168.63
pt>
File: General_Sections/Figures/qaoa_demonstration.png Graphic file (type png)
<use General_Sections/Figures/qaoa_demonstration.png>
Package pdftex.def Info: General_Sections/Figures/qaoa_demonstration.png  used 
on input line 1468.
(pdftex.def)             Requested size: 364.19667pt x 178.38412pt.

Underfull \vbox (badness 10000) has occurred while \output is active []

<FOLDING_PEPTIDE_PICTURE/folding_86.png, id=2729, 333.6465pt x 333.6465pt>
File: FOLDING_PEPTIDE_PICTURE/folding_86.png Graphic file (type png)
<use FOLDING_PEPTIDE_PICTURE/folding_86.png>
Package pdftex.def Info: FOLDING_PEPTIDE_PICTURE/folding_86.png  used on input 
line 1477.
(pdftex.def)             Requested size: 59.7483pt x 59.75095pt.
 [113 <./General_Sections/Figures/qaoa_demonstration.png> <./FOLDING_PEPTIDE_PI
CTURE/folding_86.png>]
<FOLDING_PEPTIDE_PICTURE/folding_87.png, id=2748, 333.6465pt x 333.6465pt>
File: FOLDING_PEPTIDE_PICTURE/folding_87.png Graphic file (type png)
<use FOLDING_PEPTIDE_PICTURE/folding_87.png>
Package pdftex.def Info: FOLDING_PEPTIDE_PICTURE/folding_87.png  used on input 
line 1505.
(pdftex.def)             Requested size: 59.7483pt x 59.75095pt.
 [114 <./FOLDING_PEPTIDE_PICTURE/folding_87.png>]
<FOLDING_PEPTIDE_PICTURE/folding_88.png, id=2761, 333.6465pt x 333.6465pt>
File: FOLDING_PEPTIDE_PICTURE/folding_88.png Graphic file (type png)
<use FOLDING_PEPTIDE_PICTURE/folding_88.png>
Package pdftex.def Info: FOLDING_PEPTIDE_PICTURE/folding_88.png  used on input 
line 1521.
(pdftex.def)             Requested size: 59.7483pt x 59.75095pt.
 [115 <./FOLDING_PEPTIDE_PICTURE/folding_88.png>]
<FOLDING_PEPTIDE_PICTURE/folding_89.png, id=2778, 333.6465pt x 333.6465pt>
File: FOLDING_PEPTIDE_PICTURE/folding_89.png Graphic file (type png)
<use FOLDING_PEPTIDE_PICTURE/folding_89.png>
Package pdftex.def Info: FOLDING_PEPTIDE_PICTURE/folding_89.png  used on input 
line 1558.
(pdftex.def)             Requested size: 59.7483pt x 59.75095pt.
 [116 <./FOLDING_PEPTIDE_PICTURE/folding_89.png>])
File: FOLDING_PEPTIDE_PICTURE/folding_89.png Graphic file (type png)
<use FOLDING_PEPTIDE_PICTURE/folding_89.png>
Package pdftex.def Info: FOLDING_PEPTIDE_PICTURE/folding_89.png  used on input 
line 406.
(pdftex.def)             Requested size: 59.7483pt x 59.75095pt.
 [117]
\openout2 = `Results_Discussion/Results.aux'.

 (./Results_Discussion/Results.tex
Chapter 4.
[118




] [119

]
<Results_Discussion/Papers/Papers_principales/Introduction_lipids_compressed.pd
f, id=2804, page=1, 597.62169pt x 844.81926pt>
File: Results_Discussion/Papers/Papers_principales/Introduction_lipids_compress
ed.pdf Graphic file (type pdf)
<use Results_Discussion/Papers/Papers_principales/Introduction_lipids_compresse
d.pdf, page 1>
Package pdftex.def Info: Results_Discussion/Papers/Papers_principales/Introduct
ion_lipids_compressed.pdf , page1 used on input line 10.
(pdftex.def)             Requested size: 435.57324pt x 580.4714pt.
<Results_Discussion/Papers/Papers_principales/Introduction_lipids_compressed.pd
f, id=2806, 597.62169pt x 844.81926pt>
File: Results_Discussion/Papers/Papers_principales/Introduction_lipids_compress
ed.pdf Graphic file (type pdf)
<use Results_Discussion/Papers/Papers_principales/Introduction_lipids_compresse
d.pdf>
Package pdftex.def Info: Results_Discussion/Papers/Papers_principales/Introduct
ion_lipids_compressed.pdf  used on input line 15.
(pdftex.def)             Requested size: 597.62022pt x 844.8172pt.
<Results_Discussion/Papers/Papers_principales/Introduction_lipids_compressed.pd
f, id=2808, page=2, 597.62169pt x 844.81926pt>
File: Results_Discussion/Papers/Papers_principales/Introduction_lipids_compress
ed.pdf Graphic file (type pdf)
<use Results_Discussion/Papers/Papers_principales/Introduction_lipids_compresse
d.pdf, page 2>
Package pdftex.def Info: Results_Discussion/Papers/Papers_principales/Introduct
ion_lipids_compressed.pdf , page2 used on input line 15.
(pdftex.def)             Requested size: 523.52794pt x 740.14319pt.
File: Results_Discussion/Papers/Papers_principales/Introduction_lipids_compress
ed.pdf Graphic file (type pdf)
<use Results_Discussion/Papers/Papers_principales/Introduction_lipids_compresse
d.pdf, page 2>
Package pdftex.def Info: Results_Discussion/Papers/Papers_principales/Introduct
ion_lipids_compressed.pdf , page2 used on input line 15.
(pdftex.def)             Requested size: 682.4539pt x 964.74112pt.
<FOLDING_PEPTIDE_PICTURE/folding_92.png, id=2809, 333.6465pt x 333.6465pt>
File: FOLDING_PEPTIDE_PICTURE/folding_92.png Graphic file (type png)
<use FOLDING_PEPTIDE_PICTURE/folding_92.png>
Package pdftex.def Info: FOLDING_PEPTIDE_PICTURE/folding_92.png  used on input 
line 15.
(pdftex.def)             Requested size: 59.7483pt x 59.75095pt.
 [120 <./FOLDING_PEPTIDE_PICTURE/folding_92.png> <./Results_Discussion/Papers/P
apers_principales/Introduction_lipids_compressed.pdf>]
File: Results_Discussion/Papers/Papers_principales/Introduction_lipids_compress
ed.pdf Graphic file (type pdf)
<use Results_Discussion/Papers/Papers_principales/Introduction_lipids_compresse
d.pdf, page 2>
Package pdftex.def Info: Results_Discussion/Papers/Papers_principales/Introduct
ion_lipids_compressed.pdf , page2 used on input line 15.
(pdftex.def)             Requested size: 682.4539pt x 964.74112pt.
File: Results_Discussion/Papers/Papers_principales/Introduction_lipids_compress
ed.pdf Graphic file (type pdf)
<use Results_Discussion/Papers/Papers_principales/Introduction_lipids_compresse
d.pdf, page 2>
Package pdftex.def Info: Results_Discussion/Papers/Papers_principales/Introduct
ion_lipids_compressed.pdf , page2 used on input line 15.
(pdftex.def)             Requested size: 682.4539pt x 964.74112pt.
File: FOLDING_PEPTIDE_PICTURE/folding_92.png Graphic file (type png)
<use FOLDING_PEPTIDE_PICTURE/folding_92.png>
Package pdftex.def Info: FOLDING_PEPTIDE_PICTURE/folding_92.png  used on input 
line 15.
(pdftex.def)             Requested size: 59.7483pt x 59.75095pt.
File: Results_Discussion/Papers/Papers_principales/Introduction_lipids_compress
ed.pdf Graphic file (type pdf)
<use Results_Discussion/Papers/Papers_principales/Introduction_lipids_compresse
d.pdf, page 2>
Package pdftex.def Info: Results_Discussion/Papers/Papers_principales/Introduct
ion_lipids_compressed.pdf , page2 used on input line 15.
(pdftex.def)             Requested size: 682.4539pt x 964.74112pt.
 [121

 <./Results_Discussion/Papers/Papers_principales/Introduction_lipids_compressed
.pdf>]
<Results_Discussion/Papers/Papers_principales/Introduction_lipids_compressed.pd
f, id=2877, page=3, 597.62169pt x 844.81926pt>
File: Results_Discussion/Papers/Papers_principales/Introduction_lipids_compress
ed.pdf Graphic file (type pdf)
<use Results_Discussion/Papers/Papers_principales/Introduction_lipids_compresse
d.pdf, page 3>
Package pdftex.def Info: Results_Discussion/Papers/Papers_principales/Introduct
ion_lipids_compressed.pdf , page3 used on input line 15.
(pdftex.def)             Requested size: 682.4539pt x 964.74112pt.
File: Results_Discussion/Papers/Papers_principales/Introduction_lipids_compress
ed.pdf Graphic file (type pdf)
<use Results_Discussion/Papers/Papers_principales/Introduction_lipids_compresse
d.pdf, page 3>
Package pdftex.def Info: Results_Discussion/Papers/Papers_principales/Introduct
ion_lipids_compressed.pdf , page3 used on input line 15.
(pdftex.def)             Requested size: 682.4539pt x 964.74112pt.
<FOLDING_PEPTIDE_PICTURE/folding_93.png, id=2878, 333.6465pt x 333.6465pt>
File: FOLDING_PEPTIDE_PICTURE/folding_93.png Graphic file (type png)
<use FOLDING_PEPTIDE_PICTURE/folding_93.png>
Package pdftex.def Info: FOLDING_PEPTIDE_PICTURE/folding_93.png  used on input 
line 15.
(pdftex.def)             Requested size: 59.7483pt x 59.75095pt.
File: Results_Discussion/Papers/Papers_principales/Introduction_lipids_compress
ed.pdf Graphic file (type pdf)
<use Results_Discussion/Papers/Papers_principales/Introduction_lipids_compresse
d.pdf, page 3>
Package pdftex.def Info: Results_Discussion/Papers/Papers_principales/Introduct
ion_lipids_compressed.pdf , page3 used on input line 15.
(pdftex.def)             Requested size: 682.4539pt x 964.74112pt.

[122

 <./Results_Discussion/Papers/Papers_principales/Introduction_lipids_compressed
.pdf> <./FOLDING_PEPTIDE_PICTURE/folding_93.png>]
<Results_Discussion/Papers/Papers_principales/Introduction_lipids_compressed.pd
f, id=2892, page=4, 597.62169pt x 845.0471pt>
File: Results_Discussion/Papers/Papers_principales/Introduction_lipids_compress
ed.pdf Graphic file (type pdf)
<use Results_Discussion/Papers/Papers_principales/Introduction_lipids_compresse
d.pdf, page 4>
Package pdftex.def Info: Results_Discussion/Papers/Papers_principales/Introduct
ion_lipids_compressed.pdf , page4 used on input line 15.
(pdftex.def)             Requested size: 682.4539pt x 965.00131pt.
File: Results_Discussion/Papers/Papers_principales/Introduction_lipids_compress
ed.pdf Graphic file (type pdf)
<use Results_Discussion/Papers/Papers_principales/Introduction_lipids_compresse
d.pdf, page 4>
Package pdftex.def Info: Results_Discussion/Papers/Papers_principales/Introduct
ion_lipids_compressed.pdf , page4 used on input line 15.
(pdftex.def)             Requested size: 682.4539pt x 965.00131pt.
<FOLDING_PEPTIDE_PICTURE/folding_94.png, id=2893, 333.6465pt x 333.6465pt>
File: FOLDING_PEPTIDE_PICTURE/folding_94.png Graphic file (type png)
<use FOLDING_PEPTIDE_PICTURE/folding_94.png>
Package pdftex.def Info: FOLDING_PEPTIDE_PICTURE/folding_94.png  used on input 
line 15.
(pdftex.def)             Requested size: 59.7483pt x 59.75095pt.
File: Results_Discussion/Papers/Papers_principales/Introduction_lipids_compress
ed.pdf Graphic file (type pdf)
<use Results_Discussion/Papers/Papers_principales/Introduction_lipids_compresse
d.pdf, page 4>
Package pdftex.def Info: Results_Discussion/Papers/Papers_principales/Introduct
ion_lipids_compressed.pdf , page4 used on input line 15.
(pdftex.def)             Requested size: 682.4539pt x 965.00131pt.
 [123

 <./Results_Discussion/Papers/Papers_principales/Introduction_lipids_compressed
.pdf> <./FOLDING_PEPTIDE_PICTURE/folding_94.png>]
<Results_Discussion/Papers/Papers_principales/Introduction_lipids_compressed.pd
f, id=2904, page=5, 597.62169pt x 845.0471pt>
File: Results_Discussion/Papers/Papers_principales/Introduction_lipids_compress
ed.pdf Graphic file (type pdf)
<use Results_Discussion/Papers/Papers_principales/Introduction_lipids_compresse
d.pdf, page 5>
Package pdftex.def Info: Results_Discussion/Papers/Papers_principales/Introduct
ion_lipids_compressed.pdf , page5 used on input line 15.
(pdftex.def)             Requested size: 682.4539pt x 965.00131pt.
File: Results_Discussion/Papers/Papers_principales/Introduction_lipids_compress
ed.pdf Graphic file (type pdf)
<use Results_Discussion/Papers/Papers_principales/Introduction_lipids_compresse
d.pdf, page 5>
Package pdftex.def Info: Results_Discussion/Papers/Papers_principales/Introduct
ion_lipids_compressed.pdf , page5 used on input line 15.
(pdftex.def)             Requested size: 682.4539pt x 965.00131pt.
<FOLDING_PEPTIDE_PICTURE/folding_95.png, id=2905, 333.6465pt x 333.6465pt>
File: FOLDING_PEPTIDE_PICTURE/folding_95.png Graphic file (type png)
<use FOLDING_PEPTIDE_PICTURE/folding_95.png>
Package pdftex.def Info: FOLDING_PEPTIDE_PICTURE/folding_95.png  used on input 
line 15.
(pdftex.def)             Requested size: 59.7483pt x 59.75095pt.
File: Results_Discussion/Papers/Papers_principales/Introduction_lipids_compress
ed.pdf Graphic file (type pdf)
<use Results_Discussion/Papers/Papers_principales/Introduction_lipids_compresse
d.pdf, page 5>
Package pdftex.def Info: Results_Discussion/Papers/Papers_principales/Introduct
ion_lipids_compressed.pdf , page5 used on input line 15.
(pdftex.def)             Requested size: 682.4539pt x 965.00131pt.
 [124

 <./Results_Discussion/Papers/Papers_principales/Introduction_lipids_compressed
.pdf> <./FOLDING_PEPTIDE_PICTURE/folding_95.png>]
<Results_Discussion/Papers/Papers_principales/Introduction_lipids_compressed.pd
f, id=2919, page=6, 597.62169pt x 845.0471pt>
File: Results_Discussion/Papers/Papers_principales/Introduction_lipids_compress
ed.pdf Graphic file (type pdf)
<use Results_Discussion/Papers/Papers_principales/Introduction_lipids_compresse
d.pdf, page 6>
Package pdftex.def Info: Results_Discussion/Papers/Papers_principales/Introduct
ion_lipids_compressed.pdf , page6 used on input line 15.
(pdftex.def)             Requested size: 682.4539pt x 965.00131pt.
File: Results_Discussion/Papers/Papers_principales/Introduction_lipids_compress
ed.pdf Graphic file (type pdf)
<use Results_Discussion/Papers/Papers_principales/Introduction_lipids_compresse
d.pdf, page 6>
Package pdftex.def Info: Results_Discussion/Papers/Papers_principales/Introduct
ion_lipids_compressed.pdf , page6 used on input line 15.
(pdftex.def)             Requested size: 682.4539pt x 965.00131pt.
File: FOLDING_PEPTIDE_PICTURE/folding_95.png Graphic file (type png)
<use FOLDING_PEPTIDE_PICTURE/folding_95.png>
Package pdftex.def Info: FOLDING_PEPTIDE_PICTURE/folding_95.png  used on input 
line 15.
(pdftex.def)             Requested size: 59.7483pt x 59.75095pt.
File: Results_Discussion/Papers/Papers_principales/Introduction_lipids_compress
ed.pdf Graphic file (type pdf)
<use Results_Discussion/Papers/Papers_principales/Introduction_lipids_compresse
d.pdf, page 6>
Package pdftex.def Info: Results_Discussion/Papers/Papers_principales/Introduct
ion_lipids_compressed.pdf , page6 used on input line 15.
(pdftex.def)             Requested size: 682.4539pt x 965.00131pt.
 [125

 <./Results_Discussion/Papers/Papers_principales/Introduction_lipids_compressed
.pdf>]
<Results_Discussion/Papers/Papers_principales/Introduction_lipids_compressed.pd
f, id=2927, page=7, 597.62169pt x 844.81926pt>
File: Results_Discussion/Papers/Papers_principales/Introduction_lipids_compress
ed.pdf Graphic file (type pdf)
<use Results_Discussion/Papers/Papers_principales/Introduction_lipids_compresse
d.pdf, page 7>
Package pdftex.def Info: Results_Discussion/Papers/Papers_principales/Introduct
ion_lipids_compressed.pdf , page7 used on input line 15.
(pdftex.def)             Requested size: 682.4539pt x 964.74112pt.
File: Results_Discussion/Papers/Papers_principales/Introduction_lipids_compress
ed.pdf Graphic file (type pdf)
<use Results_Discussion/Papers/Papers_principales/Introduction_lipids_compresse
d.pdf, page 7>
Package pdftex.def Info: Results_Discussion/Papers/Papers_principales/Introduct
ion_lipids_compressed.pdf , page7 used on input line 15.
(pdftex.def)             Requested size: 682.4539pt x 964.74112pt.
<FOLDING_PEPTIDE_PICTURE/folding_96.png, id=2928, 333.6465pt x 333.6465pt>
File: FOLDING_PEPTIDE_PICTURE/folding_96.png Graphic file (type png)
<use FOLDING_PEPTIDE_PICTURE/folding_96.png>
Package pdftex.def Info: FOLDING_PEPTIDE_PICTURE/folding_96.png  used on input 
line 15.
(pdftex.def)             Requested size: 59.7483pt x 59.75095pt.
File: Results_Discussion/Papers/Papers_principales/Introduction_lipids_compress
ed.pdf Graphic file (type pdf)
<use Results_Discussion/Papers/Papers_principales/Introduction_lipids_compresse
d.pdf, page 7>
Package pdftex.def Info: Results_Discussion/Papers/Papers_principales/Introduct
ion_lipids_compressed.pdf , page7 used on input line 15.
(pdftex.def)             Requested size: 682.4539pt x 964.74112pt.
 [126

 <./Results_Discussion/Papers/Papers_principales/Introduction_lipids_compressed
.pdf> <./FOLDING_PEPTIDE_PICTURE/folding_96.png>]
<Results_Discussion/Papers/Papers_principales/Introduction_lipids_compressed.pd
f, id=2938, page=8, 597.62169pt x 845.0471pt>
File: Results_Discussion/Papers/Papers_principales/Introduction_lipids_compress
ed.pdf Graphic file (type pdf)
<use Results_Discussion/Papers/Papers_principales/Introduction_lipids_compresse
d.pdf, page 8>
Package pdftex.def Info: Results_Discussion/Papers/Papers_principales/Introduct
ion_lipids_compressed.pdf , page8 used on input line 15.
(pdftex.def)             Requested size: 682.4539pt x 965.00131pt.
File: Results_Discussion/Papers/Papers_principales/Introduction_lipids_compress
ed.pdf Graphic file (type pdf)
<use Results_Discussion/Papers/Papers_principales/Introduction_lipids_compresse
d.pdf, page 8>
Package pdftex.def Info: Results_Discussion/Papers/Papers_principales/Introduct
ion_lipids_compressed.pdf , page8 used on input line 15.
(pdftex.def)             Requested size: 682.4539pt x 965.00131pt.
<FOLDING_PEPTIDE_PICTURE/folding_97.png, id=2939, 333.6465pt x 333.6465pt>
File: FOLDING_PEPTIDE_PICTURE/folding_97.png Graphic file (type png)
<use FOLDING_PEPTIDE_PICTURE/folding_97.png>
Package pdftex.def Info: FOLDING_PEPTIDE_PICTURE/folding_97.png  used on input 
line 15.
(pdftex.def)             Requested size: 59.7483pt x 59.75095pt.
File: Results_Discussion/Papers/Papers_principales/Introduction_lipids_compress
ed.pdf Graphic file (type pdf)
<use Results_Discussion/Papers/Papers_principales/Introduction_lipids_compresse
d.pdf, page 8>
Package pdftex.def Info: Results_Discussion/Papers/Papers_principales/Introduct
ion_lipids_compressed.pdf , page8 used on input line 15.
(pdftex.def)             Requested size: 682.4539pt x 965.00131pt.
 [127

 <./Results_Discussion/Papers/Papers_principales/Introduction_lipids_compressed
.pdf> <./FOLDING_PEPTIDE_PICTURE/folding_97.png>]
<Results_Discussion/Papers/Papers_principales/Introduction_lipids_compressed.pd
f, id=2946, page=9, 597.62169pt x 845.0471pt>
File: Results_Discussion/Papers/Papers_principales/Introduction_lipids_compress
ed.pdf Graphic file (type pdf)
<use Results_Discussion/Papers/Papers_principales/Introduction_lipids_compresse
d.pdf, page 9>
Package pdftex.def Info: Results_Discussion/Papers/Papers_principales/Introduct
ion_lipids_compressed.pdf , page9 used on input line 15.
(pdftex.def)             Requested size: 682.4539pt x 965.00131pt.
File: Results_Discussion/Papers/Papers_principales/Introduction_lipids_compress
ed.pdf Graphic file (type pdf)
<use Results_Discussion/Papers/Papers_principales/Introduction_lipids_compresse
d.pdf, page 9>
Package pdftex.def Info: Results_Discussion/Papers/Papers_principales/Introduct
ion_lipids_compressed.pdf , page9 used on input line 15.
(pdftex.def)             Requested size: 682.4539pt x 965.00131pt.
<FOLDING_PEPTIDE_PICTURE/folding_98.png, id=2947, 333.6465pt x 333.6465pt>
File: FOLDING_PEPTIDE_PICTURE/folding_98.png Graphic file (type png)
<use FOLDING_PEPTIDE_PICTURE/folding_98.png>
Package pdftex.def Info: FOLDING_PEPTIDE_PICTURE/folding_98.png  used on input 
line 15.
(pdftex.def)             Requested size: 59.7483pt x 59.75095pt.
File: Results_Discussion/Papers/Papers_principales/Introduction_lipids_compress
ed.pdf Graphic file (type pdf)
<use Results_Discussion/Papers/Papers_principales/Introduction_lipids_compresse
d.pdf, page 9>
Package pdftex.def Info: Results_Discussion/Papers/Papers_principales/Introduct
ion_lipids_compressed.pdf , page9 used on input line 15.
(pdftex.def)             Requested size: 682.4539pt x 965.00131pt.
 [128

 <./Results_Discussion/Papers/Papers_principales/Introduction_lipids_compressed
.pdf> <./FOLDING_PEPTIDE_PICTURE/folding_98.png>]
<Results_Discussion/Papers/Papers_principales/Introduction_lipids_compressed.pd
f, id=2953, page=10, 597.62169pt x 844.81926pt>
File: Results_Discussion/Papers/Papers_principales/Introduction_lipids_compress
ed.pdf Graphic file (type pdf)
<use Results_Discussion/Papers/Papers_principales/Introduction_lipids_compresse
d.pdf, page 10>
Package pdftex.def Info: Results_Discussion/Papers/Papers_principales/Introduct
ion_lipids_compressed.pdf , page10 used on input line 15.
(pdftex.def)             Requested size: 682.4539pt x 964.74112pt.
File: Results_Discussion/Papers/Papers_principales/Introduction_lipids_compress
ed.pdf Graphic file (type pdf)
<use Results_Discussion/Papers/Papers_principales/Introduction_lipids_compresse
d.pdf, page 10>
Package pdftex.def Info: Results_Discussion/Papers/Papers_principales/Introduct
ion_lipids_compressed.pdf , page10 used on input line 15.
(pdftex.def)             Requested size: 682.4539pt x 964.74112pt.
File: FOLDING_PEPTIDE_PICTURE/folding_98.png Graphic file (type png)
<use FOLDING_PEPTIDE_PICTURE/folding_98.png>
Package pdftex.def Info: FOLDING_PEPTIDE_PICTURE/folding_98.png  used on input 
line 15.
(pdftex.def)             Requested size: 59.7483pt x 59.75095pt.
File: Results_Discussion/Papers/Papers_principales/Introduction_lipids_compress
ed.pdf Graphic file (type pdf)
<use Results_Discussion/Papers/Papers_principales/Introduction_lipids_compresse
d.pdf, page 10>
Package pdftex.def Info: Results_Discussion/Papers/Papers_principales/Introduct
ion_lipids_compressed.pdf , page10 used on input line 15.
(pdftex.def)             Requested size: 682.4539pt x 964.74112pt.
 [129

 <./Results_Discussion/Papers/Papers_principales/Introduction_lipids_compressed
.pdf>]
<Results_Discussion/Papers/Papers_principales/Introduction_lipids_compressed.pd
f, id=2959, page=11, 597.62169pt x 845.0471pt>
File: Results_Discussion/Papers/Papers_principales/Introduction_lipids_compress
ed.pdf Graphic file (type pdf)
<use Results_Discussion/Papers/Papers_principales/Introduction_lipids_compresse
d.pdf, page 11>
Package pdftex.def Info: Results_Discussion/Papers/Papers_principales/Introduct
ion_lipids_compressed.pdf , page11 used on input line 15.
(pdftex.def)             Requested size: 682.4539pt x 965.00131pt.
File: Results_Discussion/Papers/Papers_principales/Introduction_lipids_compress
ed.pdf Graphic file (type pdf)
<use Results_Discussion/Papers/Papers_principales/Introduction_lipids_compresse
d.pdf, page 11>
Package pdftex.def Info: Results_Discussion/Papers/Papers_principales/Introduct
ion_lipids_compressed.pdf , page11 used on input line 15.
(pdftex.def)             Requested size: 682.4539pt x 965.00131pt.
<FOLDING_PEPTIDE_PICTURE/folding_99.png, id=2960, 333.6465pt x 333.6465pt>
File: FOLDING_PEPTIDE_PICTURE/folding_99.png Graphic file (type png)
<use FOLDING_PEPTIDE_PICTURE/folding_99.png>
Package pdftex.def Info: FOLDING_PEPTIDE_PICTURE/folding_99.png  used on input 
line 15.
(pdftex.def)             Requested size: 59.7483pt x 59.75095pt.
File: Results_Discussion/Papers/Papers_principales/Introduction_lipids_compress
ed.pdf Graphic file (type pdf)
<use Results_Discussion/Papers/Papers_principales/Introduction_lipids_compresse
d.pdf, page 11>
Package pdftex.def Info: Results_Discussion/Papers/Papers_principales/Introduct
ion_lipids_compressed.pdf , page11 used on input line 15.
(pdftex.def)             Requested size: 682.4539pt x 965.00131pt.
 [130

 <./Results_Discussion/Papers/Papers_principales/Introduction_lipids_compressed
.pdf> <./FOLDING_PEPTIDE_PICTURE/folding_99.png>]
<Results_Discussion/Papers/Papers_principales/Introduction_lipids_compressed.pd
f, id=2966, page=12, 597.62169pt x 845.0471pt>
File: Results_Discussion/Papers/Papers_principales/Introduction_lipids_compress
ed.pdf Graphic file (type pdf)
<use Results_Discussion/Papers/Papers_principales/Introduction_lipids_compresse
d.pdf, page 12>
Package pdftex.def Info: Results_Discussion/Papers/Papers_principales/Introduct
ion_lipids_compressed.pdf , page12 used on input line 15.
(pdftex.def)             Requested size: 682.4539pt x 965.00131pt.
File: Results_Discussion/Papers/Papers_principales/Introduction_lipids_compress
ed.pdf Graphic file (type pdf)
<use Results_Discussion/Papers/Papers_principales/Introduction_lipids_compresse
d.pdf, page 12>
Package pdftex.def Info: Results_Discussion/Papers/Papers_principales/Introduct
ion_lipids_compressed.pdf , page12 used on input line 15.
(pdftex.def)             Requested size: 682.4539pt x 965.00131pt.
<FOLDING_PEPTIDE_PICTURE/folding_100.png, id=2967, 333.6465pt x 333.6465pt>
File: FOLDING_PEPTIDE_PICTURE/folding_100.png Graphic file (type png)
<use FOLDING_PEPTIDE_PICTURE/folding_100.png>
Package pdftex.def Info: FOLDING_PEPTIDE_PICTURE/folding_100.png  used on input
 line 15.
(pdftex.def)             Requested size: 59.7483pt x 59.75095pt.
File: Results_Discussion/Papers/Papers_principales/Introduction_lipids_compress
ed.pdf Graphic file (type pdf)
<use Results_Discussion/Papers/Papers_principales/Introduction_lipids_compresse
d.pdf, page 12>
Package pdftex.def Info: Results_Discussion/Papers/Papers_principales/Introduct
ion_lipids_compressed.pdf , page12 used on input line 15.
(pdftex.def)             Requested size: 682.4539pt x 965.00131pt.
 [131

 <./Results_Discussion/Papers/Papers_principales/Introduction_lipids_compressed
.pdf> <./FOLDING_PEPTIDE_PICTURE/folding_100.png>]
<Results_Discussion/Papers/Papers_principales/Introduction_lipids_compressed.pd
f, id=2976, page=13, 597.62169pt x 844.81926pt>
File: Results_Discussion/Papers/Papers_principales/Introduction_lipids_compress
ed.pdf Graphic file (type pdf)
<use Results_Discussion/Papers/Papers_principales/Introduction_lipids_compresse
d.pdf, page 13>
Package pdftex.def Info: Results_Discussion/Papers/Papers_principales/Introduct
ion_lipids_compressed.pdf , page13 used on input line 15.
(pdftex.def)             Requested size: 682.4539pt x 964.74112pt.
File: Results_Discussion/Papers/Papers_principales/Introduction_lipids_compress
ed.pdf Graphic file (type pdf)
<use Results_Discussion/Papers/Papers_principales/Introduction_lipids_compresse
d.pdf, page 13>
Package pdftex.def Info: Results_Discussion/Papers/Papers_principales/Introduct
ion_lipids_compressed.pdf , page13 used on input line 15.
(pdftex.def)             Requested size: 682.4539pt x 964.74112pt.
<FOLDING_PEPTIDE_PICTURE/folding_101.png, id=2977, 333.6465pt x 333.6465pt>
File: FOLDING_PEPTIDE_PICTURE/folding_101.png Graphic file (type png)
<use FOLDING_PEPTIDE_PICTURE/folding_101.png>
Package pdftex.def Info: FOLDING_PEPTIDE_PICTURE/folding_101.png  used on input
 line 15.
(pdftex.def)             Requested size: 59.7483pt x 59.75095pt.
File: Results_Discussion/Papers/Papers_principales/Introduction_lipids_compress
ed.pdf Graphic file (type pdf)
<use Results_Discussion/Papers/Papers_principales/Introduction_lipids_compresse
d.pdf, page 13>
Package pdftex.def Info: Results_Discussion/Papers/Papers_principales/Introduct
ion_lipids_compressed.pdf , page13 used on input line 15.
(pdftex.def)             Requested size: 682.4539pt x 964.74112pt.
 [132

 <./Results_Discussion/Papers/Papers_principales/Introduction_lipids_compressed
.pdf> <./FOLDING_PEPTIDE_PICTURE/folding_101.png>]
<Results_Discussion/Papers/Papers_principales/Introduction_lipids_compressed.pd
f, id=2984, page=14, 597.62169pt x 845.0471pt>
File: Results_Discussion/Papers/Papers_principales/Introduction_lipids_compress
ed.pdf Graphic file (type pdf)
<use Results_Discussion/Papers/Papers_principales/Introduction_lipids_compresse
d.pdf, page 14>
Package pdftex.def Info: Results_Discussion/Papers/Papers_principales/Introduct
ion_lipids_compressed.pdf , page14 used on input line 15.
(pdftex.def)             Requested size: 682.4539pt x 965.00131pt.
File: Results_Discussion/Papers/Papers_principales/Introduction_lipids_compress
ed.pdf Graphic file (type pdf)
<use Results_Discussion/Papers/Papers_principales/Introduction_lipids_compresse
d.pdf, page 14>
Package pdftex.def Info: Results_Discussion/Papers/Papers_principales/Introduct
ion_lipids_compressed.pdf , page14 used on input line 15.
(pdftex.def)             Requested size: 682.4539pt x 965.00131pt.
File: FOLDING_PEPTIDE_PICTURE/folding_101.png Graphic file (type png)
<use FOLDING_PEPTIDE_PICTURE/folding_101.png>
Package pdftex.def Info: FOLDING_PEPTIDE_PICTURE/folding_101.png  used on input
 line 15.
(pdftex.def)             Requested size: 59.7483pt x 59.75095pt.
File: Results_Discussion/Papers/Papers_principales/Introduction_lipids_compress
ed.pdf Graphic file (type pdf)
<use Results_Discussion/Papers/Papers_principales/Introduction_lipids_compresse
d.pdf, page 14>
Package pdftex.def Info: Results_Discussion/Papers/Papers_principales/Introduct
ion_lipids_compressed.pdf , page14 used on input line 15.
(pdftex.def)             Requested size: 682.4539pt x 965.00131pt.
 [133

 <./Results_Discussion/Papers/Papers_principales/Introduction_lipids_compressed
.pdf>]
<Results_Discussion/Papers/Papers_principales/Introduction_lipids_compressed.pd
f, id=2990, page=15, 597.62169pt x 845.0471pt>
File: Results_Discussion/Papers/Papers_principales/Introduction_lipids_compress
ed.pdf Graphic file (type pdf)
<use Results_Discussion/Papers/Papers_principales/Introduction_lipids_compresse
d.pdf, page 15>
Package pdftex.def Info: Results_Discussion/Papers/Papers_principales/Introduct
ion_lipids_compressed.pdf , page15 used on input line 15.
(pdftex.def)             Requested size: 682.4539pt x 965.00131pt.
File: Results_Discussion/Papers/Papers_principales/Introduction_lipids_compress
ed.pdf Graphic file (type pdf)
<use Results_Discussion/Papers/Papers_principales/Introduction_lipids_compresse
d.pdf, page 15>
Package pdftex.def Info: Results_Discussion/Papers/Papers_principales/Introduct
ion_lipids_compressed.pdf , page15 used on input line 15.
(pdftex.def)             Requested size: 682.4539pt x 965.00131pt.
<FOLDING_PEPTIDE_PICTURE/folding_102.png, id=2991, 333.6465pt x 333.6465pt>
File: FOLDING_PEPTIDE_PICTURE/folding_102.png Graphic file (type png)
<use FOLDING_PEPTIDE_PICTURE/folding_102.png>
Package pdftex.def Info: FOLDING_PEPTIDE_PICTURE/folding_102.png  used on input
 line 15.
(pdftex.def)             Requested size: 59.7483pt x 59.75095pt.
File: Results_Discussion/Papers/Papers_principales/Introduction_lipids_compress
ed.pdf Graphic file (type pdf)
<use Results_Discussion/Papers/Papers_principales/Introduction_lipids_compresse
d.pdf, page 15>
Package pdftex.def Info: Results_Discussion/Papers/Papers_principales/Introduct
ion_lipids_compressed.pdf , page15 used on input line 15.
(pdftex.def)             Requested size: 682.4539pt x 965.00131pt.
 [134

 <./Results_Discussion/Papers/Papers_principales/Introduction_lipids_compressed
.pdf> <./FOLDING_PEPTIDE_PICTURE/folding_102.png>]
<Results_Discussion/Papers/Papers_principales/Introduction_lipids_compressed.pd
f, id=3008, page=16, 597.62169pt x 845.0471pt>
File: Results_Discussion/Papers/Papers_principales/Introduction_lipids_compress
ed.pdf Graphic file (type pdf)
<use Results_Discussion/Papers/Papers_principales/Introduction_lipids_compresse
d.pdf, page 16>
Package pdftex.def Info: Results_Discussion/Papers/Papers_principales/Introduct
ion_lipids_compressed.pdf , page16 used on input line 15.
(pdftex.def)             Requested size: 682.4539pt x 965.00131pt.
File: Results_Discussion/Papers/Papers_principales/Introduction_lipids_compress
ed.pdf Graphic file (type pdf)
<use Results_Discussion/Papers/Papers_principales/Introduction_lipids_compresse
d.pdf, page 16>
Package pdftex.def Info: Results_Discussion/Papers/Papers_principales/Introduct
ion_lipids_compressed.pdf , page16 used on input line 15.
(pdftex.def)             Requested size: 682.4539pt x 965.00131pt.
<FOLDING_PEPTIDE_PICTURE/folding_103.png, id=3009, 333.6465pt x 333.6465pt>
File: FOLDING_PEPTIDE_PICTURE/folding_103.png Graphic file (type png)
<use FOLDING_PEPTIDE_PICTURE/folding_103.png>
Package pdftex.def Info: FOLDING_PEPTIDE_PICTURE/folding_103.png  used on input
 line 15.
(pdftex.def)             Requested size: 59.7483pt x 59.75095pt.
File: Results_Discussion/Papers/Papers_principales/Introduction_lipids_compress
ed.pdf Graphic file (type pdf)
<use Results_Discussion/Papers/Papers_principales/Introduction_lipids_compresse
d.pdf, page 16>
Package pdftex.def Info: Results_Discussion/Papers/Papers_principales/Introduct
ion_lipids_compressed.pdf , page16 used on input line 15.
(pdftex.def)             Requested size: 682.4539pt x 965.00131pt.
 [135

 <./Results_Discussion/Papers/Papers_principales/Introduction_lipids_compressed
.pdf> <./FOLDING_PEPTIDE_PICTURE/folding_103.png>]
<Results_Discussion/Papers/Papers_principales/Introduction_lipids_compressed.pd
f, id=3015, page=17, 597.62169pt x 845.0471pt>
File: Results_Discussion/Papers/Papers_principales/Introduction_lipids_compress
ed.pdf Graphic file (type pdf)
<use Results_Discussion/Papers/Papers_principales/Introduction_lipids_compresse
d.pdf, page 17>
Package pdftex.def Info: Results_Discussion/Papers/Papers_principales/Introduct
ion_lipids_compressed.pdf , page17 used on input line 15.
(pdftex.def)             Requested size: 682.4539pt x 965.00131pt.
File: Results_Discussion/Papers/Papers_principales/Introduction_lipids_compress
ed.pdf Graphic file (type pdf)
<use Results_Discussion/Papers/Papers_principales/Introduction_lipids_compresse
d.pdf, page 17>
Package pdftex.def Info: Results_Discussion/Papers/Papers_principales/Introduct
ion_lipids_compressed.pdf , page17 used on input line 15.
(pdftex.def)             Requested size: 682.4539pt x 965.00131pt.
<FOLDING_PEPTIDE_PICTURE/folding_104.png, id=3016, 333.6465pt x 333.6465pt>
File: FOLDING_PEPTIDE_PICTURE/folding_104.png Graphic file (type png)
<use FOLDING_PEPTIDE_PICTURE/folding_104.png>
Package pdftex.def Info: FOLDING_PEPTIDE_PICTURE/folding_104.png  used on input
 line 15.
(pdftex.def)             Requested size: 59.7483pt x 59.75095pt.
File: Results_Discussion/Papers/Papers_principales/Introduction_lipids_compress
ed.pdf Graphic file (type pdf)
<use Results_Discussion/Papers/Papers_principales/Introduction_lipids_compresse
d.pdf, page 17>
Package pdftex.def Info: Results_Discussion/Papers/Papers_principales/Introduct
ion_lipids_compressed.pdf , page17 used on input line 15.
(pdftex.def)             Requested size: 682.4539pt x 965.00131pt.

[136

 <./Results_Discussion/Papers/Papers_principales/Introduction_lipids_compressed
.pdf> <./FOLDING_PEPTIDE_PICTURE/folding_104.png>]
<Results_Discussion/Papers/Papers_principales/Introduction_lipids_compressed.pd
f, id=3022, page=18, 597.62169pt x 844.81926pt>
File: Results_Discussion/Papers/Papers_principales/Introduction_lipids_compress
ed.pdf Graphic file (type pdf)
<use Results_Discussion/Papers/Papers_principales/Introduction_lipids_compresse
d.pdf, page 18>
Package pdftex.def Info: Results_Discussion/Papers/Papers_principales/Introduct
ion_lipids_compressed.pdf , page18 used on input line 15.
(pdftex.def)             Requested size: 682.4539pt x 964.74112pt.
File: Results_Discussion/Papers/Papers_principales/Introduction_lipids_compress
ed.pdf Graphic file (type pdf)
<use Results_Discussion/Papers/Papers_principales/Introduction_lipids_compresse
d.pdf, page 18>
Package pdftex.def Info: Results_Discussion/Papers/Papers_principales/Introduct
ion_lipids_compressed.pdf , page18 used on input line 15.
(pdftex.def)             Requested size: 682.4539pt x 964.74112pt.
<FOLDING_PEPTIDE_PICTURE/folding_105.png, id=3023, 333.6465pt x 333.6465pt>
File: FOLDING_PEPTIDE_PICTURE/folding_105.png Graphic file (type png)
<use FOLDING_PEPTIDE_PICTURE/folding_105.png>
Package pdftex.def Info: FOLDING_PEPTIDE_PICTURE/folding_105.png  used on input
 line 15.
(pdftex.def)             Requested size: 59.7483pt x 59.75095pt.
File: Results_Discussion/Papers/Papers_principales/Introduction_lipids_compress
ed.pdf Graphic file (type pdf)
<use Results_Discussion/Papers/Papers_principales/Introduction_lipids_compresse
d.pdf, page 18>
Package pdftex.def Info: Results_Discussion/Papers/Papers_principales/Introduct
ion_lipids_compressed.pdf , page18 used on input line 15.
(pdftex.def)             Requested size: 682.4539pt x 964.74112pt.
 [137

 <./Results_Discussion/Papers/Papers_principales/Introduction_lipids_compressed
.pdf> <./FOLDING_PEPTIDE_PICTURE/folding_105.png>]
<Results_Discussion/Papers/Papers_principales/metadinamica.pdf, id=3032, page=1
, 597.50829pt x 796.67737pt>
File: Results_Discussion/Papers/Papers_principales/metadinamica.pdf Graphic fil
e (type pdf)
<use Results_Discussion/Papers/Papers_principales/metadinamica.pdf, page 1>
Package pdftex.def Info: Results_Discussion/Papers/Papers_principales/metadinam
ica.pdf , page1 used on input line 19.
(pdftex.def)             Requested size: 455.24411pt x 606.98848pt.
<Results_Discussion/Papers/Papers_principales/metadinamica.pdf, id=3033, 597.50
829pt x 796.67737pt>
File: Results_Discussion/Papers/Papers_principales/metadinamica.pdf Graphic fil
e (type pdf)
<use Results_Discussion/Papers/Papers_principales/metadinamica.pdf>
Package pdftex.def Info: Results_Discussion/Papers/Papers_principales/metadinam
ica.pdf  used on input line 21.
(pdftex.def)             Requested size: 597.50682pt x 796.67543pt.
<Results_Discussion/Papers/Papers_principales/metadinamica.pdf, id=3035, page=2
, 597.50829pt x 796.67737pt>
File: Results_Discussion/Papers/Papers_principales/metadinamica.pdf Graphic fil
e (type pdf)
<use Results_Discussion/Papers/Papers_principales/metadinamica.pdf, page 2>
Package pdftex.def Info: Results_Discussion/Papers/Papers_principales/metadinam
ica.pdf , page2 used on input line 21.
(pdftex.def)             Requested size: 546.29153pt x 728.39348pt.
File: Results_Discussion/Papers/Papers_principales/metadinamica.pdf Graphic fil
e (type pdf)
<use Results_Discussion/Papers/Papers_principales/metadinamica.pdf, page 2>
Package pdftex.def Info: Results_Discussion/Papers/Papers_principales/metadinam
ica.pdf , page2 used on input line 21.
(pdftex.def)             Requested size: 653.86954pt x 871.82568pt.
File: FOLDING_PEPTIDE_PICTURE/folding_105.png Graphic file (type png)
<use FOLDING_PEPTIDE_PICTURE/folding_105.png>
Package pdftex.def Info: FOLDING_PEPTIDE_PICTURE/folding_105.png  used on input
 line 21.
(pdftex.def)             Requested size: 59.7483pt x 59.75095pt.
 [138 <./Results_Discussion/Papers/Papers_principales/metadinamica.pdf>]
File: Results_Discussion/Papers/Papers_principales/metadinamica.pdf Graphic fil
e (type pdf)
<use Results_Discussion/Papers/Papers_principales/metadinamica.pdf, page 2>
Package pdftex.def Info: Results_Discussion/Papers/Papers_principales/metadinam
ica.pdf , page2 used on input line 21.
(pdftex.def)             Requested size: 653.86954pt x 871.82568pt.
File: Results_Discussion/Papers/Papers_principales/metadinamica.pdf Graphic fil
e (type pdf)
<use Results_Discussion/Papers/Papers_principales/metadinamica.pdf, page 2>
Package pdftex.def Info: Results_Discussion/Papers/Papers_principales/metadinam
ica.pdf , page2 used on input line 21.
(pdftex.def)             Requested size: 653.86954pt x 871.82568pt.
<FOLDING_PEPTIDE_PICTURE/folding_106.png, id=3086, 333.6465pt x 333.6465pt>
File: FOLDING_PEPTIDE_PICTURE/folding_106.png Graphic file (type png)
<use FOLDING_PEPTIDE_PICTURE/folding_106.png>
Package pdftex.def Info: FOLDING_PEPTIDE_PICTURE/folding_106.png  used on input
 line 21.
(pdftex.def)             Requested size: 59.7483pt x 59.75095pt.
File: Results_Discussion/Papers/Papers_principales/metadinamica.pdf Graphic fil
e (type pdf)
<use Results_Discussion/Papers/Papers_principales/metadinamica.pdf, page 2>
Package pdftex.def Info: Results_Discussion/Papers/Papers_principales/metadinam
ica.pdf , page2 used on input line 21.
(pdftex.def)             Requested size: 653.86954pt x 871.82568pt.
 [139

 <./Results_Discussion/Papers/Papers_principales/metadinamica.pdf> <./FOLDING_P
EPTIDE_PICTURE/folding_106.png>]
<Results_Discussion/Papers/Papers_principales/metadinamica.pdf, id=3104, page=3
, 597.50829pt x 796.67737pt>
File: Results_Discussion/Papers/Papers_principales/metadinamica.pdf Graphic fil
e (type pdf)
<use Results_Discussion/Papers/Papers_principales/metadinamica.pdf, page 3>
Package pdftex.def Info: Results_Discussion/Papers/Papers_principales/metadinam
ica.pdf , page3 used on input line 21.
(pdftex.def)             Requested size: 653.86954pt x 871.82568pt.
File: Results_Discussion/Papers/Papers_principales/metadinamica.pdf Graphic fil
e (type pdf)
<use Results_Discussion/Papers/Papers_principales/metadinamica.pdf, page 3>
Package pdftex.def Info: Results_Discussion/Papers/Papers_principales/metadinam
ica.pdf , page3 used on input line 21.
(pdftex.def)             Requested size: 653.86954pt x 871.82568pt.
<FOLDING_PEPTIDE_PICTURE/folding_107.png, id=3105, 333.6465pt x 333.6465pt>
File: FOLDING_PEPTIDE_PICTURE/folding_107.png Graphic file (type png)
<use FOLDING_PEPTIDE_PICTURE/folding_107.png>
Package pdftex.def Info: FOLDING_PEPTIDE_PICTURE/folding_107.png  used on input
 line 21.
(pdftex.def)             Requested size: 59.7483pt x 59.75095pt.
File: Results_Discussion/Papers/Papers_principales/metadinamica.pdf Graphic fil
e (type pdf)
<use Results_Discussion/Papers/Papers_principales/metadinamica.pdf, page 3>
Package pdftex.def Info: Results_Discussion/Papers/Papers_principales/metadinam
ica.pdf , page3 used on input line 21.
(pdftex.def)             Requested size: 653.86954pt x 871.82568pt.
 [140

 <./Results_Discussion/Papers/Papers_principales/metadinamica.pdf> <./FOLDING_P
EPTIDE_PICTURE/folding_107.png>]
<Results_Discussion/Papers/Papers_principales/metadinamica.pdf, id=3116, page=4
, 597.50829pt x 796.67737pt>
File: Results_Discussion/Papers/Papers_principales/metadinamica.pdf Graphic fil
e (type pdf)
<use Results_Discussion/Papers/Papers_principales/metadinamica.pdf, page 4>
Package pdftex.def Info: Results_Discussion/Papers/Papers_principales/metadinam
ica.pdf , page4 used on input line 21.
(pdftex.def)             Requested size: 653.86954pt x 871.82568pt.
File: Results_Discussion/Papers/Papers_principales/metadinamica.pdf Graphic fil
e (type pdf)
<use Results_Discussion/Papers/Papers_principales/metadinamica.pdf, page 4>
Package pdftex.def Info: Results_Discussion/Papers/Papers_principales/metadinam
ica.pdf , page4 used on input line 21.
(pdftex.def)             Requested size: 653.86954pt x 871.82568pt.
<FOLDING_PEPTIDE_PICTURE/folding_108.png, id=3117, 333.6465pt x 333.6465pt>
File: FOLDING_PEPTIDE_PICTURE/folding_108.png Graphic file (type png)
<use FOLDING_PEPTIDE_PICTURE/folding_108.png>
Package pdftex.def Info: FOLDING_PEPTIDE_PICTURE/folding_108.png  used on input
 line 21.
(pdftex.def)             Requested size: 59.7483pt x 59.75095pt.
File: Results_Discussion/Papers/Papers_principales/metadinamica.pdf Graphic fil
e (type pdf)
<use Results_Discussion/Papers/Papers_principales/metadinamica.pdf, page 4>
Package pdftex.def Info: Results_Discussion/Papers/Papers_principales/metadinam
ica.pdf , page4 used on input line 21.
(pdftex.def)             Requested size: 653.86954pt x 871.82568pt.
 [141

 <./Results_Discussion/Papers/Papers_principales/metadinamica.pdf> <./FOLDING_P
EPTIDE_PICTURE/folding_108.png>]
<Results_Discussion/Papers/Papers_principales/metadinamica.pdf, id=3148, page=5
, 597.50829pt x 796.67737pt>
File: Results_Discussion/Papers/Papers_principales/metadinamica.pdf Graphic fil
e (type pdf)
<use Results_Discussion/Papers/Papers_principales/metadinamica.pdf, page 5>
Package pdftex.def Info: Results_Discussion/Papers/Papers_principales/metadinam
ica.pdf , page5 used on input line 21.
(pdftex.def)             Requested size: 653.86954pt x 871.82568pt.
File: Results_Discussion/Papers/Papers_principales/metadinamica.pdf Graphic fil
e (type pdf)
<use Results_Discussion/Papers/Papers_principales/metadinamica.pdf, page 5>
Package pdftex.def Info: Results_Discussion/Papers/Papers_principales/metadinam
ica.pdf , page5 used on input line 21.
(pdftex.def)             Requested size: 653.86954pt x 871.82568pt.
File: FOLDING_PEPTIDE_PICTURE/folding_108.png Graphic file (type png)
<use FOLDING_PEPTIDE_PICTURE/folding_108.png>
Package pdftex.def Info: FOLDING_PEPTIDE_PICTURE/folding_108.png  used on input
 line 21.
(pdftex.def)             Requested size: 59.7483pt x 59.75095pt.
File: Results_Discussion/Papers/Papers_principales/metadinamica.pdf Graphic fil
e (type pdf)
<use Results_Discussion/Papers/Papers_principales/metadinamica.pdf, page 5>
Package pdftex.def Info: Results_Discussion/Papers/Papers_principales/metadinam
ica.pdf , page5 used on input line 21.
(pdftex.def)             Requested size: 653.86954pt x 871.82568pt.
 [142

 <./Results_Discussion/Papers/Papers_principales/metadinamica.pdf>]
<Results_Discussion/Papers/Papers_principales/metadinamica.pdf, id=3161, page=6
, 597.50829pt x 796.67737pt>
File: Results_Discussion/Papers/Papers_principales/metadinamica.pdf Graphic fil
e (type pdf)
<use Results_Discussion/Papers/Papers_principales/metadinamica.pdf, page 6>
Package pdftex.def Info: Results_Discussion/Papers/Papers_principales/metadinam
ica.pdf , page6 used on input line 21.
(pdftex.def)             Requested size: 653.86954pt x 871.82568pt.
File: Results_Discussion/Papers/Papers_principales/metadinamica.pdf Graphic fil
e (type pdf)
<use Results_Discussion/Papers/Papers_principales/metadinamica.pdf, page 6>
Package pdftex.def Info: Results_Discussion/Papers/Papers_principales/metadinam
ica.pdf , page6 used on input line 21.
(pdftex.def)             Requested size: 653.86954pt x 871.82568pt.
<FOLDING_PEPTIDE_PICTURE/folding_109.png, id=3162, 333.6465pt x 333.6465pt>
File: FOLDING_PEPTIDE_PICTURE/folding_109.png Graphic file (type png)
<use FOLDING_PEPTIDE_PICTURE/folding_109.png>
Package pdftex.def Info: FOLDING_PEPTIDE_PICTURE/folding_109.png  used on input
 line 21.
(pdftex.def)             Requested size: 59.7483pt x 59.75095pt.
File: Results_Discussion/Papers/Papers_principales/metadinamica.pdf Graphic fil
e (type pdf)
<use Results_Discussion/Papers/Papers_principales/metadinamica.pdf, page 6>
Package pdftex.def Info: Results_Discussion/Papers/Papers_principales/metadinam
ica.pdf , page6 used on input line 21.
(pdftex.def)             Requested size: 653.86954pt x 871.82568pt.
 [143

 <./Results_Discussion/Papers/Papers_principales/metadinamica.pdf> <./FOLDING_P
EPTIDE_PICTURE/folding_109.png>]
<Results_Discussion/Papers/Papers_principales/metadinamica.pdf, id=3174, page=7
, 597.50829pt x 796.67737pt>
File: Results_Discussion/Papers/Papers_principales/metadinamica.pdf Graphic fil
e (type pdf)
<use Results_Discussion/Papers/Papers_principales/metadinamica.pdf, page 7>
Package pdftex.def Info: Results_Discussion/Papers/Papers_principales/metadinam
ica.pdf , page7 used on input line 21.
(pdftex.def)             Requested size: 653.86954pt x 871.82568pt.
File: Results_Discussion/Papers/Papers_principales/metadinamica.pdf Graphic fil
e (type pdf)
<use Results_Discussion/Papers/Papers_principales/metadinamica.pdf, page 7>
Package pdftex.def Info: Results_Discussion/Papers/Papers_principales/metadinam
ica.pdf , page7 used on input line 21.
(pdftex.def)             Requested size: 653.86954pt x 871.82568pt.
<FOLDING_PEPTIDE_PICTURE/folding_110.png, id=3175, 333.6465pt x 333.6465pt>
File: FOLDING_PEPTIDE_PICTURE/folding_110.png Graphic file (type png)
<use FOLDING_PEPTIDE_PICTURE/folding_110.png>
Package pdftex.def Info: FOLDING_PEPTIDE_PICTURE/folding_110.png  used on input
 line 21.
(pdftex.def)             Requested size: 59.7483pt x 59.75095pt.
File: Results_Discussion/Papers/Papers_principales/metadinamica.pdf Graphic fil
e (type pdf)
<use Results_Discussion/Papers/Papers_principales/metadinamica.pdf, page 7>
Package pdftex.def Info: Results_Discussion/Papers/Papers_principales/metadinam
ica.pdf , page7 used on input line 21.
(pdftex.def)             Requested size: 653.86954pt x 871.82568pt.
 [144

 <./Results_Discussion/Papers/Papers_principales/metadinamica.pdf> <./FOLDING_P
EPTIDE_PICTURE/folding_110.png>]
<Results_Discussion/Papers/Papers_principales/metadinamica.pdf, id=3185, page=8
, 597.50829pt x 796.67737pt>
File: Results_Discussion/Papers/Papers_principales/metadinamica.pdf Graphic fil
e (type pdf)
<use Results_Discussion/Papers/Papers_principales/metadinamica.pdf, page 8>
Package pdftex.def Info: Results_Discussion/Papers/Papers_principales/metadinam
ica.pdf , page8 used on input line 21.
(pdftex.def)             Requested size: 653.86954pt x 871.82568pt.
File: Results_Discussion/Papers/Papers_principales/metadinamica.pdf Graphic fil
e (type pdf)
<use Results_Discussion/Papers/Papers_principales/metadinamica.pdf, page 8>
Package pdftex.def Info: Results_Discussion/Papers/Papers_principales/metadinam
ica.pdf , page8 used on input line 21.
(pdftex.def)             Requested size: 653.86954pt x 871.82568pt.
<FOLDING_PEPTIDE_PICTURE/folding_111.png, id=3186, 333.6465pt x 333.6465pt>
File: FOLDING_PEPTIDE_PICTURE/folding_111.png Graphic file (type png)
<use FOLDING_PEPTIDE_PICTURE/folding_111.png>
Package pdftex.def Info: FOLDING_PEPTIDE_PICTURE/folding_111.png  used on input
 line 21.
(pdftex.def)             Requested size: 59.7483pt x 59.75095pt.
File: Results_Discussion/Papers/Papers_principales/metadinamica.pdf Graphic fil
e (type pdf)
<use Results_Discussion/Papers/Papers_principales/metadinamica.pdf, page 8>
Package pdftex.def Info: Results_Discussion/Papers/Papers_principales/metadinam
ica.pdf , page8 used on input line 21.
(pdftex.def)             Requested size: 653.86954pt x 871.82568pt.
 [145

 <./Results_Discussion/Papers/Papers_principales/metadinamica.pdf> <./FOLDING_P
EPTIDE_PICTURE/folding_111.png>]
<Results_Discussion/Papers/Papers_principales/metadinamica.pdf, id=3198, page=9
, 597.50829pt x 796.67737pt>
File: Results_Discussion/Papers/Papers_principales/metadinamica.pdf Graphic fil
e (type pdf)
<use Results_Discussion/Papers/Papers_principales/metadinamica.pdf, page 9>
Package pdftex.def Info: Results_Discussion/Papers/Papers_principales/metadinam
ica.pdf , page9 used on input line 21.
(pdftex.def)             Requested size: 653.86954pt x 871.82568pt.
File: Results_Discussion/Papers/Papers_principales/metadinamica.pdf Graphic fil
e (type pdf)
<use Results_Discussion/Papers/Papers_principales/metadinamica.pdf, page 9>
Package pdftex.def Info: Results_Discussion/Papers/Papers_principales/metadinam
ica.pdf , page9 used on input line 21.
(pdftex.def)             Requested size: 653.86954pt x 871.82568pt.
File: FOLDING_PEPTIDE_PICTURE/folding_111.png Graphic file (type png)
<use FOLDING_PEPTIDE_PICTURE/folding_111.png>
Package pdftex.def Info: FOLDING_PEPTIDE_PICTURE/folding_111.png  used on input
 line 21.
(pdftex.def)             Requested size: 59.7483pt x 59.75095pt.
File: Results_Discussion/Papers/Papers_principales/metadinamica.pdf Graphic fil
e (type pdf)
<use Results_Discussion/Papers/Papers_principales/metadinamica.pdf, page 9>
Package pdftex.def Info: Results_Discussion/Papers/Papers_principales/metadinam
ica.pdf , page9 used on input line 21.
(pdftex.def)             Requested size: 653.86954pt x 871.82568pt.
 [146

 <./Results_Discussion/Papers/Papers_principales/metadinamica.pdf>]
<Results_Discussion/Papers/Papers_principales/metadinamica.pdf, id=3207, page=1
0, 597.50829pt x 796.67737pt>
File: Results_Discussion/Papers/Papers_principales/metadinamica.pdf Graphic fil
e (type pdf)
<use Results_Discussion/Papers/Papers_principales/metadinamica.pdf, page 10>
Package pdftex.def Info: Results_Discussion/Papers/Papers_principales/metadinam
ica.pdf , page10 used on input line 21.
(pdftex.def)             Requested size: 653.86954pt x 871.82568pt.
File: Results_Discussion/Papers/Papers_principales/metadinamica.pdf Graphic fil
e (type pdf)
<use Results_Discussion/Papers/Papers_principales/metadinamica.pdf, page 10>
Package pdftex.def Info: Results_Discussion/Papers/Papers_principales/metadinam
ica.pdf , page10 used on input line 21.
(pdftex.def)             Requested size: 653.86954pt x 871.82568pt.
<FOLDING_PEPTIDE_PICTURE/folding_112.png, id=3208, 333.6465pt x 333.6465pt>
File: FOLDING_PEPTIDE_PICTURE/folding_112.png Graphic file (type png)
<use FOLDING_PEPTIDE_PICTURE/folding_112.png>
Package pdftex.def Info: FOLDING_PEPTIDE_PICTURE/folding_112.png  used on input
 line 21.
(pdftex.def)             Requested size: 59.7483pt x 59.75095pt.
File: Results_Discussion/Papers/Papers_principales/metadinamica.pdf Graphic fil
e (type pdf)
<use Results_Discussion/Papers/Papers_principales/metadinamica.pdf, page 10>
Package pdftex.def Info: Results_Discussion/Papers/Papers_principales/metadinam
ica.pdf , page10 used on input line 21.
(pdftex.def)             Requested size: 653.86954pt x 871.82568pt.

[147

 <./Results_Discussion/Papers/Papers_principales/metadinamica.pdf> <./FOLDING_P
EPTIDE_PICTURE/folding_112.png>]
<Results_Discussion/Papers/Papers_principales/metadinamica.pdf, id=3218, page=1
1, 597.50829pt x 796.67737pt>
File: Results_Discussion/Papers/Papers_principales/metadinamica.pdf Graphic fil
e (type pdf)
<use Results_Discussion/Papers/Papers_principales/metadinamica.pdf, page 11>
Package pdftex.def Info: Results_Discussion/Papers/Papers_principales/metadinam
ica.pdf , page11 used on input line 21.
(pdftex.def)             Requested size: 653.86954pt x 871.82568pt.
File: Results_Discussion/Papers/Papers_principales/metadinamica.pdf Graphic fil
e (type pdf)
<use Results_Discussion/Papers/Papers_principales/metadinamica.pdf, page 11>
Package pdftex.def Info: Results_Discussion/Papers/Papers_principales/metadinam
ica.pdf , page11 used on input line 21.
(pdftex.def)             Requested size: 653.86954pt x 871.82568pt.
<FOLDING_PEPTIDE_PICTURE/folding_113.png, id=3219, 333.6465pt x 333.6465pt>
File: FOLDING_PEPTIDE_PICTURE/folding_113.png Graphic file (type png)
<use FOLDING_PEPTIDE_PICTURE/folding_113.png>
Package pdftex.def Info: FOLDING_PEPTIDE_PICTURE/folding_113.png  used on input
 line 21.
(pdftex.def)             Requested size: 59.7483pt x 59.75095pt.
File: Results_Discussion/Papers/Papers_principales/metadinamica.pdf Graphic fil
e (type pdf)
<use Results_Discussion/Papers/Papers_principales/metadinamica.pdf, page 11>
Package pdftex.def Info: Results_Discussion/Papers/Papers_principales/metadinam
ica.pdf , page11 used on input line 21.
(pdftex.def)             Requested size: 653.86954pt x 871.82568pt.
 [148

 <./Results_Discussion/Papers/Papers_principales/metadinamica.pdf> <./FOLDING_P
EPTIDE_PICTURE/folding_113.png>]
<Results_Discussion/Papers/Papers_principales/metadinamica.pdf, id=3229, page=1
2, 597.50829pt x 796.67737pt>
File: Results_Discussion/Papers/Papers_principales/metadinamica.pdf Graphic fil
e (type pdf)
<use Results_Discussion/Papers/Papers_principales/metadinamica.pdf, page 12>
Package pdftex.def Info: Results_Discussion/Papers/Papers_principales/metadinam
ica.pdf , page12 used on input line 21.
(pdftex.def)             Requested size: 653.86954pt x 871.82568pt.
File: Results_Discussion/Papers/Papers_principales/metadinamica.pdf Graphic fil
e (type pdf)
<use Results_Discussion/Papers/Papers_principales/metadinamica.pdf, page 12>
Package pdftex.def Info: Results_Discussion/Papers/Papers_principales/metadinam
ica.pdf , page12 used on input line 21.
(pdftex.def)             Requested size: 653.86954pt x 871.82568pt.
<FOLDING_PEPTIDE_PICTURE/folding_114.png, id=3230, 333.6465pt x 333.6465pt>
File: FOLDING_PEPTIDE_PICTURE/folding_114.png Graphic file (type png)
<use FOLDING_PEPTIDE_PICTURE/folding_114.png>
Package pdftex.def Info: FOLDING_PEPTIDE_PICTURE/folding_114.png  used on input
 line 21.
(pdftex.def)             Requested size: 59.7483pt x 59.75095pt.
File: Results_Discussion/Papers/Papers_principales/metadinamica.pdf Graphic fil
e (type pdf)
<use Results_Discussion/Papers/Papers_principales/metadinamica.pdf, page 12>
Package pdftex.def Info: Results_Discussion/Papers/Papers_principales/metadinam
ica.pdf , page12 used on input line 21.
(pdftex.def)             Requested size: 653.86954pt x 871.82568pt.

[149

 <./Results_Discussion/Papers/Papers_principales/metadinamica.pdf> <./FOLDING_P
EPTIDE_PICTURE/folding_114.png>]
<Results_Discussion/Papers/Papers_principales/metadinamica.pdf, id=3237, page=1
3, 597.50829pt x 796.67737pt>
File: Results_Discussion/Papers/Papers_principales/metadinamica.pdf Graphic fil
e (type pdf)
<use Results_Discussion/Papers/Papers_principales/metadinamica.pdf, page 13>
Package pdftex.def Info: Results_Discussion/Papers/Papers_principales/metadinam
ica.pdf , page13 used on input line 21.
(pdftex.def)             Requested size: 653.86954pt x 871.82568pt.
File: Results_Discussion/Papers/Papers_principales/metadinamica.pdf Graphic fil
e (type pdf)
<use Results_Discussion/Papers/Papers_principales/metadinamica.pdf, page 13>
Package pdftex.def Info: Results_Discussion/Papers/Papers_principales/metadinam
ica.pdf , page13 used on input line 21.
(pdftex.def)             Requested size: 653.86954pt x 871.82568pt.
File: FOLDING_PEPTIDE_PICTURE/folding_114.png Graphic file (type png)
<use FOLDING_PEPTIDE_PICTURE/folding_114.png>
Package pdftex.def Info: FOLDING_PEPTIDE_PICTURE/folding_114.png  used on input
 line 21.
(pdftex.def)             Requested size: 59.7483pt x 59.75095pt.
File: Results_Discussion/Papers/Papers_principales/metadinamica.pdf Graphic fil
e (type pdf)
<use Results_Discussion/Papers/Papers_principales/metadinamica.pdf, page 13>
Package pdftex.def Info: Results_Discussion/Papers/Papers_principales/metadinam
ica.pdf , page13 used on input line 21.
(pdftex.def)             Requested size: 653.86954pt x 871.82568pt.
 [150

 <./Results_Discussion/Papers/Papers_principales/metadinamica.pdf>]
<Results_Discussion/Papers/Papers_principales/metadinamica.pdf, id=3243, page=1
4, 597.50829pt x 796.67737pt>
File: Results_Discussion/Papers/Papers_principales/metadinamica.pdf Graphic fil
e (type pdf)
<use Results_Discussion/Papers/Papers_principales/metadinamica.pdf, page 14>
Package pdftex.def Info: Results_Discussion/Papers/Papers_principales/metadinam
ica.pdf , page14 used on input line 21.
(pdftex.def)             Requested size: 653.86954pt x 871.82568pt.
File: Results_Discussion/Papers/Papers_principales/metadinamica.pdf Graphic fil
e (type pdf)
<use Results_Discussion/Papers/Papers_principales/metadinamica.pdf, page 14>
Package pdftex.def Info: Results_Discussion/Papers/Papers_principales/metadinam
ica.pdf , page14 used on input line 21.
(pdftex.def)             Requested size: 653.86954pt x 871.82568pt.
<FOLDING_PEPTIDE_PICTURE/folding_115.png, id=3244, 333.6465pt x 333.6465pt>
File: FOLDING_PEPTIDE_PICTURE/folding_115.png Graphic file (type png)
<use FOLDING_PEPTIDE_PICTURE/folding_115.png>
Package pdftex.def Info: FOLDING_PEPTIDE_PICTURE/folding_115.png  used on input
 line 21.
(pdftex.def)             Requested size: 59.7483pt x 59.75095pt.
File: Results_Discussion/Papers/Papers_principales/metadinamica.pdf Graphic fil
e (type pdf)
<use Results_Discussion/Papers/Papers_principales/metadinamica.pdf, page 14>
Package pdftex.def Info: Results_Discussion/Papers/Papers_principales/metadinam
ica.pdf , page14 used on input line 21.
(pdftex.def)             Requested size: 653.86954pt x 871.82568pt.
 [151

 <./Results_Discussion/Papers/Papers_principales/metadinamica.pdf> <./FOLDING_P
EPTIDE_PICTURE/folding_115.png>]
<Results_Discussion/Papers/Papers_principales/METADINAMICA_SI2.pdf, id=3252, 61
4.295pt x 794.97pt>
File: Results_Discussion/Papers/Papers_principales/METADINAMICA_SI2.pdf Graphic
 file (type pdf)
<use Results_Discussion/Papers/Papers_principales/METADINAMICA_SI2.pdf>
Package pdftex.def Info: Results_Discussion/Papers/Papers_principales/METADINAM
ICA_SI2.pdf  used on input line 23.
(pdftex.def)             Requested size: 614.29349pt x 794.96806pt.
<Results_Discussion/Papers/Papers_principales/METADINAMICA_SI2.pdf, id=3254, pa
ge=1, 614.295pt x 794.97pt>
File: Results_Discussion/Papers/Papers_principales/METADINAMICA_SI2.pdf Graphic
 file (type pdf)
<use Results_Discussion/Papers/Papers_principales/METADINAMICA_SI2.pdf, page 1>

Package pdftex.def Info: Results_Discussion/Papers/Papers_principales/METADINAM
ICA_SI2.pdf , page1 used on input line 23.
(pdftex.def)             Requested size: 546.29153pt x 707.01161pt.
File: Results_Discussion/Papers/Papers_principales/METADINAMICA_SI2.pdf Graphic
 file (type pdf)
<use Results_Discussion/Papers/Papers_principales/METADINAMICA_SI2.pdf, page 1>

Package pdftex.def Info: Results_Discussion/Papers/Papers_principales/METADINAM
ICA_SI2.pdf , page1 used on input line 23.
(pdftex.def)             Requested size: 672.23969pt x 869.95726pt.
File: Results_Discussion/Papers/Papers_principales/METADINAMICA_SI2.pdf Graphic
 file (type pdf)
<use Results_Discussion/Papers/Papers_principales/METADINAMICA_SI2.pdf, page 1>

Package pdftex.def Info: Results_Discussion/Papers/Papers_principales/METADINAM
ICA_SI2.pdf , page1 used on input line 23.
(pdftex.def)             Requested size: 672.23969pt x 869.95726pt.
File: Results_Discussion/Papers/Papers_principales/METADINAMICA_SI2.pdf Graphic
 file (type pdf)
<use Results_Discussion/Papers/Papers_principales/METADINAMICA_SI2.pdf, page 1>

Package pdftex.def Info: Results_Discussion/Papers/Papers_principales/METADINAM
ICA_SI2.pdf , page1 used on input line 23.
(pdftex.def)             Requested size: 672.23969pt x 869.95726pt.
<FOLDING_PEPTIDE_PICTURE/folding_116.png, id=3255, 333.6465pt x 333.6465pt>
File: FOLDING_PEPTIDE_PICTURE/folding_116.png Graphic file (type png)
<use FOLDING_PEPTIDE_PICTURE/folding_116.png>
Package pdftex.def Info: FOLDING_PEPTIDE_PICTURE/folding_116.png  used on input
 line 23.
(pdftex.def)             Requested size: 59.7483pt x 59.75095pt.
File: Results_Discussion/Papers/Papers_principales/METADINAMICA_SI2.pdf Graphic
 file (type pdf)
<use Results_Discussion/Papers/Papers_principales/METADINAMICA_SI2.pdf, page 1>

Package pdftex.def Info: Results_Discussion/Papers/Papers_principales/METADINAM
ICA_SI2.pdf , page1 used on input line 23.
(pdftex.def)             Requested size: 672.23969pt x 869.95726pt.
 [152

 <./Results_Discussion/Papers/Papers_principales/METADINAMICA_SI2.pdf> <./FOLDI
NG_PEPTIDE_PICTURE/folding_116.png>]
<Results_Discussion/Papers/Papers_principales/METADINAMICA_SI2.pdf, id=3304, pa
ge=2, 614.295pt x 794.97pt>
File: Results_Discussion/Papers/Papers_principales/METADINAMICA_SI2.pdf Graphic
 file (type pdf)
<use Results_Discussion/Papers/Papers_principales/METADINAMICA_SI2.pdf, page 2>

Package pdftex.def Info: Results_Discussion/Papers/Papers_principales/METADINAM
ICA_SI2.pdf , page2 used on input line 23.
(pdftex.def)             Requested size: 672.23969pt x 869.95726pt.
File: Results_Discussion/Papers/Papers_principales/METADINAMICA_SI2.pdf Graphic
 file (type pdf)
<use Results_Discussion/Papers/Papers_principales/METADINAMICA_SI2.pdf, page 2>

Package pdftex.def Info: Results_Discussion/Papers/Papers_principales/METADINAM
ICA_SI2.pdf , page2 used on input line 23.
(pdftex.def)             Requested size: 672.23969pt x 869.95726pt.
<FOLDING_PEPTIDE_PICTURE/folding_117.png, id=3305, 333.6465pt x 333.6465pt>
File: FOLDING_PEPTIDE_PICTURE/folding_117.png Graphic file (type png)
<use FOLDING_PEPTIDE_PICTURE/folding_117.png>
Package pdftex.def Info: FOLDING_PEPTIDE_PICTURE/folding_117.png  used on input
 line 23.
(pdftex.def)             Requested size: 59.7483pt x 59.75095pt.
File: Results_Discussion/Papers/Papers_principales/METADINAMICA_SI2.pdf Graphic
 file (type pdf)
<use Results_Discussion/Papers/Papers_principales/METADINAMICA_SI2.pdf, page 2>

Package pdftex.def Info: Results_Discussion/Papers/Papers_principales/METADINAM
ICA_SI2.pdf , page2 used on input line 23.
(pdftex.def)             Requested size: 672.23969pt x 869.95726pt.
 [153

 <./Results_Discussion/Papers/Papers_principales/METADINAMICA_SI2.pdf> <./FOLDI
NG_PEPTIDE_PICTURE/folding_117.png>]
<Results_Discussion/Papers/Papers_principales/METADINAMICA_SI2.pdf, id=3320, pa
ge=3, 614.295pt x 794.97pt>
File: Results_Discussion/Papers/Papers_principales/METADINAMICA_SI2.pdf Graphic
 file (type pdf)
<use Results_Discussion/Papers/Papers_principales/METADINAMICA_SI2.pdf, page 3>

Package pdftex.def Info: Results_Discussion/Papers/Papers_principales/METADINAM
ICA_SI2.pdf , page3 used on input line 23.
(pdftex.def)             Requested size: 672.23969pt x 869.95726pt.
File: Results_Discussion/Papers/Papers_principales/METADINAMICA_SI2.pdf Graphic
 file (type pdf)
<use Results_Discussion/Papers/Papers_principales/METADINAMICA_SI2.pdf, page 3>

Package pdftex.def Info: Results_Discussion/Papers/Papers_principales/METADINAM
ICA_SI2.pdf , page3 used on input line 23.
(pdftex.def)             Requested size: 672.23969pt x 869.95726pt.
File: FOLDING_PEPTIDE_PICTURE/folding_117.png Graphic file (type png)
<use FOLDING_PEPTIDE_PICTURE/folding_117.png>
Package pdftex.def Info: FOLDING_PEPTIDE_PICTURE/folding_117.png  used on input
 line 23.
(pdftex.def)             Requested size: 59.7483pt x 59.75095pt.
File: Results_Discussion/Papers/Papers_principales/METADINAMICA_SI2.pdf Graphic
 file (type pdf)
<use Results_Discussion/Papers/Papers_principales/METADINAMICA_SI2.pdf, page 3>

Package pdftex.def Info: Results_Discussion/Papers/Papers_principales/METADINAM
ICA_SI2.pdf , page3 used on input line 23.
(pdftex.def)             Requested size: 672.23969pt x 869.95726pt.
 [154

 <./Results_Discussion/Papers/Papers_principales/METADINAMICA_SI2.pdf>]
<Results_Discussion/Papers/Papers_principales/METADINAMICA_SI2.pdf, id=3326, pa
ge=4, 614.295pt x 794.97pt>
File: Results_Discussion/Papers/Papers_principales/METADINAMICA_SI2.pdf Graphic
 file (type pdf)
<use Results_Discussion/Papers/Papers_principales/METADINAMICA_SI2.pdf, page 4>

Package pdftex.def Info: Results_Discussion/Papers/Papers_principales/METADINAM
ICA_SI2.pdf , page4 used on input line 23.
(pdftex.def)             Requested size: 672.23969pt x 869.95726pt.
File: Results_Discussion/Papers/Papers_principales/METADINAMICA_SI2.pdf Graphic
 file (type pdf)
<use Results_Discussion/Papers/Papers_principales/METADINAMICA_SI2.pdf, page 4>

Package pdftex.def Info: Results_Discussion/Papers/Papers_principales/METADINAM
ICA_SI2.pdf , page4 used on input line 23.
(pdftex.def)             Requested size: 672.23969pt x 869.95726pt.
<FOLDING_PEPTIDE_PICTURE/folding_118.png, id=3327, 333.6465pt x 333.6465pt>
File: FOLDING_PEPTIDE_PICTURE/folding_118.png Graphic file (type png)
<use FOLDING_PEPTIDE_PICTURE/folding_118.png>
Package pdftex.def Info: FOLDING_PEPTIDE_PICTURE/folding_118.png  used on input
 line 23.
(pdftex.def)             Requested size: 59.7483pt x 59.75095pt.
File: Results_Discussion/Papers/Papers_principales/METADINAMICA_SI2.pdf Graphic
 file (type pdf)
<use Results_Discussion/Papers/Papers_principales/METADINAMICA_SI2.pdf, page 4>

Package pdftex.def Info: Results_Discussion/Papers/Papers_principales/METADINAM
ICA_SI2.pdf , page4 used on input line 23.
(pdftex.def)             Requested size: 672.23969pt x 869.95726pt.
 [155

 <./Results_Discussion/Papers/Papers_principales/METADINAMICA_SI2.pdf> <./FOLDI
NG_PEPTIDE_PICTURE/folding_118.png>]
<Results_Discussion/Papers/Papers_principales/METADINAMICA_SI2.pdf, id=3343, pa
ge=5, 614.295pt x 794.97pt>
File: Results_Discussion/Papers/Papers_principales/METADINAMICA_SI2.pdf Graphic
 file (type pdf)
<use Results_Discussion/Papers/Papers_principales/METADINAMICA_SI2.pdf, page 5>

Package pdftex.def Info: Results_Discussion/Papers/Papers_principales/METADINAM
ICA_SI2.pdf , page5 used on input line 23.
(pdftex.def)             Requested size: 672.23969pt x 869.95726pt.
File: Results_Discussion/Papers/Papers_principales/METADINAMICA_SI2.pdf Graphic
 file (type pdf)
<use Results_Discussion/Papers/Papers_principales/METADINAMICA_SI2.pdf, page 5>

Package pdftex.def Info: Results_Discussion/Papers/Papers_principales/METADINAM
ICA_SI2.pdf , page5 used on input line 23.
(pdftex.def)             Requested size: 672.23969pt x 869.95726pt.
<FOLDING_PEPTIDE_PICTURE/folding_119.png, id=3344, 333.6465pt x 333.6465pt>
File: FOLDING_PEPTIDE_PICTURE/folding_119.png Graphic file (type png)
<use FOLDING_PEPTIDE_PICTURE/folding_119.png>
Package pdftex.def Info: FOLDING_PEPTIDE_PICTURE/folding_119.png  used on input
 line 23.
(pdftex.def)             Requested size: 59.7483pt x 59.75095pt.
File: Results_Discussion/Papers/Papers_principales/METADINAMICA_SI2.pdf Graphic
 file (type pdf)
<use Results_Discussion/Papers/Papers_principales/METADINAMICA_SI2.pdf, page 5>

Package pdftex.def Info: Results_Discussion/Papers/Papers_principales/METADINAM
ICA_SI2.pdf , page5 used on input line 23.
(pdftex.def)             Requested size: 672.23969pt x 869.95726pt.
 [156

 <./Results_Discussion/Papers/Papers_principales/METADINAMICA_SI2.pdf> <./FOLDI
NG_PEPTIDE_PICTURE/folding_119.png>]
<Results_Discussion/Papers/Papers_principales/METADINAMICA_SI2.pdf, id=3353, pa
ge=6, 614.295pt x 794.97pt>
File: Results_Discussion/Papers/Papers_principales/METADINAMICA_SI2.pdf Graphic
 file (type pdf)
<use Results_Discussion/Papers/Papers_principales/METADINAMICA_SI2.pdf, page 6>

Package pdftex.def Info: Results_Discussion/Papers/Papers_principales/METADINAM
ICA_SI2.pdf , page6 used on input line 23.
(pdftex.def)             Requested size: 672.23969pt x 869.95726pt.
File: Results_Discussion/Papers/Papers_principales/METADINAMICA_SI2.pdf Graphic
 file (type pdf)
<use Results_Discussion/Papers/Papers_principales/METADINAMICA_SI2.pdf, page 6>

Package pdftex.def Info: Results_Discussion/Papers/Papers_principales/METADINAM
ICA_SI2.pdf , page6 used on input line 23.
(pdftex.def)             Requested size: 672.23969pt x 869.95726pt.
<FOLDING_PEPTIDE_PICTURE/folding_120.png, id=3354, 333.6465pt x 333.6465pt>
File: FOLDING_PEPTIDE_PICTURE/folding_120.png Graphic file (type png)
<use FOLDING_PEPTIDE_PICTURE/folding_120.png>
Package pdftex.def Info: FOLDING_PEPTIDE_PICTURE/folding_120.png  used on input
 line 23.
(pdftex.def)             Requested size: 59.7483pt x 59.75095pt.
File: Results_Discussion/Papers/Papers_principales/METADINAMICA_SI2.pdf Graphic
 file (type pdf)
<use Results_Discussion/Papers/Papers_principales/METADINAMICA_SI2.pdf, page 6>

Package pdftex.def Info: Results_Discussion/Papers/Papers_principales/METADINAM
ICA_SI2.pdf , page6 used on input line 23.
(pdftex.def)             Requested size: 672.23969pt x 869.95726pt.
 [157

 <./Results_Discussion/Papers/Papers_principales/METADINAMICA_SI2.pdf> <./FOLDI
NG_PEPTIDE_PICTURE/folding_120.png>]
<Results_Discussion/Papers/Papers_principales/METADINAMICA_SI2.pdf, id=3367, pa
ge=7, 614.295pt x 794.97pt>
File: Results_Discussion/Papers/Papers_principales/METADINAMICA_SI2.pdf Graphic
 file (type pdf)
<use Results_Discussion/Papers/Papers_principales/METADINAMICA_SI2.pdf, page 7>

Package pdftex.def Info: Results_Discussion/Papers/Papers_principales/METADINAM
ICA_SI2.pdf , page7 used on input line 23.
(pdftex.def)             Requested size: 672.23969pt x 869.95726pt.
File: Results_Discussion/Papers/Papers_principales/METADINAMICA_SI2.pdf Graphic
 file (type pdf)
<use Results_Discussion/Papers/Papers_principales/METADINAMICA_SI2.pdf, page 7>

Package pdftex.def Info: Results_Discussion/Papers/Papers_principales/METADINAM
ICA_SI2.pdf , page7 used on input line 23.
(pdftex.def)             Requested size: 672.23969pt x 869.95726pt.
File: FOLDING_PEPTIDE_PICTURE/folding_120.png Graphic file (type png)
<use FOLDING_PEPTIDE_PICTURE/folding_120.png>
Package pdftex.def Info: FOLDING_PEPTIDE_PICTURE/folding_120.png  used on input
 line 23.
(pdftex.def)             Requested size: 59.7483pt x 59.75095pt.
File: Results_Discussion/Papers/Papers_principales/METADINAMICA_SI2.pdf Graphic
 file (type pdf)
<use Results_Discussion/Papers/Papers_principales/METADINAMICA_SI2.pdf, page 7>

Package pdftex.def Info: Results_Discussion/Papers/Papers_principales/METADINAM
ICA_SI2.pdf , page7 used on input line 23.
(pdftex.def)             Requested size: 672.23969pt x 869.95726pt.
 [158

 <./Results_Discussion/Papers/Papers_principales/METADINAMICA_SI2.pdf>]
<Results_Discussion/Papers/Papers_principales/METADINAMICA_SI2.pdf, id=3374, pa
ge=8, 614.295pt x 794.97pt>
File: Results_Discussion/Papers/Papers_principales/METADINAMICA_SI2.pdf Graphic
 file (type pdf)
<use Results_Discussion/Papers/Papers_principales/METADINAMICA_SI2.pdf, page 8>

Package pdftex.def Info: Results_Discussion/Papers/Papers_principales/METADINAM
ICA_SI2.pdf , page8 used on input line 23.
(pdftex.def)             Requested size: 672.23969pt x 869.95726pt.
File: Results_Discussion/Papers/Papers_principales/METADINAMICA_SI2.pdf Graphic
 file (type pdf)
<use Results_Discussion/Papers/Papers_principales/METADINAMICA_SI2.pdf, page 8>

Package pdftex.def Info: Results_Discussion/Papers/Papers_principales/METADINAM
ICA_SI2.pdf , page8 used on input line 23.
(pdftex.def)             Requested size: 672.23969pt x 869.95726pt.
<FOLDING_PEPTIDE_PICTURE/folding_121.png, id=3375, 333.6465pt x 333.6465pt>
File: FOLDING_PEPTIDE_PICTURE/folding_121.png Graphic file (type png)
<use FOLDING_PEPTIDE_PICTURE/folding_121.png>
Package pdftex.def Info: FOLDING_PEPTIDE_PICTURE/folding_121.png  used on input
 line 23.
(pdftex.def)             Requested size: 59.7483pt x 59.75095pt.
File: Results_Discussion/Papers/Papers_principales/METADINAMICA_SI2.pdf Graphic
 file (type pdf)
<use Results_Discussion/Papers/Papers_principales/METADINAMICA_SI2.pdf, page 8>

Package pdftex.def Info: Results_Discussion/Papers/Papers_principales/METADINAM
ICA_SI2.pdf , page8 used on input line 23.
(pdftex.def)             Requested size: 672.23969pt x 869.95726pt.
 [159

 <./Results_Discussion/Papers/Papers_principales/METADINAMICA_SI2.pdf> <./FOLDI
NG_PEPTIDE_PICTURE/folding_121.png>]
<Results_Discussion/Papers/Papers_principales/METADINAMICA_SI2.pdf, id=3383, pa
ge=9, 614.295pt x 794.97pt>
File: Results_Discussion/Papers/Papers_principales/METADINAMICA_SI2.pdf Graphic
 file (type pdf)
<use Results_Discussion/Papers/Papers_principales/METADINAMICA_SI2.pdf, page 9>

Package pdftex.def Info: Results_Discussion/Papers/Papers_principales/METADINAM
ICA_SI2.pdf , page9 used on input line 23.
(pdftex.def)             Requested size: 672.23969pt x 869.95726pt.
File: Results_Discussion/Papers/Papers_principales/METADINAMICA_SI2.pdf Graphic
 file (type pdf)
<use Results_Discussion/Papers/Papers_principales/METADINAMICA_SI2.pdf, page 9>

Package pdftex.def Info: Results_Discussion/Papers/Papers_principales/METADINAM
ICA_SI2.pdf , page9 used on input line 23.
(pdftex.def)             Requested size: 672.23969pt x 869.95726pt.
<FOLDING_PEPTIDE_PICTURE/folding_122.png, id=3384, 333.6465pt x 333.6465pt>
File: FOLDING_PEPTIDE_PICTURE/folding_122.png Graphic file (type png)
<use FOLDING_PEPTIDE_PICTURE/folding_122.png>
Package pdftex.def Info: FOLDING_PEPTIDE_PICTURE/folding_122.png  used on input
 line 23.
(pdftex.def)             Requested size: 59.7483pt x 59.75095pt.
File: Results_Discussion/Papers/Papers_principales/METADINAMICA_SI2.pdf Graphic
 file (type pdf)
<use Results_Discussion/Papers/Papers_principales/METADINAMICA_SI2.pdf, page 9>

Package pdftex.def Info: Results_Discussion/Papers/Papers_principales/METADINAM
ICA_SI2.pdf , page9 used on input line 23.
(pdftex.def)             Requested size: 672.23969pt x 869.95726pt.
 [160

 <./Results_Discussion/Papers/Papers_principales/METADINAMICA_SI2.pdf> <./FOLDI
NG_PEPTIDE_PICTURE/folding_122.png>]
<Results_Discussion/Papers/Papers_principales/METADINAMICA_SI2.pdf, id=3392, pa
ge=10, 614.295pt x 794.97pt>
File: Results_Discussion/Papers/Papers_principales/METADINAMICA_SI2.pdf Graphic
 file (type pdf)
<use Results_Discussion/Papers/Papers_principales/METADINAMICA_SI2.pdf, page 10
>
Package pdftex.def Info: Results_Discussion/Papers/Papers_principales/METADINAM
ICA_SI2.pdf , page10 used on input line 23.
(pdftex.def)             Requested size: 672.23969pt x 869.95726pt.
File: Results_Discussion/Papers/Papers_principales/METADINAMICA_SI2.pdf Graphic
 file (type pdf)
<use Results_Discussion/Papers/Papers_principales/METADINAMICA_SI2.pdf, page 10
>
Package pdftex.def Info: Results_Discussion/Papers/Papers_principales/METADINAM
ICA_SI2.pdf , page10 used on input line 23.
(pdftex.def)             Requested size: 672.23969pt x 869.95726pt.
<FOLDING_PEPTIDE_PICTURE/folding_123.png, id=3393, 333.6465pt x 333.6465pt>
File: FOLDING_PEPTIDE_PICTURE/folding_123.png Graphic file (type png)
<use FOLDING_PEPTIDE_PICTURE/folding_123.png>
Package pdftex.def Info: FOLDING_PEPTIDE_PICTURE/folding_123.png  used on input
 line 23.
(pdftex.def)             Requested size: 59.7483pt x 59.75095pt.
File: Results_Discussion/Papers/Papers_principales/METADINAMICA_SI2.pdf Graphic
 file (type pdf)
<use Results_Discussion/Papers/Papers_principales/METADINAMICA_SI2.pdf, page 10
>
Package pdftex.def Info: Results_Discussion/Papers/Papers_principales/METADINAM
ICA_SI2.pdf , page10 used on input line 23.
(pdftex.def)             Requested size: 672.23969pt x 869.95726pt.
 [161

 <./Results_Discussion/Papers/Papers_principales/METADINAMICA_SI2.pdf> <./FOLDI
NG_PEPTIDE_PICTURE/folding_123.png>]
<Results_Discussion/Papers/Papers_principales/METADINAMICA_SI2.pdf, id=3401, pa
ge=11, 614.295pt x 794.97pt>
File: Results_Discussion/Papers/Papers_principales/METADINAMICA_SI2.pdf Graphic
 file (type pdf)
<use Results_Discussion/Papers/Papers_principales/METADINAMICA_SI2.pdf, page 11
>
Package pdftex.def Info: Results_Discussion/Papers/Papers_principales/METADINAM
ICA_SI2.pdf , page11 used on input line 23.
(pdftex.def)             Requested size: 672.23969pt x 869.95726pt.
File: Results_Discussion/Papers/Papers_principales/METADINAMICA_SI2.pdf Graphic
 file (type pdf)
<use Results_Discussion/Papers/Papers_principales/METADINAMICA_SI2.pdf, page 11
>
Package pdftex.def Info: Results_Discussion/Papers/Papers_principales/METADINAM
ICA_SI2.pdf , page11 used on input line 23.
(pdftex.def)             Requested size: 672.23969pt x 869.95726pt.
<FOLDING_PEPTIDE_PICTURE/folding_124.png, id=3402, 333.6465pt x 333.6465pt>
File: FOLDING_PEPTIDE_PICTURE/folding_124.png Graphic file (type png)
<use FOLDING_PEPTIDE_PICTURE/folding_124.png>
Package pdftex.def Info: FOLDING_PEPTIDE_PICTURE/folding_124.png  used on input
 line 23.
(pdftex.def)             Requested size: 59.7483pt x 59.75095pt.
File: Results_Discussion/Papers/Papers_principales/METADINAMICA_SI2.pdf Graphic
 file (type pdf)
<use Results_Discussion/Papers/Papers_principales/METADINAMICA_SI2.pdf, page 11
>
Package pdftex.def Info: Results_Discussion/Papers/Papers_principales/METADINAM
ICA_SI2.pdf , page11 used on input line 23.
(pdftex.def)             Requested size: 672.23969pt x 869.95726pt.

[162

 <./Results_Discussion/Papers/Papers_principales/METADINAMICA_SI2.pdf> <./FOLDI
NG_PEPTIDE_PICTURE/folding_124.png>]
<Results_Discussion/Papers/Papers_principales/METADINAMICA_SI2.pdf, id=3409, pa
ge=12, 614.295pt x 794.97pt>
File: Results_Discussion/Papers/Papers_principales/METADINAMICA_SI2.pdf Graphic
 file (type pdf)
<use Results_Discussion/Papers/Papers_principales/METADINAMICA_SI2.pdf, page 12
>
Package pdftex.def Info: Results_Discussion/Papers/Papers_principales/METADINAM
ICA_SI2.pdf , page12 used on input line 23.
(pdftex.def)             Requested size: 672.23969pt x 869.95726pt.
File: Results_Discussion/Papers/Papers_principales/METADINAMICA_SI2.pdf Graphic
 file (type pdf)
<use Results_Discussion/Papers/Papers_principales/METADINAMICA_SI2.pdf, page 12
>
Package pdftex.def Info: Results_Discussion/Papers/Papers_principales/METADINAM
ICA_SI2.pdf , page12 used on input line 23.
(pdftex.def)             Requested size: 672.23969pt x 869.95726pt.
File: FOLDING_PEPTIDE_PICTURE/folding_124.png Graphic file (type png)
<use FOLDING_PEPTIDE_PICTURE/folding_124.png>
Package pdftex.def Info: FOLDING_PEPTIDE_PICTURE/folding_124.png  used on input
 line 23.
(pdftex.def)             Requested size: 59.7483pt x 59.75095pt.
File: Results_Discussion/Papers/Papers_principales/METADINAMICA_SI2.pdf Graphic
 file (type pdf)
<use Results_Discussion/Papers/Papers_principales/METADINAMICA_SI2.pdf, page 12
>
Package pdftex.def Info: Results_Discussion/Papers/Papers_principales/METADINAM
ICA_SI2.pdf , page12 used on input line 23.
(pdftex.def)             Requested size: 672.23969pt x 869.95726pt.
 [163

 <./Results_Discussion/Papers/Papers_principales/METADINAMICA_SI2.pdf>] [164

]
<Results_Discussion/Papers/Papers_principales/bibliometria.pdf, id=3430, page=1
, 597.50829pt x 796.67639pt>
File: Results_Discussion/Papers/Papers_principales/bibliometria.pdf Graphic fil
e (type pdf)
<use Results_Discussion/Papers/Papers_principales/bibliometria.pdf, page 1>
Package pdftex.def Info: Results_Discussion/Papers/Papers_principales/bibliomet
ria.pdf , page1 used on input line 36.
(pdftex.def)             Requested size: 409.71692pt x 546.2914pt.
<Results_Discussion/Papers/Papers_principales/bibliometria.pdf, id=3431, 597.50
829pt x 796.67639pt>
File: Results_Discussion/Papers/Papers_principales/bibliometria.pdf Graphic fil
e (type pdf)
<use Results_Discussion/Papers/Papers_principales/bibliometria.pdf>
Package pdftex.def Info: Results_Discussion/Papers/Papers_principales/bibliomet
ria.pdf  used on input line 38.
(pdftex.def)             Requested size: 597.50682pt x 796.67445pt.
<Results_Discussion/Papers/Papers_principales/bibliometria.pdf, id=3433, page=2
, 597.50829pt x 796.67639pt>
File: Results_Discussion/Papers/Papers_principales/bibliometria.pdf Graphic fil
e (type pdf)
<use Results_Discussion/Papers/Papers_principales/bibliometria.pdf, page 2>
Package pdftex.def Info: Results_Discussion/Papers/Papers_principales/bibliomet
ria.pdf , page2 used on input line 38.
(pdftex.def)             Requested size: 500.77129pt x 667.69624pt.
File: Results_Discussion/Papers/Papers_principales/bibliometria.pdf Graphic fil
e (type pdf)
<use Results_Discussion/Papers/Papers_principales/bibliometria.pdf, page 2>
Package pdftex.def Info: Results_Discussion/Papers/Papers_principales/bibliomet
ria.pdf , page2 used on input line 38.
(pdftex.def)             Requested size: 714.02502pt x 952.0318pt.
<FOLDING_PEPTIDE_PICTURE/folding_126.png, id=3434, 333.6465pt x 333.6465pt>
File: FOLDING_PEPTIDE_PICTURE/folding_126.png Graphic file (type png)
<use FOLDING_PEPTIDE_PICTURE/folding_126.png>
Package pdftex.def Info: FOLDING_PEPTIDE_PICTURE/folding_126.png  used on input
 line 38.
(pdftex.def)             Requested size: 59.7483pt x 59.75095pt.
 [165 <./Results_Discussion/Papers/Papers_principales/bibliometria.pdf> <./FOLD
ING_PEPTIDE_PICTURE/folding_126.png>]
File: Results_Discussion/Papers/Papers_principales/bibliometria.pdf Graphic fil
e (type pdf)
<use Results_Discussion/Papers/Papers_principales/bibliometria.pdf, page 2>
Package pdftex.def Info: Results_Discussion/Papers/Papers_principales/bibliomet
ria.pdf , page2 used on input line 38.
(pdftex.def)             Requested size: 714.02502pt x 952.0318pt.
File: Results_Discussion/Papers/Papers_principales/bibliometria.pdf Graphic fil
e (type pdf)
<use Results_Discussion/Papers/Papers_principales/bibliometria.pdf, page 2>
Package pdftex.def Info: Results_Discussion/Papers/Papers_principales/bibliomet
ria.pdf , page2 used on input line 38.
(pdftex.def)             Requested size: 714.02502pt x 952.0318pt.
<FOLDING_PEPTIDE_PICTURE/folding_127.png, id=3500, 333.6465pt x 333.6465pt>
File: FOLDING_PEPTIDE_PICTURE/folding_127.png Graphic file (type png)
<use FOLDING_PEPTIDE_PICTURE/folding_127.png>
Package pdftex.def Info: FOLDING_PEPTIDE_PICTURE/folding_127.png  used on input
 line 38.
(pdftex.def)             Requested size: 59.7483pt x 59.75095pt.
File: Results_Discussion/Papers/Papers_principales/bibliometria.pdf Graphic fil
e (type pdf)
<use Results_Discussion/Papers/Papers_principales/bibliometria.pdf, page 2>
Package pdftex.def Info: Results_Discussion/Papers/Papers_principales/bibliomet
ria.pdf , page2 used on input line 38.
(pdftex.def)             Requested size: 714.02502pt x 952.0318pt.
 [166

 <./Results_Discussion/Papers/Papers_principales/bibliometria.pdf> <./FOLDING_P
EPTIDE_PICTURE/folding_127.png>]
<Results_Discussion/Papers/Papers_principales/bibliometria.pdf, id=3515, page=3
, 597.50829pt x 796.67639pt>
File: Results_Discussion/Papers/Papers_principales/bibliometria.pdf Graphic fil
e (type pdf)
<use Results_Discussion/Papers/Papers_principales/bibliometria.pdf, page 3>
Package pdftex.def Info: Results_Discussion/Papers/Papers_principales/bibliomet
ria.pdf , page3 used on input line 38.
(pdftex.def)             Requested size: 714.02502pt x 952.0318pt.
File: Results_Discussion/Papers/Papers_principales/bibliometria.pdf Graphic fil
e (type pdf)
<use Results_Discussion/Papers/Papers_principales/bibliometria.pdf, page 3>
Package pdftex.def Info: Results_Discussion/Papers/Papers_principales/bibliomet
ria.pdf , page3 used on input line 38.
(pdftex.def)             Requested size: 714.02502pt x 952.0318pt.
File: FOLDING_PEPTIDE_PICTURE/folding_127.png Graphic file (type png)
<use FOLDING_PEPTIDE_PICTURE/folding_127.png>
Package pdftex.def Info: FOLDING_PEPTIDE_PICTURE/folding_127.png  used on input
 line 38.
(pdftex.def)             Requested size: 59.7483pt x 59.75095pt.
File: Results_Discussion/Papers/Papers_principales/bibliometria.pdf Graphic fil
e (type pdf)
<use Results_Discussion/Papers/Papers_principales/bibliometria.pdf, page 3>
Package pdftex.def Info: Results_Discussion/Papers/Papers_principales/bibliomet
ria.pdf , page3 used on input line 38.
(pdftex.def)             Requested size: 714.02502pt x 952.0318pt.
 [167

 <./Results_Discussion/Papers/Papers_principales/bibliometria.pdf>]
<Results_Discussion/Papers/Papers_principales/bibliometria.pdf, id=3524, page=4
, 597.50829pt x 796.67639pt>
File: Results_Discussion/Papers/Papers_principales/bibliometria.pdf Graphic fil
e (type pdf)
<use Results_Discussion/Papers/Papers_principales/bibliometria.pdf, page 4>
Package pdftex.def Info: Results_Discussion/Papers/Papers_principales/bibliomet
ria.pdf , page4 used on input line 38.
(pdftex.def)             Requested size: 714.02502pt x 952.0318pt.
File: Results_Discussion/Papers/Papers_principales/bibliometria.pdf Graphic fil
e (type pdf)
<use Results_Discussion/Papers/Papers_principales/bibliometria.pdf, page 4>
Package pdftex.def Info: Results_Discussion/Papers/Papers_principales/bibliomet
ria.pdf , page4 used on input line 38.
(pdftex.def)             Requested size: 714.02502pt x 952.0318pt.
<FOLDING_PEPTIDE_PICTURE/folding_128.png, id=3525, 333.6465pt x 333.6465pt>
File: FOLDING_PEPTIDE_PICTURE/folding_128.png Graphic file (type png)
<use FOLDING_PEPTIDE_PICTURE/folding_128.png>
Package pdftex.def Info: FOLDING_PEPTIDE_PICTURE/folding_128.png  used on input
 line 38.
(pdftex.def)             Requested size: 59.7483pt x 59.75095pt.
File: Results_Discussion/Papers/Papers_principales/bibliometria.pdf Graphic fil
e (type pdf)
<use Results_Discussion/Papers/Papers_principales/bibliometria.pdf, page 4>
Package pdftex.def Info: Results_Discussion/Papers/Papers_principales/bibliomet
ria.pdf , page4 used on input line 38.
(pdftex.def)             Requested size: 714.02502pt x 952.0318pt.
 [168

 <./Results_Discussion/Papers/Papers_principales/bibliometria.pdf> <./FOLDING_P
EPTIDE_PICTURE/folding_128.png>]
<Results_Discussion/Papers/Papers_principales/bibliometria.pdf, id=3531, page=5
, 597.50829pt x 796.67639pt>
File: Results_Discussion/Papers/Papers_principales/bibliometria.pdf Graphic fil
e (type pdf)
<use Results_Discussion/Papers/Papers_principales/bibliometria.pdf, page 5>
Package pdftex.def Info: Results_Discussion/Papers/Papers_principales/bibliomet
ria.pdf , page5 used on input line 38.
(pdftex.def)             Requested size: 714.02502pt x 952.0318pt.
File: Results_Discussion/Papers/Papers_principales/bibliometria.pdf Graphic fil
e (type pdf)
<use Results_Discussion/Papers/Papers_principales/bibliometria.pdf, page 5>
Package pdftex.def Info: Results_Discussion/Papers/Papers_principales/bibliomet
ria.pdf , page5 used on input line 38.
(pdftex.def)             Requested size: 714.02502pt x 952.0318pt.
<FOLDING_PEPTIDE_PICTURE/folding_129.png, id=3532, 333.6465pt x 333.6465pt>
File: FOLDING_PEPTIDE_PICTURE/folding_129.png Graphic file (type png)
<use FOLDING_PEPTIDE_PICTURE/folding_129.png>
Package pdftex.def Info: FOLDING_PEPTIDE_PICTURE/folding_129.png  used on input
 line 38.
(pdftex.def)             Requested size: 59.7483pt x 59.75095pt.
File: Results_Discussion/Papers/Papers_principales/bibliometria.pdf Graphic fil
e (type pdf)
<use Results_Discussion/Papers/Papers_principales/bibliometria.pdf, page 5>
Package pdftex.def Info: Results_Discussion/Papers/Papers_principales/bibliomet
ria.pdf , page5 used on input line 38.
(pdftex.def)             Requested size: 714.02502pt x 952.0318pt.
 [169

 <./Results_Discussion/Papers/Papers_principales/bibliometria.pdf> <./FOLDING_P
EPTIDE_PICTURE/folding_129.png>]
<Results_Discussion/Papers/Papers_principales/bibliometria.pdf, id=3539, page=6
, 597.50829pt x 796.67639pt>
File: Results_Discussion/Papers/Papers_principales/bibliometria.pdf Graphic fil
e (type pdf)
<use Results_Discussion/Papers/Papers_principales/bibliometria.pdf, page 6>
Package pdftex.def Info: Results_Discussion/Papers/Papers_principales/bibliomet
ria.pdf , page6 used on input line 38.
(pdftex.def)             Requested size: 714.02502pt x 952.0318pt.
File: Results_Discussion/Papers/Papers_principales/bibliometria.pdf Graphic fil
e (type pdf)
<use Results_Discussion/Papers/Papers_principales/bibliometria.pdf, page 6>
Package pdftex.def Info: Results_Discussion/Papers/Papers_principales/bibliomet
ria.pdf , page6 used on input line 38.
(pdftex.def)             Requested size: 714.02502pt x 952.0318pt.
<FOLDING_PEPTIDE_PICTURE/folding_130.png, id=3540, 333.6465pt x 333.6465pt>
File: FOLDING_PEPTIDE_PICTURE/folding_130.png Graphic file (type png)
<use FOLDING_PEPTIDE_PICTURE/folding_130.png>
Package pdftex.def Info: FOLDING_PEPTIDE_PICTURE/folding_130.png  used on input
 line 38.
(pdftex.def)             Requested size: 59.7483pt x 59.75095pt.
File: Results_Discussion/Papers/Papers_principales/bibliometria.pdf Graphic fil
e (type pdf)
<use Results_Discussion/Papers/Papers_principales/bibliometria.pdf, page 6>
Package pdftex.def Info: Results_Discussion/Papers/Papers_principales/bibliomet
ria.pdf , page6 used on input line 38.
(pdftex.def)             Requested size: 714.02502pt x 952.0318pt.
 [170

 <./Results_Discussion/Papers/Papers_principales/bibliometria.pdf> <./FOLDING_P
EPTIDE_PICTURE/folding_130.png>]
<Results_Discussion/Papers/Papers_principales/bibliometria.pdf, id=3569, page=7
, 597.50829pt x 796.67639pt>
File: Results_Discussion/Papers/Papers_principales/bibliometria.pdf Graphic fil
e (type pdf)
<use Results_Discussion/Papers/Papers_principales/bibliometria.pdf, page 7>
Package pdftex.def Info: Results_Discussion/Papers/Papers_principales/bibliomet
ria.pdf , page7 used on input line 38.
(pdftex.def)             Requested size: 714.02502pt x 952.0318pt.
File: Results_Discussion/Papers/Papers_principales/bibliometria.pdf Graphic fil
e (type pdf)
<use Results_Discussion/Papers/Papers_principales/bibliometria.pdf, page 7>
Package pdftex.def Info: Results_Discussion/Papers/Papers_principales/bibliomet
ria.pdf , page7 used on input line 38.
(pdftex.def)             Requested size: 714.02502pt x 952.0318pt.
File: FOLDING_PEPTIDE_PICTURE/folding_130.png Graphic file (type png)
<use FOLDING_PEPTIDE_PICTURE/folding_130.png>
Package pdftex.def Info: FOLDING_PEPTIDE_PICTURE/folding_130.png  used on input
 line 38.
(pdftex.def)             Requested size: 59.7483pt x 59.75095pt.
File: Results_Discussion/Papers/Papers_principales/bibliometria.pdf Graphic fil
e (type pdf)
<use Results_Discussion/Papers/Papers_principales/bibliometria.pdf, page 7>
Package pdftex.def Info: Results_Discussion/Papers/Papers_principales/bibliomet
ria.pdf , page7 used on input line 38.
(pdftex.def)             Requested size: 714.02502pt x 952.0318pt.
 [171

 <./Results_Discussion/Papers/Papers_principales/bibliometria.pdf>]
<Results_Discussion/Papers/Papers_principales/bibliometria.pdf, id=3574, page=8
, 597.50829pt x 796.67639pt>
File: Results_Discussion/Papers/Papers_principales/bibliometria.pdf Graphic fil
e (type pdf)
<use Results_Discussion/Papers/Papers_principales/bibliometria.pdf, page 8>
Package pdftex.def Info: Results_Discussion/Papers/Papers_principales/bibliomet
ria.pdf , page8 used on input line 38.
(pdftex.def)             Requested size: 714.02502pt x 952.0318pt.
File: Results_Discussion/Papers/Papers_principales/bibliometria.pdf Graphic fil
e (type pdf)
<use Results_Discussion/Papers/Papers_principales/bibliometria.pdf, page 8>
Package pdftex.def Info: Results_Discussion/Papers/Papers_principales/bibliomet
ria.pdf , page8 used on input line 38.
(pdftex.def)             Requested size: 714.02502pt x 952.0318pt.
<FOLDING_PEPTIDE_PICTURE/folding_131.png, id=3575, 333.6465pt x 333.6465pt>
File: FOLDING_PEPTIDE_PICTURE/folding_131.png Graphic file (type png)
<use FOLDING_PEPTIDE_PICTURE/folding_131.png>
Package pdftex.def Info: FOLDING_PEPTIDE_PICTURE/folding_131.png  used on input
 line 38.
(pdftex.def)             Requested size: 59.7483pt x 59.75095pt.
File: Results_Discussion/Papers/Papers_principales/bibliometria.pdf Graphic fil
e (type pdf)
<use Results_Discussion/Papers/Papers_principales/bibliometria.pdf, page 8>
Package pdftex.def Info: Results_Discussion/Papers/Papers_principales/bibliomet
ria.pdf , page8 used on input line 38.
(pdftex.def)             Requested size: 714.02502pt x 952.0318pt.
 [172

 <./Results_Discussion/Papers/Papers_principales/bibliometria.pdf> <./FOLDING_P
EPTIDE_PICTURE/folding_131.png>]
<Results_Discussion/Papers/Papers_principales/bibliometria.pdf, id=3582, page=9
, 597.50829pt x 796.67639pt>
File: Results_Discussion/Papers/Papers_principales/bibliometria.pdf Graphic fil
e (type pdf)
<use Results_Discussion/Papers/Papers_principales/bibliometria.pdf, page 9>
Package pdftex.def Info: Results_Discussion/Papers/Papers_principales/bibliomet
ria.pdf , page9 used on input line 38.
(pdftex.def)             Requested size: 714.02502pt x 952.0318pt.
File: Results_Discussion/Papers/Papers_principales/bibliometria.pdf Graphic fil
e (type pdf)
<use Results_Discussion/Papers/Papers_principales/bibliometria.pdf, page 9>
Package pdftex.def Info: Results_Discussion/Papers/Papers_principales/bibliomet
ria.pdf , page9 used on input line 38.
(pdftex.def)             Requested size: 714.02502pt x 952.0318pt.
<FOLDING_PEPTIDE_PICTURE/folding_132.png, id=3583, 333.6465pt x 333.6465pt>
File: FOLDING_PEPTIDE_PICTURE/folding_132.png Graphic file (type png)
<use FOLDING_PEPTIDE_PICTURE/folding_132.png>
Package pdftex.def Info: FOLDING_PEPTIDE_PICTURE/folding_132.png  used on input
 line 38.
(pdftex.def)             Requested size: 59.7483pt x 59.75095pt.
File: Results_Discussion/Papers/Papers_principales/bibliometria.pdf Graphic fil
e (type pdf)
<use Results_Discussion/Papers/Papers_principales/bibliometria.pdf, page 9>
Package pdftex.def Info: Results_Discussion/Papers/Papers_principales/bibliomet
ria.pdf , page9 used on input line 38.
(pdftex.def)             Requested size: 714.02502pt x 952.0318pt.
 [173

 <./Results_Discussion/Papers/Papers_principales/bibliometria.pdf> <./FOLDING_P
EPTIDE_PICTURE/folding_132.png>]
<Results_Discussion/Papers/Papers_principales/bibliometria.pdf, id=3590, page=1
0, 597.50829pt x 796.67639pt>
File: Results_Discussion/Papers/Papers_principales/bibliometria.pdf Graphic fil
e (type pdf)
<use Results_Discussion/Papers/Papers_principales/bibliometria.pdf, page 10>
Package pdftex.def Info: Results_Discussion/Papers/Papers_principales/bibliomet
ria.pdf , page10 used on input line 38.
(pdftex.def)             Requested size: 714.02502pt x 952.0318pt.
File: Results_Discussion/Papers/Papers_principales/bibliometria.pdf Graphic fil
e (type pdf)
<use Results_Discussion/Papers/Papers_principales/bibliometria.pdf, page 10>
Package pdftex.def Info: Results_Discussion/Papers/Papers_principales/bibliomet
ria.pdf , page10 used on input line 38.
(pdftex.def)             Requested size: 714.02502pt x 952.0318pt.
<FOLDING_PEPTIDE_PICTURE/folding_133.png, id=3591, 333.6465pt x 333.6465pt>
File: FOLDING_PEPTIDE_PICTURE/folding_133.png Graphic file (type png)
<use FOLDING_PEPTIDE_PICTURE/folding_133.png>
Package pdftex.def Info: FOLDING_PEPTIDE_PICTURE/folding_133.png  used on input
 line 38.
(pdftex.def)             Requested size: 59.7483pt x 59.75095pt.
File: Results_Discussion/Papers/Papers_principales/bibliometria.pdf Graphic fil
e (type pdf)
<use Results_Discussion/Papers/Papers_principales/bibliometria.pdf, page 10>
Package pdftex.def Info: Results_Discussion/Papers/Papers_principales/bibliomet
ria.pdf , page10 used on input line 38.
(pdftex.def)             Requested size: 714.02502pt x 952.0318pt.
 [174

 <./Results_Discussion/Papers/Papers_principales/bibliometria.pdf> <./FOLDING_P
EPTIDE_PICTURE/folding_133.png>]
<Results_Discussion/Papers/Papers_principales/bibliometria.pdf, id=3598, page=1
1, 597.50829pt x 796.67639pt>
File: Results_Discussion/Papers/Papers_principales/bibliometria.pdf Graphic fil
e (type pdf)
<use Results_Discussion/Papers/Papers_principales/bibliometria.pdf, page 11>
Package pdftex.def Info: Results_Discussion/Papers/Papers_principales/bibliomet
ria.pdf , page11 used on input line 38.
(pdftex.def)             Requested size: 714.02502pt x 952.0318pt.
File: Results_Discussion/Papers/Papers_principales/bibliometria.pdf Graphic fil
e (type pdf)
<use Results_Discussion/Papers/Papers_principales/bibliometria.pdf, page 11>
Package pdftex.def Info: Results_Discussion/Papers/Papers_principales/bibliomet
ria.pdf , page11 used on input line 38.
(pdftex.def)             Requested size: 714.02502pt x 952.0318pt.
File: FOLDING_PEPTIDE_PICTURE/folding_133.png Graphic file (type png)
<use FOLDING_PEPTIDE_PICTURE/folding_133.png>
Package pdftex.def Info: FOLDING_PEPTIDE_PICTURE/folding_133.png  used on input
 line 38.
(pdftex.def)             Requested size: 59.7483pt x 59.75095pt.
File: Results_Discussion/Papers/Papers_principales/bibliometria.pdf Graphic fil
e (type pdf)
<use Results_Discussion/Papers/Papers_principales/bibliometria.pdf, page 11>
Package pdftex.def Info: Results_Discussion/Papers/Papers_principales/bibliomet
ria.pdf , page11 used on input line 38.
(pdftex.def)             Requested size: 714.02502pt x 952.0318pt.
 [175

 <./Results_Discussion/Papers/Papers_principales/bibliometria.pdf>]
<Results_Discussion/Papers/Papers_principales/bibliometria.pdf, id=3606, page=1
2, 597.50829pt x 796.67639pt>
File: Results_Discussion/Papers/Papers_principales/bibliometria.pdf Graphic fil
e (type pdf)
<use Results_Discussion/Papers/Papers_principales/bibliometria.pdf, page 12>
Package pdftex.def Info: Results_Discussion/Papers/Papers_principales/bibliomet
ria.pdf , page12 used on input line 38.
(pdftex.def)             Requested size: 714.02502pt x 952.0318pt.
File: Results_Discussion/Papers/Papers_principales/bibliometria.pdf Graphic fil
e (type pdf)
<use Results_Discussion/Papers/Papers_principales/bibliometria.pdf, page 12>
Package pdftex.def Info: Results_Discussion/Papers/Papers_principales/bibliomet
ria.pdf , page12 used on input line 38.
(pdftex.def)             Requested size: 714.02502pt x 952.0318pt.
<FOLDING_PEPTIDE_PICTURE/folding_134.png, id=3607, 333.6465pt x 333.6465pt>
File: FOLDING_PEPTIDE_PICTURE/folding_134.png Graphic file (type png)
<use FOLDING_PEPTIDE_PICTURE/folding_134.png>
Package pdftex.def Info: FOLDING_PEPTIDE_PICTURE/folding_134.png  used on input
 line 38.
(pdftex.def)             Requested size: 59.7483pt x 59.75095pt.
File: Results_Discussion/Papers/Papers_principales/bibliometria.pdf Graphic fil
e (type pdf)
<use Results_Discussion/Papers/Papers_principales/bibliometria.pdf, page 12>
Package pdftex.def Info: Results_Discussion/Papers/Papers_principales/bibliomet
ria.pdf , page12 used on input line 38.
(pdftex.def)             Requested size: 714.02502pt x 952.0318pt.
 [176

 <./Results_Discussion/Papers/Papers_principales/bibliometria.pdf> <./FOLDING_P
EPTIDE_PICTURE/folding_134.png>]
<Results_Discussion/Papers/Papers_principales/bibliometria.pdf, id=3614, page=1
3, 597.50829pt x 796.67639pt>
File: Results_Discussion/Papers/Papers_principales/bibliometria.pdf Graphic fil
e (type pdf)
<use Results_Discussion/Papers/Papers_principales/bibliometria.pdf, page 13>
Package pdftex.def Info: Results_Discussion/Papers/Papers_principales/bibliomet
ria.pdf , page13 used on input line 38.
(pdftex.def)             Requested size: 714.02502pt x 952.0318pt.
File: Results_Discussion/Papers/Papers_principales/bibliometria.pdf Graphic fil
e (type pdf)
<use Results_Discussion/Papers/Papers_principales/bibliometria.pdf, page 13>
Package pdftex.def Info: Results_Discussion/Papers/Papers_principales/bibliomet
ria.pdf , page13 used on input line 38.
(pdftex.def)             Requested size: 714.02502pt x 952.0318pt.
<FOLDING_PEPTIDE_PICTURE/folding_135.png, id=3615, 333.6465pt x 333.6465pt>
File: FOLDING_PEPTIDE_PICTURE/folding_135.png Graphic file (type png)
<use FOLDING_PEPTIDE_PICTURE/folding_135.png>
Package pdftex.def Info: FOLDING_PEPTIDE_PICTURE/folding_135.png  used on input
 line 38.
(pdftex.def)             Requested size: 59.7483pt x 59.75095pt.
File: Results_Discussion/Papers/Papers_principales/bibliometria.pdf Graphic fil
e (type pdf)
<use Results_Discussion/Papers/Papers_principales/bibliometria.pdf, page 13>
Package pdftex.def Info: Results_Discussion/Papers/Papers_principales/bibliomet
ria.pdf , page13 used on input line 38.
(pdftex.def)             Requested size: 714.02502pt x 952.0318pt.
 [177

 <./Results_Discussion/Papers/Papers_principales/bibliometria.pdf> <./FOLDING_P
EPTIDE_PICTURE/folding_135.png>]
<Results_Discussion/Papers/Papers_principales/bibliometria.pdf, id=3622, page=1
4, 597.50829pt x 796.67639pt>
File: Results_Discussion/Papers/Papers_principales/bibliometria.pdf Graphic fil
e (type pdf)
<use Results_Discussion/Papers/Papers_principales/bibliometria.pdf, page 14>
Package pdftex.def Info: Results_Discussion/Papers/Papers_principales/bibliomet
ria.pdf , page14 used on input line 38.
(pdftex.def)             Requested size: 714.02502pt x 952.0318pt.
File: Results_Discussion/Papers/Papers_principales/bibliometria.pdf Graphic fil
e (type pdf)
<use Results_Discussion/Papers/Papers_principales/bibliometria.pdf, page 14>
Package pdftex.def Info: Results_Discussion/Papers/Papers_principales/bibliomet
ria.pdf , page14 used on input line 38.
(pdftex.def)             Requested size: 714.02502pt x 952.0318pt.
<FOLDING_PEPTIDE_PICTURE/folding_136.png, id=3623, 333.6465pt x 333.6465pt>
File: FOLDING_PEPTIDE_PICTURE/folding_136.png Graphic file (type png)
<use FOLDING_PEPTIDE_PICTURE/folding_136.png>
Package pdftex.def Info: FOLDING_PEPTIDE_PICTURE/folding_136.png  used on input
 line 38.
(pdftex.def)             Requested size: 59.7483pt x 59.75095pt.
File: Results_Discussion/Papers/Papers_principales/bibliometria.pdf Graphic fil
e (type pdf)
<use Results_Discussion/Papers/Papers_principales/bibliometria.pdf, page 14>
Package pdftex.def Info: Results_Discussion/Papers/Papers_principales/bibliomet
ria.pdf , page14 used on input line 38.
(pdftex.def)             Requested size: 714.02502pt x 952.0318pt.

[178

 <./Results_Discussion/Papers/Papers_principales/bibliometria.pdf> <./FOLDING_P
EPTIDE_PICTURE/folding_136.png>]
<Results_Discussion/Papers/Papers_principales/bibliometria.pdf, id=3629, page=1
5, 597.50829pt x 796.67639pt>
File: Results_Discussion/Papers/Papers_principales/bibliometria.pdf Graphic fil
e (type pdf)
<use Results_Discussion/Papers/Papers_principales/bibliometria.pdf, page 15>
Package pdftex.def Info: Results_Discussion/Papers/Papers_principales/bibliomet
ria.pdf , page15 used on input line 38.
(pdftex.def)             Requested size: 714.02502pt x 952.0318pt.
File: Results_Discussion/Papers/Papers_principales/bibliometria.pdf Graphic fil
e (type pdf)
<use Results_Discussion/Papers/Papers_principales/bibliometria.pdf, page 15>
Package pdftex.def Info: Results_Discussion/Papers/Papers_principales/bibliomet
ria.pdf , page15 used on input line 38.
(pdftex.def)             Requested size: 714.02502pt x 952.0318pt.
File: FOLDING_PEPTIDE_PICTURE/folding_136.png Graphic file (type png)
<use FOLDING_PEPTIDE_PICTURE/folding_136.png>
Package pdftex.def Info: FOLDING_PEPTIDE_PICTURE/folding_136.png  used on input
 line 38.
(pdftex.def)             Requested size: 59.7483pt x 59.75095pt.
File: Results_Discussion/Papers/Papers_principales/bibliometria.pdf Graphic fil
e (type pdf)
<use Results_Discussion/Papers/Papers_principales/bibliometria.pdf, page 15>
Package pdftex.def Info: Results_Discussion/Papers/Papers_principales/bibliomet
ria.pdf , page15 used on input line 38.
(pdftex.def)             Requested size: 714.02502pt x 952.0318pt.
 [179

 <./Results_Discussion/Papers/Papers_principales/bibliometria.pdf>]
<Results_Discussion/Papers/Papers_principales/bibliometria.pdf, id=3634, page=1
6, 597.50829pt x 796.67639pt>
File: Results_Discussion/Papers/Papers_principales/bibliometria.pdf Graphic fil
e (type pdf)
<use Results_Discussion/Papers/Papers_principales/bibliometria.pdf, page 16>
Package pdftex.def Info: Results_Discussion/Papers/Papers_principales/bibliomet
ria.pdf , page16 used on input line 38.
(pdftex.def)             Requested size: 714.02502pt x 952.0318pt.
File: Results_Discussion/Papers/Papers_principales/bibliometria.pdf Graphic fil
e (type pdf)
<use Results_Discussion/Papers/Papers_principales/bibliometria.pdf, page 16>
Package pdftex.def Info: Results_Discussion/Papers/Papers_principales/bibliomet
ria.pdf , page16 used on input line 38.
(pdftex.def)             Requested size: 714.02502pt x 952.0318pt.
<FOLDING_PEPTIDE_PICTURE/folding_137.png, id=3635, 333.6465pt x 333.6465pt>
File: FOLDING_PEPTIDE_PICTURE/folding_137.png Graphic file (type png)
<use FOLDING_PEPTIDE_PICTURE/folding_137.png>
Package pdftex.def Info: FOLDING_PEPTIDE_PICTURE/folding_137.png  used on input
 line 38.
(pdftex.def)             Requested size: 59.7483pt x 59.75095pt.
File: Results_Discussion/Papers/Papers_principales/bibliometria.pdf Graphic fil
e (type pdf)
<use Results_Discussion/Papers/Papers_principales/bibliometria.pdf, page 16>
Package pdftex.def Info: Results_Discussion/Papers/Papers_principales/bibliomet
ria.pdf , page16 used on input line 38.
(pdftex.def)             Requested size: 714.02502pt x 952.0318pt.
 [180

 <./Results_Discussion/Papers/Papers_principales/bibliometria.pdf> <./FOLDING_P
EPTIDE_PICTURE/folding_137.png>]
<Results_Discussion/Papers/Papers_principales/bibliometria.pdf, id=3641, page=1
7, 597.50829pt x 796.67639pt>
File: Results_Discussion/Papers/Papers_principales/bibliometria.pdf Graphic fil
e (type pdf)
<use Results_Discussion/Papers/Papers_principales/bibliometria.pdf, page 17>
Package pdftex.def Info: Results_Discussion/Papers/Papers_principales/bibliomet
ria.pdf , page17 used on input line 38.
(pdftex.def)             Requested size: 714.02502pt x 952.0318pt.
File: Results_Discussion/Papers/Papers_principales/bibliometria.pdf Graphic fil
e (type pdf)
<use Results_Discussion/Papers/Papers_principales/bibliometria.pdf, page 17>
Package pdftex.def Info: Results_Discussion/Papers/Papers_principales/bibliomet
ria.pdf , page17 used on input line 38.
(pdftex.def)             Requested size: 714.02502pt x 952.0318pt.
<FOLDING_PEPTIDE_PICTURE/folding_138.png, id=3642, 333.6465pt x 333.6465pt>
File: FOLDING_PEPTIDE_PICTURE/folding_138.png Graphic file (type png)
<use FOLDING_PEPTIDE_PICTURE/folding_138.png>
Package pdftex.def Info: FOLDING_PEPTIDE_PICTURE/folding_138.png  used on input
 line 38.
(pdftex.def)             Requested size: 59.7483pt x 59.75095pt.
File: Results_Discussion/Papers/Papers_principales/bibliometria.pdf Graphic fil
e (type pdf)
<use Results_Discussion/Papers/Papers_principales/bibliometria.pdf, page 17>
Package pdftex.def Info: Results_Discussion/Papers/Papers_principales/bibliomet
ria.pdf , page17 used on input line 38.
(pdftex.def)             Requested size: 714.02502pt x 952.0318pt.
 [181

 <./Results_Discussion/Papers/Papers_principales/bibliometria.pdf> <./FOLDING_P
EPTIDE_PICTURE/folding_138.png>]
<Results_Discussion/Papers/Papers_principales/bibliometria.pdf, id=3650, page=1
8, 597.50829pt x 796.67639pt>
File: Results_Discussion/Papers/Papers_principales/bibliometria.pdf Graphic fil
e (type pdf)
<use Results_Discussion/Papers/Papers_principales/bibliometria.pdf, page 18>
Package pdftex.def Info: Results_Discussion/Papers/Papers_principales/bibliomet
ria.pdf , page18 used on input line 38.
(pdftex.def)             Requested size: 714.02502pt x 952.0318pt.
File: Results_Discussion/Papers/Papers_principales/bibliometria.pdf Graphic fil
e (type pdf)
<use Results_Discussion/Papers/Papers_principales/bibliometria.pdf, page 18>
Package pdftex.def Info: Results_Discussion/Papers/Papers_principales/bibliomet
ria.pdf , page18 used on input line 38.
(pdftex.def)             Requested size: 714.02502pt x 952.0318pt.
<FOLDING_PEPTIDE_PICTURE/folding_139.png, id=3651, 333.6465pt x 333.6465pt>
File: FOLDING_PEPTIDE_PICTURE/folding_139.png Graphic file (type png)
<use FOLDING_PEPTIDE_PICTURE/folding_139.png>
Package pdftex.def Info: FOLDING_PEPTIDE_PICTURE/folding_139.png  used on input
 line 38.
(pdftex.def)             Requested size: 59.7483pt x 59.75095pt.
File: Results_Discussion/Papers/Papers_principales/bibliometria.pdf Graphic fil
e (type pdf)
<use Results_Discussion/Papers/Papers_principales/bibliometria.pdf, page 18>
Package pdftex.def Info: Results_Discussion/Papers/Papers_principales/bibliomet
ria.pdf , page18 used on input line 38.
(pdftex.def)             Requested size: 714.02502pt x 952.0318pt.
 [182

 <./Results_Discussion/Papers/Papers_principales/bibliometria.pdf> <./FOLDING_P
EPTIDE_PICTURE/folding_139.png>]
<Results_Discussion/Papers/Papers_principales/bibliometria.pdf, id=3658, page=1
9, 597.50829pt x 796.67639pt>
File: Results_Discussion/Papers/Papers_principales/bibliometria.pdf Graphic fil
e (type pdf)
<use Results_Discussion/Papers/Papers_principales/bibliometria.pdf, page 19>
Package pdftex.def Info: Results_Discussion/Papers/Papers_principales/bibliomet
ria.pdf , page19 used on input line 38.
(pdftex.def)             Requested size: 714.02502pt x 952.0318pt.
File: Results_Discussion/Papers/Papers_principales/bibliometria.pdf Graphic fil
e (type pdf)
<use Results_Discussion/Papers/Papers_principales/bibliometria.pdf, page 19>
Package pdftex.def Info: Results_Discussion/Papers/Papers_principales/bibliomet
ria.pdf , page19 used on input line 38.
(pdftex.def)             Requested size: 714.02502pt x 952.0318pt.
<FOLDING_PEPTIDE_PICTURE/folding_140.png, id=3659, 333.6465pt x 333.6465pt>
File: FOLDING_PEPTIDE_PICTURE/folding_140.png Graphic file (type png)
<use FOLDING_PEPTIDE_PICTURE/folding_140.png>
Package pdftex.def Info: FOLDING_PEPTIDE_PICTURE/folding_140.png  used on input
 line 38.
(pdftex.def)             Requested size: 59.7483pt x 59.75095pt.
File: Results_Discussion/Papers/Papers_principales/bibliometria.pdf Graphic fil
e (type pdf)
<use Results_Discussion/Papers/Papers_principales/bibliometria.pdf, page 19>
Package pdftex.def Info: Results_Discussion/Papers/Papers_principales/bibliomet
ria.pdf , page19 used on input line 38.
(pdftex.def)             Requested size: 714.02502pt x 952.0318pt.
 [183

 <./Results_Discussion/Papers/Papers_principales/bibliometria.pdf> <./FOLDING_P
EPTIDE_PICTURE/folding_140.png>]
<Results_Discussion/Papers/Papers_principales/bibliometria.pdf, id=3665, page=2
0, 597.50829pt x 796.67639pt>
File: Results_Discussion/Papers/Papers_principales/bibliometria.pdf Graphic fil
e (type pdf)
<use Results_Discussion/Papers/Papers_principales/bibliometria.pdf, page 20>
Package pdftex.def Info: Results_Discussion/Papers/Papers_principales/bibliomet
ria.pdf , page20 used on input line 38.
(pdftex.def)             Requested size: 714.02502pt x 952.0318pt.
File: Results_Discussion/Papers/Papers_principales/bibliometria.pdf Graphic fil
e (type pdf)
<use Results_Discussion/Papers/Papers_principales/bibliometria.pdf, page 20>
Package pdftex.def Info: Results_Discussion/Papers/Papers_principales/bibliomet
ria.pdf , page20 used on input line 38.
(pdftex.def)             Requested size: 714.02502pt x 952.0318pt.
File: FOLDING_PEPTIDE_PICTURE/folding_140.png Graphic file (type png)
<use FOLDING_PEPTIDE_PICTURE/folding_140.png>
Package pdftex.def Info: FOLDING_PEPTIDE_PICTURE/folding_140.png  used on input
 line 38.
(pdftex.def)             Requested size: 59.7483pt x 59.75095pt.
File: Results_Discussion/Papers/Papers_principales/bibliometria.pdf Graphic fil
e (type pdf)
<use Results_Discussion/Papers/Papers_principales/bibliometria.pdf, page 20>
Package pdftex.def Info: Results_Discussion/Papers/Papers_principales/bibliomet
ria.pdf , page20 used on input line 38.
(pdftex.def)             Requested size: 714.02502pt x 952.0318pt.
 [184

 <./Results_Discussion/Papers/Papers_principales/bibliometria.pdf>]
<Results_Discussion/Papers/Papers_principales/bibliometria.pdf, id=3680, page=2
1, 597.50829pt x 796.67639pt>
File: Results_Discussion/Papers/Papers_principales/bibliometria.pdf Graphic fil
e (type pdf)
<use Results_Discussion/Papers/Papers_principales/bibliometria.pdf, page 21>
Package pdftex.def Info: Results_Discussion/Papers/Papers_principales/bibliomet
ria.pdf , page21 used on input line 38.
(pdftex.def)             Requested size: 714.02502pt x 952.0318pt.
File: Results_Discussion/Papers/Papers_principales/bibliometria.pdf Graphic fil
e (type pdf)
<use Results_Discussion/Papers/Papers_principales/bibliometria.pdf, page 21>
Package pdftex.def Info: Results_Discussion/Papers/Papers_principales/bibliomet
ria.pdf , page21 used on input line 38.
(pdftex.def)             Requested size: 714.02502pt x 952.0318pt.
<FOLDING_PEPTIDE_PICTURE/folding_141.png, id=3681, 333.6465pt x 333.6465pt>
File: FOLDING_PEPTIDE_PICTURE/folding_141.png Graphic file (type png)
<use FOLDING_PEPTIDE_PICTURE/folding_141.png>
Package pdftex.def Info: FOLDING_PEPTIDE_PICTURE/folding_141.png  used on input
 line 38.
(pdftex.def)             Requested size: 59.7483pt x 59.75095pt.
File: Results_Discussion/Papers/Papers_principales/bibliometria.pdf Graphic fil
e (type pdf)
<use Results_Discussion/Papers/Papers_principales/bibliometria.pdf, page 21>
Package pdftex.def Info: Results_Discussion/Papers/Papers_principales/bibliomet
ria.pdf , page21 used on input line 38.
(pdftex.def)             Requested size: 714.02502pt x 952.0318pt.
 [185

 <./Results_Discussion/Papers/Papers_principales/bibliometria.pdf> <./FOLDING_P
EPTIDE_PICTURE/folding_141.png>]
<Results_Discussion/Papers/Papers_principales/bibliometria.pdf, id=3693, page=2
2, 597.50829pt x 796.67639pt>
File: Results_Discussion/Papers/Papers_principales/bibliometria.pdf Graphic fil
e (type pdf)
<use Results_Discussion/Papers/Papers_principales/bibliometria.pdf, page 22>
Package pdftex.def Info: Results_Discussion/Papers/Papers_principales/bibliomet
ria.pdf , page22 used on input line 38.
(pdftex.def)             Requested size: 714.02502pt x 952.0318pt.
File: Results_Discussion/Papers/Papers_principales/bibliometria.pdf Graphic fil
e (type pdf)
<use Results_Discussion/Papers/Papers_principales/bibliometria.pdf, page 22>
Package pdftex.def Info: Results_Discussion/Papers/Papers_principales/bibliomet
ria.pdf , page22 used on input line 38.
(pdftex.def)             Requested size: 714.02502pt x 952.0318pt.
<FOLDING_PEPTIDE_PICTURE/folding_142.png, id=3694, 333.6465pt x 333.6465pt>
File: FOLDING_PEPTIDE_PICTURE/folding_142.png Graphic file (type png)
<use FOLDING_PEPTIDE_PICTURE/folding_142.png>
Package pdftex.def Info: FOLDING_PEPTIDE_PICTURE/folding_142.png  used on input
 line 38.
(pdftex.def)             Requested size: 59.7483pt x 59.75095pt.
File: Results_Discussion/Papers/Papers_principales/bibliometria.pdf Graphic fil
e (type pdf)
<use Results_Discussion/Papers/Papers_principales/bibliometria.pdf, page 22>
Package pdftex.def Info: Results_Discussion/Papers/Papers_principales/bibliomet
ria.pdf , page22 used on input line 38.
(pdftex.def)             Requested size: 714.02502pt x 952.0318pt.
 [186

 <./Results_Discussion/Papers/Papers_principales/bibliometria.pdf> <./FOLDING_P
EPTIDE_PICTURE/folding_142.png>]
<Results_Discussion/Papers/Papers_principales/bibliometria.pdf, id=3701, page=2
3, 597.50829pt x 796.67639pt>
File: Results_Discussion/Papers/Papers_principales/bibliometria.pdf Graphic fil
e (type pdf)
<use Results_Discussion/Papers/Papers_principales/bibliometria.pdf, page 23>
Package pdftex.def Info: Results_Discussion/Papers/Papers_principales/bibliomet
ria.pdf , page23 used on input line 38.
(pdftex.def)             Requested size: 714.02502pt x 952.0318pt.
File: Results_Discussion/Papers/Papers_principales/bibliometria.pdf Graphic fil
e (type pdf)
<use Results_Discussion/Papers/Papers_principales/bibliometria.pdf, page 23>
Package pdftex.def Info: Results_Discussion/Papers/Papers_principales/bibliomet
ria.pdf , page23 used on input line 38.
(pdftex.def)             Requested size: 714.02502pt x 952.0318pt.
<FOLDING_PEPTIDE_PICTURE/folding_143.png, id=3702, 333.6465pt x 333.6465pt>
File: FOLDING_PEPTIDE_PICTURE/folding_143.png Graphic file (type png)
<use FOLDING_PEPTIDE_PICTURE/folding_143.png>
Package pdftex.def Info: FOLDING_PEPTIDE_PICTURE/folding_143.png  used on input
 line 38.
(pdftex.def)             Requested size: 59.7483pt x 59.75095pt.
File: Results_Discussion/Papers/Papers_principales/bibliometria.pdf Graphic fil
e (type pdf)
<use Results_Discussion/Papers/Papers_principales/bibliometria.pdf, page 23>
Package pdftex.def Info: Results_Discussion/Papers/Papers_principales/bibliomet
ria.pdf , page23 used on input line 38.
(pdftex.def)             Requested size: 714.02502pt x 952.0318pt.
 [187

 <./Results_Discussion/Papers/Papers_principales/bibliometria.pdf> <./FOLDING_P
EPTIDE_PICTURE/folding_143.png>]
<Results_Discussion/Papers/Papers_principales/bibliometria.pdf, id=3709, page=2
4, 597.50829pt x 796.67639pt>
File: Results_Discussion/Papers/Papers_principales/bibliometria.pdf Graphic fil
e (type pdf)
<use Results_Discussion/Papers/Papers_principales/bibliometria.pdf, page 24>
Package pdftex.def Info: Results_Discussion/Papers/Papers_principales/bibliomet
ria.pdf , page24 used on input line 38.
(pdftex.def)             Requested size: 714.02502pt x 952.0318pt.
File: Results_Discussion/Papers/Papers_principales/bibliometria.pdf Graphic fil
e (type pdf)
<use Results_Discussion/Papers/Papers_principales/bibliometria.pdf, page 24>
Package pdftex.def Info: Results_Discussion/Papers/Papers_principales/bibliomet
ria.pdf , page24 used on input line 38.
(pdftex.def)             Requested size: 714.02502pt x 952.0318pt.
File: FOLDING_PEPTIDE_PICTURE/folding_143.png Graphic file (type png)
<use FOLDING_PEPTIDE_PICTURE/folding_143.png>
Package pdftex.def Info: FOLDING_PEPTIDE_PICTURE/folding_143.png  used on input
 line 38.
(pdftex.def)             Requested size: 59.7483pt x 59.75095pt.
File: Results_Discussion/Papers/Papers_principales/bibliometria.pdf Graphic fil
e (type pdf)
<use Results_Discussion/Papers/Papers_principales/bibliometria.pdf, page 24>
Package pdftex.def Info: Results_Discussion/Papers/Papers_principales/bibliomet
ria.pdf , page24 used on input line 38.
(pdftex.def)             Requested size: 714.02502pt x 952.0318pt.
 [188

 <./Results_Discussion/Papers/Papers_principales/bibliometria.pdf>]
<Results_Discussion/Papers/Papers_principales/bibliometria.pdf, id=3714, page=2
5, 597.50829pt x 796.67639pt>
File: Results_Discussion/Papers/Papers_principales/bibliometria.pdf Graphic fil
e (type pdf)
<use Results_Discussion/Papers/Papers_principales/bibliometria.pdf, page 25>
Package pdftex.def Info: Results_Discussion/Papers/Papers_principales/bibliomet
ria.pdf , page25 used on input line 38.
(pdftex.def)             Requested size: 714.02502pt x 952.0318pt.
File: Results_Discussion/Papers/Papers_principales/bibliometria.pdf Graphic fil
e (type pdf)
<use Results_Discussion/Papers/Papers_principales/bibliometria.pdf, page 25>
Package pdftex.def Info: Results_Discussion/Papers/Papers_principales/bibliomet
ria.pdf , page25 used on input line 38.
(pdftex.def)             Requested size: 714.02502pt x 952.0318pt.
<FOLDING_PEPTIDE_PICTURE/folding_144.png, id=3715, 333.6465pt x 333.6465pt>
File: FOLDING_PEPTIDE_PICTURE/folding_144.png Graphic file (type png)
<use FOLDING_PEPTIDE_PICTURE/folding_144.png>
Package pdftex.def Info: FOLDING_PEPTIDE_PICTURE/folding_144.png  used on input
 line 38.
(pdftex.def)             Requested size: 59.7483pt x 59.75095pt.
File: Results_Discussion/Papers/Papers_principales/bibliometria.pdf Graphic fil
e (type pdf)
<use Results_Discussion/Papers/Papers_principales/bibliometria.pdf, page 25>
Package pdftex.def Info: Results_Discussion/Papers/Papers_principales/bibliomet
ria.pdf , page25 used on input line 38.
(pdftex.def)             Requested size: 714.02502pt x 952.0318pt.
 [189

 <./Results_Discussion/Papers/Papers_principales/bibliometria.pdf> <./FOLDING_P
EPTIDE_PICTURE/folding_144.png>]
<Results_Discussion/Papers/Papers_principales/bibliometria.pdf, id=3724, page=2
6, 597.50829pt x 796.67639pt>
File: Results_Discussion/Papers/Papers_principales/bibliometria.pdf Graphic fil
e (type pdf)
<use Results_Discussion/Papers/Papers_principales/bibliometria.pdf, page 26>
Package pdftex.def Info: Results_Discussion/Papers/Papers_principales/bibliomet
ria.pdf , page26 used on input line 38.
(pdftex.def)             Requested size: 714.02502pt x 952.0318pt.
File: Results_Discussion/Papers/Papers_principales/bibliometria.pdf Graphic fil
e (type pdf)
<use Results_Discussion/Papers/Papers_principales/bibliometria.pdf, page 26>
Package pdftex.def Info: Results_Discussion/Papers/Papers_principales/bibliomet
ria.pdf , page26 used on input line 38.
(pdftex.def)             Requested size: 714.02502pt x 952.0318pt.
<FOLDING_PEPTIDE_PICTURE/folding_145.png, id=3725, 333.6465pt x 333.6465pt>
File: FOLDING_PEPTIDE_PICTURE/folding_145.png Graphic file (type png)
<use FOLDING_PEPTIDE_PICTURE/folding_145.png>
Package pdftex.def Info: FOLDING_PEPTIDE_PICTURE/folding_145.png  used on input
 line 38.
(pdftex.def)             Requested size: 59.7483pt x 59.75095pt.
File: Results_Discussion/Papers/Papers_principales/bibliometria.pdf Graphic fil
e (type pdf)
<use Results_Discussion/Papers/Papers_principales/bibliometria.pdf, page 26>
Package pdftex.def Info: Results_Discussion/Papers/Papers_principales/bibliomet
ria.pdf , page26 used on input line 38.
(pdftex.def)             Requested size: 714.02502pt x 952.0318pt.

[190

 <./Results_Discussion/Papers/Papers_principales/bibliometria.pdf> <./FOLDING_P
EPTIDE_PICTURE/folding_145.png>]
<Results_Discussion/Papers/Papers_principales/bibliometria.pdf, id=3731, page=2
7, 597.50829pt x 796.67639pt>
File: Results_Discussion/Papers/Papers_principales/bibliometria.pdf Graphic fil
e (type pdf)
<use Results_Discussion/Papers/Papers_principales/bibliometria.pdf, page 27>
Package pdftex.def Info: Results_Discussion/Papers/Papers_principales/bibliomet
ria.pdf , page27 used on input line 38.
(pdftex.def)             Requested size: 714.02502pt x 952.0318pt.
File: Results_Discussion/Papers/Papers_principales/bibliometria.pdf Graphic fil
e (type pdf)
<use Results_Discussion/Papers/Papers_principales/bibliometria.pdf, page 27>
Package pdftex.def Info: Results_Discussion/Papers/Papers_principales/bibliomet
ria.pdf , page27 used on input line 38.
(pdftex.def)             Requested size: 714.02502pt x 952.0318pt.
<FOLDING_PEPTIDE_PICTURE/folding_146.png, id=3732, 333.6465pt x 333.6465pt>
File: FOLDING_PEPTIDE_PICTURE/folding_146.png Graphic file (type png)
<use FOLDING_PEPTIDE_PICTURE/folding_146.png>
Package pdftex.def Info: FOLDING_PEPTIDE_PICTURE/folding_146.png  used on input
 line 38.
(pdftex.def)             Requested size: 59.7483pt x 59.75095pt.
File: Results_Discussion/Papers/Papers_principales/bibliometria.pdf Graphic fil
e (type pdf)
<use Results_Discussion/Papers/Papers_principales/bibliometria.pdf, page 27>
Package pdftex.def Info: Results_Discussion/Papers/Papers_principales/bibliomet
ria.pdf , page27 used on input line 38.
(pdftex.def)             Requested size: 714.02502pt x 952.0318pt.
 [191

 <./Results_Discussion/Papers/Papers_principales/bibliometria.pdf> <./FOLDING_P
EPTIDE_PICTURE/folding_146.png>]
<Results_Discussion/Papers/Papers_principales/bibliometria_si2.pdf, id=3738, 61
4.295pt x 794.97pt>
File: Results_Discussion/Papers/Papers_principales/bibliometria_si2.pdf Graphic
 file (type pdf)
<use Results_Discussion/Papers/Papers_principales/bibliometria_si2.pdf>
Package pdftex.def Info: Results_Discussion/Papers/Papers_principales/bibliomet
ria_si2.pdf  used on input line 40.
(pdftex.def)             Requested size: 614.29349pt x 794.96806pt.
<Results_Discussion/Papers/Papers_principales/bibliometria_si2.pdf, id=3740, pa
ge=1, 614.295pt x 794.97pt>
File: Results_Discussion/Papers/Papers_principales/bibliometria_si2.pdf Graphic
 file (type pdf)
<use Results_Discussion/Papers/Papers_principales/bibliometria_si2.pdf, page 1>

Package pdftex.def Info: Results_Discussion/Papers/Papers_principales/bibliomet
ria_si2.pdf , page1 used on input line 40.
(pdftex.def)             Requested size: 500.77129pt x 648.0586pt.
File: Results_Discussion/Papers/Papers_principales/bibliometria_si2.pdf Graphic
 file (type pdf)
<use Results_Discussion/Papers/Papers_principales/bibliometria_si2.pdf, page 1>

Package pdftex.def Info: Results_Discussion/Papers/Papers_principales/bibliomet
ria_si2.pdf , page1 used on input line 40.
(pdftex.def)             Requested size: 734.0852pt x 949.99265pt.
File: Results_Discussion/Papers/Papers_principales/bibliometria_si2.pdf Graphic
 file (type pdf)
<use Results_Discussion/Papers/Papers_principales/bibliometria_si2.pdf, page 1>

Package pdftex.def Info: Results_Discussion/Papers/Papers_principales/bibliomet
ria_si2.pdf , page1 used on input line 40.
(pdftex.def)             Requested size: 734.0852pt x 949.99265pt.
File: Results_Discussion/Papers/Papers_principales/bibliometria_si2.pdf Graphic
 file (type pdf)
<use Results_Discussion/Papers/Papers_principales/bibliometria_si2.pdf, page 1>

Package pdftex.def Info: Results_Discussion/Papers/Papers_principales/bibliomet
ria_si2.pdf , page1 used on input line 40.
(pdftex.def)             Requested size: 734.0852pt x 949.99265pt.
File: FOLDING_PEPTIDE_PICTURE/folding_146.png Graphic file (type png)
<use FOLDING_PEPTIDE_PICTURE/folding_146.png>
Package pdftex.def Info: FOLDING_PEPTIDE_PICTURE/folding_146.png  used on input
 line 40.
(pdftex.def)             Requested size: 59.7483pt x 59.75095pt.
File: Results_Discussion/Papers/Papers_principales/bibliometria_si2.pdf Graphic
 file (type pdf)
<use Results_Discussion/Papers/Papers_principales/bibliometria_si2.pdf, page 1>

Package pdftex.def Info: Results_Discussion/Papers/Papers_principales/bibliomet
ria_si2.pdf , page1 used on input line 40.
(pdftex.def)             Requested size: 734.0852pt x 949.99265pt.

[192

 <./Results_Discussion/Papers/Papers_principales/bibliometria_si2.pdf>]
<Results_Discussion/Papers/Papers_principales/bibliometria_si2.pdf, id=3772, pa
ge=2, 614.295pt x 794.97pt>
File: Results_Discussion/Papers/Papers_principales/bibliometria_si2.pdf Graphic
 file (type pdf)
<use Results_Discussion/Papers/Papers_principales/bibliometria_si2.pdf, page 2>

Package pdftex.def Info: Results_Discussion/Papers/Papers_principales/bibliomet
ria_si2.pdf , page2 used on input line 40.
(pdftex.def)             Requested size: 734.0852pt x 949.99265pt.
File: Results_Discussion/Papers/Papers_principales/bibliometria_si2.pdf Graphic
 file (type pdf)
<use Results_Discussion/Papers/Papers_principales/bibliometria_si2.pdf, page 2>

Package pdftex.def Info: Results_Discussion/Papers/Papers_principales/bibliomet
ria_si2.pdf , page2 used on input line 40.
(pdftex.def)             Requested size: 734.0852pt x 949.99265pt.
<FOLDING_PEPTIDE_PICTURE/folding_147.png, id=3773, 333.6465pt x 333.6465pt>
File: FOLDING_PEPTIDE_PICTURE/folding_147.png Graphic file (type png)
<use FOLDING_PEPTIDE_PICTURE/folding_147.png>
Package pdftex.def Info: FOLDING_PEPTIDE_PICTURE/folding_147.png  used on input
 line 40.
(pdftex.def)             Requested size: 59.7483pt x 59.75095pt.
File: Results_Discussion/Papers/Papers_principales/bibliometria_si2.pdf Graphic
 file (type pdf)
<use Results_Discussion/Papers/Papers_principales/bibliometria_si2.pdf, page 2>

Package pdftex.def Info: Results_Discussion/Papers/Papers_principales/bibliomet
ria_si2.pdf , page2 used on input line 40.
(pdftex.def)             Requested size: 734.0852pt x 949.99265pt.

[193

 <./Results_Discussion/Papers/Papers_principales/bibliometria_si2.pdf> <./FOLDI
NG_PEPTIDE_PICTURE/folding_147.png>]
<Results_Discussion/Papers/Papers_principales/bibliometria_si2.pdf, id=3797, pa
ge=3, 614.295pt x 794.97pt>
File: Results_Discussion/Papers/Papers_principales/bibliometria_si2.pdf Graphic
 file (type pdf)
<use Results_Discussion/Papers/Papers_principales/bibliometria_si2.pdf, page 3>

Package pdftex.def Info: Results_Discussion/Papers/Papers_principales/bibliomet
ria_si2.pdf , page3 used on input line 40.
(pdftex.def)             Requested size: 734.0852pt x 949.99265pt.
File: Results_Discussion/Papers/Papers_principales/bibliometria_si2.pdf Graphic
 file (type pdf)
<use Results_Discussion/Papers/Papers_principales/bibliometria_si2.pdf, page 3>

Package pdftex.def Info: Results_Discussion/Papers/Papers_principales/bibliomet
ria_si2.pdf , page3 used on input line 40.
(pdftex.def)             Requested size: 734.0852pt x 949.99265pt.
<FOLDING_PEPTIDE_PICTURE/folding_148.png, id=3798, 333.6465pt x 333.6465pt>
File: FOLDING_PEPTIDE_PICTURE/folding_148.png Graphic file (type png)
<use FOLDING_PEPTIDE_PICTURE/folding_148.png>
Package pdftex.def Info: FOLDING_PEPTIDE_PICTURE/folding_148.png  used on input
 line 40.
(pdftex.def)             Requested size: 59.7483pt x 59.75095pt.
File: Results_Discussion/Papers/Papers_principales/bibliometria_si2.pdf Graphic
 file (type pdf)
<use Results_Discussion/Papers/Papers_principales/bibliometria_si2.pdf, page 3>

Package pdftex.def Info: Results_Discussion/Papers/Papers_principales/bibliomet
ria_si2.pdf , page3 used on input line 40.
(pdftex.def)             Requested size: 734.0852pt x 949.99265pt.
 [194

 <./Results_Discussion/Papers/Papers_principales/bibliometria_si2.pdf> <./FOLDI
NG_PEPTIDE_PICTURE/folding_148.png>]
<Results_Discussion/Papers/Papers_principales/bibliometria_si2.pdf, id=3804, pa
ge=4, 614.295pt x 794.97pt>
File: Results_Discussion/Papers/Papers_principales/bibliometria_si2.pdf Graphic
 file (type pdf)
<use Results_Discussion/Papers/Papers_principales/bibliometria_si2.pdf, page 4>

Package pdftex.def Info: Results_Discussion/Papers/Papers_principales/bibliomet
ria_si2.pdf , page4 used on input line 40.
(pdftex.def)             Requested size: 734.0852pt x 949.99265pt.
File: Results_Discussion/Papers/Papers_principales/bibliometria_si2.pdf Graphic
 file (type pdf)
<use Results_Discussion/Papers/Papers_principales/bibliometria_si2.pdf, page 4>

Package pdftex.def Info: Results_Discussion/Papers/Papers_principales/bibliomet
ria_si2.pdf , page4 used on input line 40.
(pdftex.def)             Requested size: 734.0852pt x 949.99265pt.
<FOLDING_PEPTIDE_PICTURE/folding_149.png, id=3805, 333.6465pt x 333.6465pt>
File: FOLDING_PEPTIDE_PICTURE/folding_149.png Graphic file (type png)
<use FOLDING_PEPTIDE_PICTURE/folding_149.png>
Package pdftex.def Info: FOLDING_PEPTIDE_PICTURE/folding_149.png  used on input
 line 40.
(pdftex.def)             Requested size: 59.7483pt x 59.75095pt.
File: Results_Discussion/Papers/Papers_principales/bibliometria_si2.pdf Graphic
 file (type pdf)
<use Results_Discussion/Papers/Papers_principales/bibliometria_si2.pdf, page 4>

Package pdftex.def Info: Results_Discussion/Papers/Papers_principales/bibliomet
ria_si2.pdf , page4 used on input line 40.
(pdftex.def)             Requested size: 734.0852pt x 949.99265pt.
 [195

 <./Results_Discussion/Papers/Papers_principales/bibliometria_si2.pdf> <./FOLDI
NG_PEPTIDE_PICTURE/folding_149.png>]
<Results_Discussion/Papers/Papers_principales/bibliometria_si2.pdf, id=3811, pa
ge=5, 614.295pt x 794.97pt>
File: Results_Discussion/Papers/Papers_principales/bibliometria_si2.pdf Graphic
 file (type pdf)
<use Results_Discussion/Papers/Papers_principales/bibliometria_si2.pdf, page 5>

Package pdftex.def Info: Results_Discussion/Papers/Papers_principales/bibliomet
ria_si2.pdf , page5 used on input line 40.
(pdftex.def)             Requested size: 734.0852pt x 949.99265pt.
File: Results_Discussion/Papers/Papers_principales/bibliometria_si2.pdf Graphic
 file (type pdf)
<use Results_Discussion/Papers/Papers_principales/bibliometria_si2.pdf, page 5>

Package pdftex.def Info: Results_Discussion/Papers/Papers_principales/bibliomet
ria_si2.pdf , page5 used on input line 40.
(pdftex.def)             Requested size: 734.0852pt x 949.99265pt.
File: FOLDING_PEPTIDE_PICTURE/folding_149.png Graphic file (type png)
<use FOLDING_PEPTIDE_PICTURE/folding_149.png>
Package pdftex.def Info: FOLDING_PEPTIDE_PICTURE/folding_149.png  used on input
 line 40.
(pdftex.def)             Requested size: 59.7483pt x 59.75095pt.
File: Results_Discussion/Papers/Papers_principales/bibliometria_si2.pdf Graphic
 file (type pdf)
<use Results_Discussion/Papers/Papers_principales/bibliometria_si2.pdf, page 5>

Package pdftex.def Info: Results_Discussion/Papers/Papers_principales/bibliomet
ria_si2.pdf , page5 used on input line 40.
(pdftex.def)             Requested size: 734.0852pt x 949.99265pt.
 [196

 <./Results_Discussion/Papers/Papers_principales/bibliometria_si2.pdf>]
<Results_Discussion/Papers/Papers_principales/bibliometria_si2.pdf, id=3840, pa
ge=6, 614.295pt x 794.97pt>
File: Results_Discussion/Papers/Papers_principales/bibliometria_si2.pdf Graphic
 file (type pdf)
<use Results_Discussion/Papers/Papers_principales/bibliometria_si2.pdf, page 6>

Package pdftex.def Info: Results_Discussion/Papers/Papers_principales/bibliomet
ria_si2.pdf , page6 used on input line 40.
(pdftex.def)             Requested size: 734.0852pt x 949.99265pt.
File: Results_Discussion/Papers/Papers_principales/bibliometria_si2.pdf Graphic
 file (type pdf)
<use Results_Discussion/Papers/Papers_principales/bibliometria_si2.pdf, page 6>

Package pdftex.def Info: Results_Discussion/Papers/Papers_principales/bibliomet
ria_si2.pdf , page6 used on input line 40.
(pdftex.def)             Requested size: 734.0852pt x 949.99265pt.
<FOLDING_PEPTIDE_PICTURE/folding_150.png, id=3841, 333.6465pt x 333.6465pt>
File: FOLDING_PEPTIDE_PICTURE/folding_150.png Graphic file (type png)
<use FOLDING_PEPTIDE_PICTURE/folding_150.png>
Package pdftex.def Info: FOLDING_PEPTIDE_PICTURE/folding_150.png  used on input
 line 40.
(pdftex.def)             Requested size: 59.7483pt x 59.75095pt.
File: Results_Discussion/Papers/Papers_principales/bibliometria_si2.pdf Graphic
 file (type pdf)
<use Results_Discussion/Papers/Papers_principales/bibliometria_si2.pdf, page 6>

Package pdftex.def Info: Results_Discussion/Papers/Papers_principales/bibliomet
ria_si2.pdf , page6 used on input line 40.
(pdftex.def)             Requested size: 734.0852pt x 949.99265pt.
 [197

 <./Results_Discussion/Papers/Papers_principales/bibliometria_si2.pdf> <./FOLDI
NG_PEPTIDE_PICTURE/folding_150.png>] [198

]
<Results_Discussion/Papers/Papers_principales/vqe_cesga.pdf, id=3851, page=1, 5
97.50829pt x 796.67737pt>
File: Results_Discussion/Papers/Papers_principales/vqe_cesga.pdf Graphic file (
type pdf)
<use Results_Discussion/Papers/Papers_principales/vqe_cesga.pdf, page 1>
Package pdftex.def Info: Results_Discussion/Papers/Papers_principales/vqe_cesga
.pdf , page1 used on input line 51.
(pdftex.def)             Requested size: 455.24411pt x 606.98848pt.
<Results_Discussion/Papers/Papers_principales/vqe_cesga.pdf, id=3852, 597.50829
pt x 796.67737pt>
File: Results_Discussion/Papers/Papers_principales/vqe_cesga.pdf Graphic file (
type pdf)
<use Results_Discussion/Papers/Papers_principales/vqe_cesga.pdf>
Package pdftex.def Info: Results_Discussion/Papers/Papers_principales/vqe_cesga
.pdf  used on input line 53.
(pdftex.def)             Requested size: 597.50682pt x 796.67543pt.
<Results_Discussion/Papers/Papers_principales/vqe_cesga.pdf, id=3854, page=2, 5
97.50829pt x 796.67737pt>
File: Results_Discussion/Papers/Papers_principales/vqe_cesga.pdf Graphic file (
type pdf)
<use Results_Discussion/Papers/Papers_principales/vqe_cesga.pdf, page 2>
Package pdftex.def Info: Results_Discussion/Papers/Papers_principales/vqe_cesga
.pdf , page2 used on input line 53.
(pdftex.def)             Requested size: 523.52794pt x 698.03918pt.
File: Results_Discussion/Papers/Papers_principales/vqe_cesga.pdf Graphic file (
type pdf)
<use Results_Discussion/Papers/Papers_principales/vqe_cesga.pdf, page 2>
Package pdftex.def Info: Results_Discussion/Papers/Papers_principales/vqe_cesga
.pdf , page2 used on input line 53.
(pdftex.def)             Requested size: 682.62527pt x 910.16666pt.
<FOLDING_PEPTIDE_PICTURE/folding_152.png, id=3855, 333.6465pt x 333.6465pt>
File: FOLDING_PEPTIDE_PICTURE/folding_152.png Graphic file (type png)
<use FOLDING_PEPTIDE_PICTURE/folding_152.png>
Package pdftex.def Info: FOLDING_PEPTIDE_PICTURE/folding_152.png  used on input
 line 53.
(pdftex.def)             Requested size: 59.7483pt x 59.75095pt.
 [199 <./Results_Discussion/Papers/Papers_principales/vqe_cesga.pdf> <./FOLDING
_PEPTIDE_PICTURE/folding_152.png>]
File: Results_Discussion/Papers/Papers_principales/vqe_cesga.pdf Graphic file (
type pdf)
<use Results_Discussion/Papers/Papers_principales/vqe_cesga.pdf, page 2>
Package pdftex.def Info: Results_Discussion/Papers/Papers_principales/vqe_cesga
.pdf , page2 used on input line 53.
(pdftex.def)             Requested size: 682.62527pt x 910.16666pt.
File: Results_Discussion/Papers/Papers_principales/vqe_cesga.pdf Graphic file (
type pdf)
<use Results_Discussion/Papers/Papers_principales/vqe_cesga.pdf, page 2>
Package pdftex.def Info: Results_Discussion/Papers/Papers_principales/vqe_cesga
.pdf , page2 used on input line 53.
(pdftex.def)             Requested size: 682.62527pt x 910.16666pt.
File: FOLDING_PEPTIDE_PICTURE/folding_152.png Graphic file (type png)
<use FOLDING_PEPTIDE_PICTURE/folding_152.png>
Package pdftex.def Info: FOLDING_PEPTIDE_PICTURE/folding_152.png  used on input
 line 53.
(pdftex.def)             Requested size: 59.7483pt x 59.75095pt.
File: Results_Discussion/Papers/Papers_principales/vqe_cesga.pdf Graphic file (
type pdf)
<use Results_Discussion/Papers/Papers_principales/vqe_cesga.pdf, page 2>
Package pdftex.def Info: Results_Discussion/Papers/Papers_principales/vqe_cesga
.pdf , page2 used on input line 53.
(pdftex.def)             Requested size: 682.62527pt x 910.16666pt.
 [200

 <./Results_Discussion/Papers/Papers_principales/vqe_cesga.pdf>]
<Results_Discussion/Papers/Papers_principales/vqe_cesga.pdf, id=3946, page=3, 5
97.50829pt x 796.67737pt>
File: Results_Discussion/Papers/Papers_principales/vqe_cesga.pdf Graphic file (
type pdf)
<use Results_Discussion/Papers/Papers_principales/vqe_cesga.pdf, page 3>
Package pdftex.def Info: Results_Discussion/Papers/Papers_principales/vqe_cesga
.pdf , page3 used on input line 53.
(pdftex.def)             Requested size: 682.62527pt x 910.16666pt.
File: Results_Discussion/Papers/Papers_principales/vqe_cesga.pdf Graphic file (
type pdf)
<use Results_Discussion/Papers/Papers_principales/vqe_cesga.pdf, page 3>
Package pdftex.def Info: Results_Discussion/Papers/Papers_principales/vqe_cesga
.pdf , page3 used on input line 53.
(pdftex.def)             Requested size: 682.62527pt x 910.16666pt.
<FOLDING_PEPTIDE_PICTURE/folding_153.png, id=3947, 333.6465pt x 333.6465pt>
File: FOLDING_PEPTIDE_PICTURE/folding_153.png Graphic file (type png)
<use FOLDING_PEPTIDE_PICTURE/folding_153.png>
Package pdftex.def Info: FOLDING_PEPTIDE_PICTURE/folding_153.png  used on input
 line 53.
(pdftex.def)             Requested size: 59.7483pt x 59.75095pt.
File: Results_Discussion/Papers/Papers_principales/vqe_cesga.pdf Graphic file (
type pdf)
<use Results_Discussion/Papers/Papers_principales/vqe_cesga.pdf, page 3>
Package pdftex.def Info: Results_Discussion/Papers/Papers_principales/vqe_cesga
.pdf , page3 used on input line 53.
(pdftex.def)             Requested size: 682.62527pt x 910.16666pt.
 [201

 <./Results_Discussion/Papers/Papers_principales/vqe_cesga.pdf> <./FOLDING_PEPT
IDE_PICTURE/folding_153.png>]
<Results_Discussion/Papers/Papers_principales/vqe_cesga.pdf, id=3971, page=4, 5
97.50829pt x 796.67737pt>
File: Results_Discussion/Papers/Papers_principales/vqe_cesga.pdf Graphic file (
type pdf)
<use Results_Discussion/Papers/Papers_principales/vqe_cesga.pdf, page 4>
Package pdftex.def Info: Results_Discussion/Papers/Papers_principales/vqe_cesga
.pdf , page4 used on input line 53.
(pdftex.def)             Requested size: 682.62527pt x 910.16666pt.
File: Results_Discussion/Papers/Papers_principales/vqe_cesga.pdf Graphic file (
type pdf)
<use Results_Discussion/Papers/Papers_principales/vqe_cesga.pdf, page 4>
Package pdftex.def Info: Results_Discussion/Papers/Papers_principales/vqe_cesga
.pdf , page4 used on input line 53.
(pdftex.def)             Requested size: 682.62527pt x 910.16666pt.
<FOLDING_PEPTIDE_PICTURE/folding_154.png, id=3972, 333.6465pt x 333.6465pt>
File: FOLDING_PEPTIDE_PICTURE/folding_154.png Graphic file (type png)
<use FOLDING_PEPTIDE_PICTURE/folding_154.png>
Package pdftex.def Info: FOLDING_PEPTIDE_PICTURE/folding_154.png  used on input
 line 53.
(pdftex.def)             Requested size: 59.7483pt x 59.75095pt.
File: Results_Discussion/Papers/Papers_principales/vqe_cesga.pdf Graphic file (
type pdf)
<use Results_Discussion/Papers/Papers_principales/vqe_cesga.pdf, page 4>
Package pdftex.def Info: Results_Discussion/Papers/Papers_principales/vqe_cesga
.pdf , page4 used on input line 53.
(pdftex.def)             Requested size: 682.62527pt x 910.16666pt.
 [202

 <./Results_Discussion/Papers/Papers_principales/vqe_cesga.pdf> <./FOLDING_PEPT
IDE_PICTURE/folding_154.png>]
<Results_Discussion/Papers/Papers_principales/vqe_cesga.pdf, id=3992, page=5, 5
97.50829pt x 796.67737pt>
File: Results_Discussion/Papers/Papers_principales/vqe_cesga.pdf Graphic file (
type pdf)
<use Results_Discussion/Papers/Papers_principales/vqe_cesga.pdf, page 5>
Package pdftex.def Info: Results_Discussion/Papers/Papers_principales/vqe_cesga
.pdf , page5 used on input line 53.
(pdftex.def)             Requested size: 682.62527pt x 910.16666pt.
File: Results_Discussion/Papers/Papers_principales/vqe_cesga.pdf Graphic file (
type pdf)
<use Results_Discussion/Papers/Papers_principales/vqe_cesga.pdf, page 5>
Package pdftex.def Info: Results_Discussion/Papers/Papers_principales/vqe_cesga
.pdf , page5 used on input line 53.
(pdftex.def)             Requested size: 682.62527pt x 910.16666pt.
<FOLDING_PEPTIDE_PICTURE/folding_155.png, id=3993, 333.6465pt x 333.6465pt>
File: FOLDING_PEPTIDE_PICTURE/folding_155.png Graphic file (type png)
<use FOLDING_PEPTIDE_PICTURE/folding_155.png>
Package pdftex.def Info: FOLDING_PEPTIDE_PICTURE/folding_155.png  used on input
 line 53.
(pdftex.def)             Requested size: 59.7483pt x 59.75095pt.
File: Results_Discussion/Papers/Papers_principales/vqe_cesga.pdf Graphic file (
type pdf)
<use Results_Discussion/Papers/Papers_principales/vqe_cesga.pdf, page 5>
Package pdftex.def Info: Results_Discussion/Papers/Papers_principales/vqe_cesga
.pdf , page5 used on input line 53.
(pdftex.def)             Requested size: 682.62527pt x 910.16666pt.
 [203

 <./Results_Discussion/Papers/Papers_principales/vqe_cesga.pdf> <./FOLDING_PEPT
IDE_PICTURE/folding_155.png>]
<Results_Discussion/Papers/Papers_principales/vqe_cesga.pdf, id=4008, page=6, 5
97.50829pt x 796.67737pt>
File: Results_Discussion/Papers/Papers_principales/vqe_cesga.pdf Graphic file (
type pdf)
<use Results_Discussion/Papers/Papers_principales/vqe_cesga.pdf, page 6>
Package pdftex.def Info: Results_Discussion/Papers/Papers_principales/vqe_cesga
.pdf , page6 used on input line 53.
(pdftex.def)             Requested size: 682.62527pt x 910.16666pt.
File: Results_Discussion/Papers/Papers_principales/vqe_cesga.pdf Graphic file (
type pdf)
<use Results_Discussion/Papers/Papers_principales/vqe_cesga.pdf, page 6>
Package pdftex.def Info: Results_Discussion/Papers/Papers_principales/vqe_cesga
.pdf , page6 used on input line 53.
(pdftex.def)             Requested size: 682.62527pt x 910.16666pt.
<FOLDING_PEPTIDE_PICTURE/folding_156.png, id=4009, 333.6465pt x 333.6465pt>
File: FOLDING_PEPTIDE_PICTURE/folding_156.png Graphic file (type png)
<use FOLDING_PEPTIDE_PICTURE/folding_156.png>
Package pdftex.def Info: FOLDING_PEPTIDE_PICTURE/folding_156.png  used on input
 line 53.
(pdftex.def)             Requested size: 59.7483pt x 59.75095pt.
File: Results_Discussion/Papers/Papers_principales/vqe_cesga.pdf Graphic file (
type pdf)
<use Results_Discussion/Papers/Papers_principales/vqe_cesga.pdf, page 6>
Package pdftex.def Info: Results_Discussion/Papers/Papers_principales/vqe_cesga
.pdf , page6 used on input line 53.
(pdftex.def)             Requested size: 682.62527pt x 910.16666pt.
 [204

 <./Results_Discussion/Papers/Papers_principales/vqe_cesga.pdf> <./FOLDING_PEPT
IDE_PICTURE/folding_156.png>]
<Results_Discussion/Papers/Papers_principales/vqe_cesga.pdf, id=4019, page=7, 5
97.50829pt x 796.67737pt>
File: Results_Discussion/Papers/Papers_principales/vqe_cesga.pdf Graphic file (
type pdf)
<use Results_Discussion/Papers/Papers_principales/vqe_cesga.pdf, page 7>
Package pdftex.def Info: Results_Discussion/Papers/Papers_principales/vqe_cesga
.pdf , page7 used on input line 53.
(pdftex.def)             Requested size: 682.62527pt x 910.16666pt.
File: Results_Discussion/Papers/Papers_principales/vqe_cesga.pdf Graphic file (
type pdf)
<use Results_Discussion/Papers/Papers_principales/vqe_cesga.pdf, page 7>
Package pdftex.def Info: Results_Discussion/Papers/Papers_principales/vqe_cesga
.pdf , page7 used on input line 53.
(pdftex.def)             Requested size: 682.62527pt x 910.16666pt.
File: FOLDING_PEPTIDE_PICTURE/folding_156.png Graphic file (type png)
<use FOLDING_PEPTIDE_PICTURE/folding_156.png>
Package pdftex.def Info: FOLDING_PEPTIDE_PICTURE/folding_156.png  used on input
 line 53.
(pdftex.def)             Requested size: 59.7483pt x 59.75095pt.
File: Results_Discussion/Papers/Papers_principales/vqe_cesga.pdf Graphic file (
type pdf)
<use Results_Discussion/Papers/Papers_principales/vqe_cesga.pdf, page 7>
Package pdftex.def Info: Results_Discussion/Papers/Papers_principales/vqe_cesga
.pdf , page7 used on input line 53.
(pdftex.def)             Requested size: 682.62527pt x 910.16666pt.
 [205

 <./Results_Discussion/Papers/Papers_principales/vqe_cesga.pdf>]
<Results_Discussion/Papers/Papers_principales/vqe_cesga.pdf, id=4029, page=8, 5
97.50829pt x 796.67737pt>
File: Results_Discussion/Papers/Papers_principales/vqe_cesga.pdf Graphic file (
type pdf)
<use Results_Discussion/Papers/Papers_principales/vqe_cesga.pdf, page 8>
Package pdftex.def Info: Results_Discussion/Papers/Papers_principales/vqe_cesga
.pdf , page8 used on input line 53.
(pdftex.def)             Requested size: 682.62527pt x 910.16666pt.
File: Results_Discussion/Papers/Papers_principales/vqe_cesga.pdf Graphic file (
type pdf)
<use Results_Discussion/Papers/Papers_principales/vqe_cesga.pdf, page 8>
Package pdftex.def Info: Results_Discussion/Papers/Papers_principales/vqe_cesga
.pdf , page8 used on input line 53.
(pdftex.def)             Requested size: 682.62527pt x 910.16666pt.
<FOLDING_PEPTIDE_PICTURE/folding_157.png, id=4030, 333.6465pt x 333.6465pt>
File: FOLDING_PEPTIDE_PICTURE/folding_157.png Graphic file (type png)
<use FOLDING_PEPTIDE_PICTURE/folding_157.png>
Package pdftex.def Info: FOLDING_PEPTIDE_PICTURE/folding_157.png  used on input
 line 53.
(pdftex.def)             Requested size: 59.7483pt x 59.75095pt.
File: Results_Discussion/Papers/Papers_principales/vqe_cesga.pdf Graphic file (
type pdf)
<use Results_Discussion/Papers/Papers_principales/vqe_cesga.pdf, page 8>
Package pdftex.def Info: Results_Discussion/Papers/Papers_principales/vqe_cesga
.pdf , page8 used on input line 53.
(pdftex.def)             Requested size: 682.62527pt x 910.16666pt.
[206

 <./Results_Discussion/Papers/Papers_principales/vqe_cesga.pdf> <./FOLDING_PEPT
IDE_PICTURE/folding_157.png>]
<Results_Discussion/Papers/Papers_principales/vqe_cesga.pdf, id=4040, page=9, 5
97.50829pt x 796.67737pt>
File: Results_Discussion/Papers/Papers_principales/vqe_cesga.pdf Graphic file (
type pdf)
<use Results_Discussion/Papers/Papers_principales/vqe_cesga.pdf, page 9>
Package pdftex.def Info: Results_Discussion/Papers/Papers_principales/vqe_cesga
.pdf , page9 used on input line 53.
(pdftex.def)             Requested size: 682.62527pt x 910.16666pt.
File: Results_Discussion/Papers/Papers_principales/vqe_cesga.pdf Graphic file (
type pdf)
<use Results_Discussion/Papers/Papers_principales/vqe_cesga.pdf, page 9>
Package pdftex.def Info: Results_Discussion/Papers/Papers_principales/vqe_cesga
.pdf , page9 used on input line 53.
(pdftex.def)             Requested size: 682.62527pt x 910.16666pt.
<FOLDING_PEPTIDE_PICTURE/folding_158.png, id=4041, 333.6465pt x 333.6465pt>
File: FOLDING_PEPTIDE_PICTURE/folding_158.png Graphic file (type png)
<use FOLDING_PEPTIDE_PICTURE/folding_158.png>
Package pdftex.def Info: FOLDING_PEPTIDE_PICTURE/folding_158.png  used on input
 line 53.
(pdftex.def)             Requested size: 59.7483pt x 59.75095pt.
File: Results_Discussion/Papers/Papers_principales/vqe_cesga.pdf Graphic file (
type pdf)
<use Results_Discussion/Papers/Papers_principales/vqe_cesga.pdf, page 9>
Package pdftex.def Info: Results_Discussion/Papers/Papers_principales/vqe_cesga
.pdf , page9 used on input line 53.
(pdftex.def)             Requested size: 682.62527pt x 910.16666pt.
 [207

 <./Results_Discussion/Papers/Papers_principales/vqe_cesga.pdf> <./FOLDING_PEPT
IDE_PICTURE/folding_158.png>] [208

]

Package hyperref Warning: Token not allowed in a PDF string (Unicode):
(hyperref)                removing `math shift' on input line 62.


Package hyperref Warning: Token not allowed in a PDF string (Unicode):
(hyperref)                removing `\alpha' on input line 62.


Package hyperref Warning: Token not allowed in a PDF string (Unicode):
(hyperref)                removing `math shift' on input line 62.

<Results_Discussion/Papers/Papers_principales/hamiltonian_design.pdf, id=4052, 
page=1, 597.50829pt x 845.0471pt>
File: Results_Discussion/Papers/Papers_principales/hamiltonian_design.pdf Graph
ic file (type pdf)
<use Results_Discussion/Papers/Papers_principales/hamiltonian_design.pdf, page 
1>
Package pdftex.def Info: Results_Discussion/Papers/Papers_principales/hamiltoni
an_design.pdf , page1 used on input line 64.
(pdftex.def)             Requested size: 409.71692pt x 579.45982pt.
<Results_Discussion/Papers/Papers_principales/hamiltonian_design.pdf, id=4053, 
597.50829pt x 845.0471pt>
File: Results_Discussion/Papers/Papers_principales/hamiltonian_design.pdf Graph
ic file (type pdf)
<use Results_Discussion/Papers/Papers_principales/hamiltonian_design.pdf>
Package pdftex.def Info: Results_Discussion/Papers/Papers_principales/hamiltoni
an_design.pdf  used on input line 66.
(pdftex.def)             Requested size: 597.50682pt x 845.04504pt.
<Results_Discussion/Papers/Papers_principales/hamiltonian_design.pdf, id=4055, 
page=2, 597.50829pt x 845.0471pt>
File: Results_Discussion/Papers/Papers_principales/hamiltonian_design.pdf Graph
ic file (type pdf)
<use Results_Discussion/Papers/Papers_principales/hamiltonian_design.pdf, page 
2>
Package pdftex.def Info: Results_Discussion/Papers/Papers_principales/hamiltoni
an_design.pdf , page2 used on input line 66.
(pdftex.def)             Requested size: 500.77129pt x 708.23584pt.
File: Results_Discussion/Papers/Papers_principales/hamiltonian_design.pdf Graph
ic file (type pdf)
<use Results_Discussion/Papers/Papers_principales/hamiltonian_design.pdf, page 
2>
Package pdftex.def Info: Results_Discussion/Papers/Papers_principales/hamiltoni
an_design.pdf , page2 used on input line 66.
(pdftex.def)             Requested size: 713.15889pt x 1008.61005pt.
<FOLDING_PEPTIDE_PICTURE/folding_159.png, id=4056, 333.6465pt x 333.6465pt>
File: FOLDING_PEPTIDE_PICTURE/folding_159.png Graphic file (type png)
<use FOLDING_PEPTIDE_PICTURE/folding_159.png>
Package pdftex.def Info: FOLDING_PEPTIDE_PICTURE/folding_159.png  used on input
 line 66.
(pdftex.def)             Requested size: 59.7483pt x 59.75095pt.
[209 <./Results_Discussion/Papers/Papers_principales/hamiltonian_design.pdf> <.
/FOLDING_PEPTIDE_PICTURE/folding_159.png>]
File: Results_Discussion/Papers/Papers_principales/hamiltonian_design.pdf Graph
ic file (type pdf)
<use Results_Discussion/Papers/Papers_principales/hamiltonian_design.pdf, page 
2>
Package pdftex.def Info: Results_Discussion/Papers/Papers_principales/hamiltoni
an_design.pdf , page2 used on input line 66.
(pdftex.def)             Requested size: 713.15889pt x 1008.61005pt.
File: Results_Discussion/Papers/Papers_principales/hamiltonian_design.pdf Graph
ic file (type pdf)
<use Results_Discussion/Papers/Papers_principales/hamiltonian_design.pdf, page 
2>
Package pdftex.def Info: Results_Discussion/Papers/Papers_principales/hamiltoni
an_design.pdf , page2 used on input line 66.
(pdftex.def)             Requested size: 713.15889pt x 1008.61005pt.
<FOLDING_PEPTIDE_PICTURE/folding_160.png, id=4117, 333.6465pt x 333.6465pt>
File: FOLDING_PEPTIDE_PICTURE/folding_160.png Graphic file (type png)
<use FOLDING_PEPTIDE_PICTURE/folding_160.png>
Package pdftex.def Info: FOLDING_PEPTIDE_PICTURE/folding_160.png  used on input
 line 66.
(pdftex.def)             Requested size: 59.7483pt x 59.75095pt.
File: Results_Discussion/Papers/Papers_principales/hamiltonian_design.pdf Graph
ic file (type pdf)
<use Results_Discussion/Papers/Papers_principales/hamiltonian_design.pdf, page 
2>
Package pdftex.def Info: Results_Discussion/Papers/Papers_principales/hamiltoni
an_design.pdf , page2 used on input line 66.
(pdftex.def)             Requested size: 713.15889pt x 1008.61005pt.
 [210

 <./Results_Discussion/Papers/Papers_principales/hamiltonian_design.pdf> <./FOL
DING_PEPTIDE_PICTURE/folding_160.png>]
<Results_Discussion/Papers/Papers_principales/hamiltonian_design.pdf, id=4130, 
page=3, 597.50829pt x 845.0471pt>
File: Results_Discussion/Papers/Papers_principales/hamiltonian_design.pdf Graph
ic file (type pdf)
<use Results_Discussion/Papers/Papers_principales/hamiltonian_design.pdf, page 
3>
Package pdftex.def Info: Results_Discussion/Papers/Papers_principales/hamiltoni
an_design.pdf , page3 used on input line 66.
(pdftex.def)             Requested size: 713.15889pt x 1008.61005pt.
File: Results_Discussion/Papers/Papers_principales/hamiltonian_design.pdf Graph
ic file (type pdf)
<use Results_Discussion/Papers/Papers_principales/hamiltonian_design.pdf, page 
3>
Package pdftex.def Info: Results_Discussion/Papers/Papers_principales/hamiltoni
an_design.pdf , page3 used on input line 66.
(pdftex.def)             Requested size: 713.15889pt x 1008.61005pt.
<FOLDING_PEPTIDE_PICTURE/folding_161.png, id=4131, 333.6465pt x 333.6465pt>
File: FOLDING_PEPTIDE_PICTURE/folding_161.png Graphic file (type png)
<use FOLDING_PEPTIDE_PICTURE/folding_161.png>
Package pdftex.def Info: FOLDING_PEPTIDE_PICTURE/folding_161.png  used on input
 line 66.
(pdftex.def)             Requested size: 59.7483pt x 59.75095pt.
File: Results_Discussion/Papers/Papers_principales/hamiltonian_design.pdf Graph
ic file (type pdf)
<use Results_Discussion/Papers/Papers_principales/hamiltonian_design.pdf, page 
3>
Package pdftex.def Info: Results_Discussion/Papers/Papers_principales/hamiltoni
an_design.pdf , page3 used on input line 66.
(pdftex.def)             Requested size: 713.15889pt x 1008.61005pt.
 [211

 <./Results_Discussion/Papers/Papers_principales/hamiltonian_design.pdf> <./FOL
DING_PEPTIDE_PICTURE/folding_161.png>]
<Results_Discussion/Papers/Papers_principales/hamiltonian_design.pdf, id=4196, 
page=4, 597.50829pt x 845.0471pt>
File: Results_Discussion/Papers/Papers_principales/hamiltonian_design.pdf Graph
ic file (type pdf)
<use Results_Discussion/Papers/Papers_principales/hamiltonian_design.pdf, page 
4>
Package pdftex.def Info: Results_Discussion/Papers/Papers_principales/hamiltoni
an_design.pdf , page4 used on input line 66.
(pdftex.def)             Requested size: 713.15889pt x 1008.61005pt.
File: Results_Discussion/Papers/Papers_principales/hamiltonian_design.pdf Graph
ic file (type pdf)
<use Results_Discussion/Papers/Papers_principales/hamiltonian_design.pdf, page 
4>
Package pdftex.def Info: Results_Discussion/Papers/Papers_principales/hamiltoni
an_design.pdf , page4 used on input line 66.
(pdftex.def)             Requested size: 713.15889pt x 1008.61005pt.
<FOLDING_PEPTIDE_PICTURE/folding_162.png, id=4197, 333.6465pt x 333.6465pt>
File: FOLDING_PEPTIDE_PICTURE/folding_162.png Graphic file (type png)
<use FOLDING_PEPTIDE_PICTURE/folding_162.png>
Package pdftex.def Info: FOLDING_PEPTIDE_PICTURE/folding_162.png  used on input
 line 66.
(pdftex.def)             Requested size: 59.7483pt x 59.75095pt.
File: Results_Discussion/Papers/Papers_principales/hamiltonian_design.pdf Graph
ic file (type pdf)
<use Results_Discussion/Papers/Papers_principales/hamiltonian_design.pdf, page 
4>
Package pdftex.def Info: Results_Discussion/Papers/Papers_principales/hamiltoni
an_design.pdf , page4 used on input line 66.
(pdftex.def)             Requested size: 713.15889pt x 1008.61005pt.
 [212

 <./Results_Discussion/Papers/Papers_principales/hamiltonian_design.pdf> <./FOL
DING_PEPTIDE_PICTURE/folding_162.png>]
<Results_Discussion/Papers/Papers_principales/hamiltonian_design.pdf, id=4261, 
page=5, 597.50829pt x 845.0471pt>
File: Results_Discussion/Papers/Papers_principales/hamiltonian_design.pdf Graph
ic file (type pdf)
<use Results_Discussion/Papers/Papers_principales/hamiltonian_design.pdf, page 
5>
Package pdftex.def Info: Results_Discussion/Papers/Papers_principales/hamiltoni
an_design.pdf , page5 used on input line 66.
(pdftex.def)             Requested size: 713.15889pt x 1008.61005pt.
File: Results_Discussion/Papers/Papers_principales/hamiltonian_design.pdf Graph
ic file (type pdf)
<use Results_Discussion/Papers/Papers_principales/hamiltonian_design.pdf, page 
5>
Package pdftex.def Info: Results_Discussion/Papers/Papers_principales/hamiltoni
an_design.pdf , page5 used on input line 66.
(pdftex.def)             Requested size: 713.15889pt x 1008.61005pt.
File: FOLDING_PEPTIDE_PICTURE/folding_162.png Graphic file (type png)
<use FOLDING_PEPTIDE_PICTURE/folding_162.png>
Package pdftex.def Info: FOLDING_PEPTIDE_PICTURE/folding_162.png  used on input
 line 66.
(pdftex.def)             Requested size: 59.7483pt x 59.75095pt.
File: Results_Discussion/Papers/Papers_principales/hamiltonian_design.pdf Graph
ic file (type pdf)
<use Results_Discussion/Papers/Papers_principales/hamiltonian_design.pdf, page 
5>
Package pdftex.def Info: Results_Discussion/Papers/Papers_principales/hamiltoni
an_design.pdf , page5 used on input line 66.
(pdftex.def)             Requested size: 713.15889pt x 1008.61005pt.
 [213

 <./Results_Discussion/Papers/Papers_principales/hamiltonian_design.pdf>]
<Results_Discussion/Papers/Papers_principales/hamiltonian_design.pdf, id=4267, 
page=6, 597.50829pt x 845.0471pt>
File: Results_Discussion/Papers/Papers_principales/hamiltonian_design.pdf Graph
ic file (type pdf)
<use Results_Discussion/Papers/Papers_principales/hamiltonian_design.pdf, page 
6>
Package pdftex.def Info: Results_Discussion/Papers/Papers_principales/hamiltoni
an_design.pdf , page6 used on input line 66.
(pdftex.def)             Requested size: 713.15889pt x 1008.61005pt.
File: Results_Discussion/Papers/Papers_principales/hamiltonian_design.pdf Graph
ic file (type pdf)
<use Results_Discussion/Papers/Papers_principales/hamiltonian_design.pdf, page 
6>
Package pdftex.def Info: Results_Discussion/Papers/Papers_principales/hamiltoni
an_design.pdf , page6 used on input line 66.
(pdftex.def)             Requested size: 713.15889pt x 1008.61005pt.
<FOLDING_PEPTIDE_PICTURE/folding_163.png, id=4268, 333.6465pt x 333.6465pt>
File: FOLDING_PEPTIDE_PICTURE/folding_163.png Graphic file (type png)
<use FOLDING_PEPTIDE_PICTURE/folding_163.png>
Package pdftex.def Info: FOLDING_PEPTIDE_PICTURE/folding_163.png  used on input
 line 66.
(pdftex.def)             Requested size: 59.7483pt x 59.75095pt.
File: Results_Discussion/Papers/Papers_principales/hamiltonian_design.pdf Graph
ic file (type pdf)
<use Results_Discussion/Papers/Papers_principales/hamiltonian_design.pdf, page 
6>
Package pdftex.def Info: Results_Discussion/Papers/Papers_principales/hamiltoni
an_design.pdf , page6 used on input line 66.
(pdftex.def)             Requested size: 713.15889pt x 1008.61005pt.
 [214

 <./Results_Discussion/Papers/Papers_principales/hamiltonian_design.pdf> <./FOL
DING_PEPTIDE_PICTURE/folding_163.png>]
<Results_Discussion/Papers/Papers_principales/hamiltonian_design.pdf, id=4308, 
page=7, 597.50829pt x 845.0471pt>
File: Results_Discussion/Papers/Papers_principales/hamiltonian_design.pdf Graph
ic file (type pdf)
<use Results_Discussion/Papers/Papers_principales/hamiltonian_design.pdf, page 
7>
Package pdftex.def Info: Results_Discussion/Papers/Papers_principales/hamiltoni
an_design.pdf , page7 used on input line 66.
(pdftex.def)             Requested size: 713.15889pt x 1008.61005pt.
File: Results_Discussion/Papers/Papers_principales/hamiltonian_design.pdf Graph
ic file (type pdf)
<use Results_Discussion/Papers/Papers_principales/hamiltonian_design.pdf, page 
7>
Package pdftex.def Info: Results_Discussion/Papers/Papers_principales/hamiltoni
an_design.pdf , page7 used on input line 66.
(pdftex.def)             Requested size: 713.15889pt x 1008.61005pt.
<FOLDING_PEPTIDE_PICTURE/folding_164.png, id=4309, 333.6465pt x 333.6465pt>
File: FOLDING_PEPTIDE_PICTURE/folding_164.png Graphic file (type png)
<use FOLDING_PEPTIDE_PICTURE/folding_164.png>
Package pdftex.def Info: FOLDING_PEPTIDE_PICTURE/folding_164.png  used on input
 line 66.
(pdftex.def)             Requested size: 59.7483pt x 59.75095pt.
File: Results_Discussion/Papers/Papers_principales/hamiltonian_design.pdf Graph
ic file (type pdf)
<use Results_Discussion/Papers/Papers_principales/hamiltonian_design.pdf, page 
7>
Package pdftex.def Info: Results_Discussion/Papers/Papers_principales/hamiltoni
an_design.pdf , page7 used on input line 66.
(pdftex.def)             Requested size: 713.15889pt x 1008.61005pt.
 [215

 <./Results_Discussion/Papers/Papers_principales/hamiltonian_design.pdf> <./FOL
DING_PEPTIDE_PICTURE/folding_164.png>]
<Results_Discussion/Papers/Papers_principales/hamiltonian_design.pdf, id=4335, 
page=8, 597.50829pt x 845.0471pt>
File: Results_Discussion/Papers/Papers_principales/hamiltonian_design.pdf Graph
ic file (type pdf)
<use Results_Discussion/Papers/Papers_principales/hamiltonian_design.pdf, page 
8>
Package pdftex.def Info: Results_Discussion/Papers/Papers_principales/hamiltoni
an_design.pdf , page8 used on input line 66.
(pdftex.def)             Requested size: 713.15889pt x 1008.61005pt.
File: Results_Discussion/Papers/Papers_principales/hamiltonian_design.pdf Graph
ic file (type pdf)
<use Results_Discussion/Papers/Papers_principales/hamiltonian_design.pdf, page 
8>
Package pdftex.def Info: Results_Discussion/Papers/Papers_principales/hamiltoni
an_design.pdf , page8 used on input line 66.
(pdftex.def)             Requested size: 713.15889pt x 1008.61005pt.
<FOLDING_PEPTIDE_PICTURE/folding_165.png, id=4336, 333.6465pt x 333.6465pt>
File: FOLDING_PEPTIDE_PICTURE/folding_165.png Graphic file (type png)
<use FOLDING_PEPTIDE_PICTURE/folding_165.png>
Package pdftex.def Info: FOLDING_PEPTIDE_PICTURE/folding_165.png  used on input
 line 66.
(pdftex.def)             Requested size: 59.7483pt x 59.75095pt.
File: Results_Discussion/Papers/Papers_principales/hamiltonian_design.pdf Graph
ic file (type pdf)
<use Results_Discussion/Papers/Papers_principales/hamiltonian_design.pdf, page 
8>
Package pdftex.def Info: Results_Discussion/Papers/Papers_principales/hamiltoni
an_design.pdf , page8 used on input line 66.
(pdftex.def)             Requested size: 713.15889pt x 1008.61005pt.
 [216

 <./Results_Discussion/Papers/Papers_principales/hamiltonian_design.pdf> <./FOL
DING_PEPTIDE_PICTURE/folding_165.png>]
<Results_Discussion/Papers/Papers_principales/hamiltonian_design.pdf, id=4354, 
page=9, 597.50829pt x 845.0471pt>
File: Results_Discussion/Papers/Papers_principales/hamiltonian_design.pdf Graph
ic file (type pdf)
<use Results_Discussion/Papers/Papers_principales/hamiltonian_design.pdf, page 
9>
Package pdftex.def Info: Results_Discussion/Papers/Papers_principales/hamiltoni
an_design.pdf , page9 used on input line 66.
(pdftex.def)             Requested size: 713.15889pt x 1008.61005pt.
File: Results_Discussion/Papers/Papers_principales/hamiltonian_design.pdf Graph
ic file (type pdf)
<use Results_Discussion/Papers/Papers_principales/hamiltonian_design.pdf, page 
9>
Package pdftex.def Info: Results_Discussion/Papers/Papers_principales/hamiltoni
an_design.pdf , page9 used on input line 66.
(pdftex.def)             Requested size: 713.15889pt x 1008.61005pt.
File: FOLDING_PEPTIDE_PICTURE/folding_165.png Graphic file (type png)
<use FOLDING_PEPTIDE_PICTURE/folding_165.png>
Package pdftex.def Info: FOLDING_PEPTIDE_PICTURE/folding_165.png  used on input
 line 66.
(pdftex.def)             Requested size: 59.7483pt x 59.75095pt.
File: Results_Discussion/Papers/Papers_principales/hamiltonian_design.pdf Graph
ic file (type pdf)
<use Results_Discussion/Papers/Papers_principales/hamiltonian_design.pdf, page 
9>
Package pdftex.def Info: Results_Discussion/Papers/Papers_principales/hamiltoni
an_design.pdf , page9 used on input line 66.
(pdftex.def)             Requested size: 713.15889pt x 1008.61005pt.
 [217

 <./Results_Discussion/Papers/Papers_principales/hamiltonian_design.pdf>]
<Results_Discussion/Papers/Papers_principales/hamiltonian_design.pdf, id=4360, 
page=10, 597.50829pt x 845.0471pt>
File: Results_Discussion/Papers/Papers_principales/hamiltonian_design.pdf Graph
ic file (type pdf)
<use Results_Discussion/Papers/Papers_principales/hamiltonian_design.pdf, page 
10>
Package pdftex.def Info: Results_Discussion/Papers/Papers_principales/hamiltoni
an_design.pdf , page10 used on input line 66.
(pdftex.def)             Requested size: 713.15889pt x 1008.61005pt.
File: Results_Discussion/Papers/Papers_principales/hamiltonian_design.pdf Graph
ic file (type pdf)
<use Results_Discussion/Papers/Papers_principales/hamiltonian_design.pdf, page 
10>
Package pdftex.def Info: Results_Discussion/Papers/Papers_principales/hamiltoni
an_design.pdf , page10 used on input line 66.
(pdftex.def)             Requested size: 713.15889pt x 1008.61005pt.
<FOLDING_PEPTIDE_PICTURE/folding_166.png, id=4361, 333.6465pt x 333.6465pt>
File: FOLDING_PEPTIDE_PICTURE/folding_166.png Graphic file (type png)
<use FOLDING_PEPTIDE_PICTURE/folding_166.png>
Package pdftex.def Info: FOLDING_PEPTIDE_PICTURE/folding_166.png  used on input
 line 66.
(pdftex.def)             Requested size: 59.7483pt x 59.75095pt.
File: Results_Discussion/Papers/Papers_principales/hamiltonian_design.pdf Graph
ic file (type pdf)
<use Results_Discussion/Papers/Papers_principales/hamiltonian_design.pdf, page 
10>
Package pdftex.def Info: Results_Discussion/Papers/Papers_principales/hamiltoni
an_design.pdf , page10 used on input line 66.
(pdftex.def)             Requested size: 713.15889pt x 1008.61005pt.
 [218

 <./Results_Discussion/Papers/Papers_principales/hamiltonian_design.pdf> <./FOL
DING_PEPTIDE_PICTURE/folding_166.png>]
<Results_Discussion/Papers/Papers_principales/hamiltonian_design.pdf, id=4367, 
page=11, 597.50829pt x 845.0471pt>
File: Results_Discussion/Papers/Papers_principales/hamiltonian_design.pdf Graph
ic file (type pdf)
<use Results_Discussion/Papers/Papers_principales/hamiltonian_design.pdf, page 
11>
Package pdftex.def Info: Results_Discussion/Papers/Papers_principales/hamiltoni
an_design.pdf , page11 used on input line 66.
(pdftex.def)             Requested size: 713.15889pt x 1008.61005pt.
File: Results_Discussion/Papers/Papers_principales/hamiltonian_design.pdf Graph
ic file (type pdf)
<use Results_Discussion/Papers/Papers_principales/hamiltonian_design.pdf, page 
11>
Package pdftex.def Info: Results_Discussion/Papers/Papers_principales/hamiltoni
an_design.pdf , page11 used on input line 66.
(pdftex.def)             Requested size: 713.15889pt x 1008.61005pt.
<FOLDING_PEPTIDE_PICTURE/folding_167.png, id=4368, 333.6465pt x 333.6465pt>
File: FOLDING_PEPTIDE_PICTURE/folding_167.png Graphic file (type png)
<use FOLDING_PEPTIDE_PICTURE/folding_167.png>
Package pdftex.def Info: FOLDING_PEPTIDE_PICTURE/folding_167.png  used on input
 line 66.
(pdftex.def)             Requested size: 59.7483pt x 59.75095pt.
File: Results_Discussion/Papers/Papers_principales/hamiltonian_design.pdf Graph
ic file (type pdf)
<use Results_Discussion/Papers/Papers_principales/hamiltonian_design.pdf, page 
11>
Package pdftex.def Info: Results_Discussion/Papers/Papers_principales/hamiltoni
an_design.pdf , page11 used on input line 66.
(pdftex.def)             Requested size: 713.15889pt x 1008.61005pt.
 [219

 <./Results_Discussion/Papers/Papers_principales/hamiltonian_design.pdf> <./FOL
DING_PEPTIDE_PICTURE/folding_167.png>]
<Results_Discussion/Papers/Papers_principales/hamiltonian_design.pdf, id=4374, 
page=12, 597.50829pt x 845.0471pt>
File: Results_Discussion/Papers/Papers_principales/hamiltonian_design.pdf Graph
ic file (type pdf)
<use Results_Discussion/Papers/Papers_principales/hamiltonian_design.pdf, page 
12>
Package pdftex.def Info: Results_Discussion/Papers/Papers_principales/hamiltoni
an_design.pdf , page12 used on input line 66.
(pdftex.def)             Requested size: 713.15889pt x 1008.61005pt.
File: Results_Discussion/Papers/Papers_principales/hamiltonian_design.pdf Graph
ic file (type pdf)
<use Results_Discussion/Papers/Papers_principales/hamiltonian_design.pdf, page 
12>
Package pdftex.def Info: Results_Discussion/Papers/Papers_principales/hamiltoni
an_design.pdf , page12 used on input line 66.
(pdftex.def)             Requested size: 713.15889pt x 1008.61005pt.
<FOLDING_PEPTIDE_PICTURE/folding_168.png, id=4375, 333.6465pt x 333.6465pt>
File: FOLDING_PEPTIDE_PICTURE/folding_168.png Graphic file (type png)
<use FOLDING_PEPTIDE_PICTURE/folding_168.png>
Package pdftex.def Info: FOLDING_PEPTIDE_PICTURE/folding_168.png  used on input
 line 66.
(pdftex.def)             Requested size: 59.7483pt x 59.75095pt.
File: Results_Discussion/Papers/Papers_principales/hamiltonian_design.pdf Graph
ic file (type pdf)
<use Results_Discussion/Papers/Papers_principales/hamiltonian_design.pdf, page 
12>
Package pdftex.def Info: Results_Discussion/Papers/Papers_principales/hamiltoni
an_design.pdf , page12 used on input line 66.
(pdftex.def)             Requested size: 713.15889pt x 1008.61005pt.
 [220

 <./Results_Discussion/Papers/Papers_principales/hamiltonian_design.pdf> <./FOL
DING_PEPTIDE_PICTURE/folding_168.png>]
<Results_Discussion/Papers/Papers_principales/hamiltonian_design.pdf, id=4381, 
page=13, 597.50829pt x 845.0471pt>
File: Results_Discussion/Papers/Papers_principales/hamiltonian_design.pdf Graph
ic file (type pdf)
<use Results_Discussion/Papers/Papers_principales/hamiltonian_design.pdf, page 
13>
Package pdftex.def Info: Results_Discussion/Papers/Papers_principales/hamiltoni
an_design.pdf , page13 used on input line 66.
(pdftex.def)             Requested size: 713.15889pt x 1008.61005pt.
File: Results_Discussion/Papers/Papers_principales/hamiltonian_design.pdf Graph
ic file (type pdf)
<use Results_Discussion/Papers/Papers_principales/hamiltonian_design.pdf, page 
13>
Package pdftex.def Info: Results_Discussion/Papers/Papers_principales/hamiltoni
an_design.pdf , page13 used on input line 66.
(pdftex.def)             Requested size: 713.15889pt x 1008.61005pt.
File: FOLDING_PEPTIDE_PICTURE/folding_168.png Graphic file (type png)
<use FOLDING_PEPTIDE_PICTURE/folding_168.png>
Package pdftex.def Info: FOLDING_PEPTIDE_PICTURE/folding_168.png  used on input
 line 66.
(pdftex.def)             Requested size: 59.7483pt x 59.75095pt.
File: Results_Discussion/Papers/Papers_principales/hamiltonian_design.pdf Graph
ic file (type pdf)
<use Results_Discussion/Papers/Papers_principales/hamiltonian_design.pdf, page 
13>
Package pdftex.def Info: Results_Discussion/Papers/Papers_principales/hamiltoni
an_design.pdf , page13 used on input line 66.
(pdftex.def)             Requested size: 713.15889pt x 1008.61005pt.
 [221

 <./Results_Discussion/Papers/Papers_principales/hamiltonian_design.pdf>]
<Results_Discussion/Papers/Papers_principales/hamiltonian_design.pdf, id=4386, 
page=14, 597.50829pt x 845.0471pt>
File: Results_Discussion/Papers/Papers_principales/hamiltonian_design.pdf Graph
ic file (type pdf)
<use Results_Discussion/Papers/Papers_principales/hamiltonian_design.pdf, page 
14>
Package pdftex.def Info: Results_Discussion/Papers/Papers_principales/hamiltoni
an_design.pdf , page14 used on input line 66.
(pdftex.def)             Requested size: 713.15889pt x 1008.61005pt.
File: Results_Discussion/Papers/Papers_principales/hamiltonian_design.pdf Graph
ic file (type pdf)
<use Results_Discussion/Papers/Papers_principales/hamiltonian_design.pdf, page 
14>
Package pdftex.def Info: Results_Discussion/Papers/Papers_principales/hamiltoni
an_design.pdf , page14 used on input line 66.
(pdftex.def)             Requested size: 713.15889pt x 1008.61005pt.
<FOLDING_PEPTIDE_PICTURE/folding_169.png, id=4387, 333.6465pt x 333.6465pt>
File: FOLDING_PEPTIDE_PICTURE/folding_169.png Graphic file (type png)
<use FOLDING_PEPTIDE_PICTURE/folding_169.png>
Package pdftex.def Info: FOLDING_PEPTIDE_PICTURE/folding_169.png  used on input
 line 66.
(pdftex.def)             Requested size: 59.7483pt x 59.75095pt.
File: Results_Discussion/Papers/Papers_principales/hamiltonian_design.pdf Graph
ic file (type pdf)
<use Results_Discussion/Papers/Papers_principales/hamiltonian_design.pdf, page 
14>
Package pdftex.def Info: Results_Discussion/Papers/Papers_principales/hamiltoni
an_design.pdf , page14 used on input line 66.
(pdftex.def)             Requested size: 713.15889pt x 1008.61005pt.
 [222

 <./Results_Discussion/Papers/Papers_principales/hamiltonian_design.pdf> <./FOL
DING_PEPTIDE_PICTURE/folding_169.png>]
<Results_Discussion/Papers/Papers_principales/hamiltonian_design.pdf, id=4393, 
page=15, 597.50829pt x 845.0471pt>
File: Results_Discussion/Papers/Papers_principales/hamiltonian_design.pdf Graph
ic file (type pdf)
<use Results_Discussion/Papers/Papers_principales/hamiltonian_design.pdf, page 
15>
Package pdftex.def Info: Results_Discussion/Papers/Papers_principales/hamiltoni
an_design.pdf , page15 used on input line 66.
(pdftex.def)             Requested size: 713.15889pt x 1008.61005pt.
File: Results_Discussion/Papers/Papers_principales/hamiltonian_design.pdf Graph
ic file (type pdf)
<use Results_Discussion/Papers/Papers_principales/hamiltonian_design.pdf, page 
15>
Package pdftex.def Info: Results_Discussion/Papers/Papers_principales/hamiltoni
an_design.pdf , page15 used on input line 66.
(pdftex.def)             Requested size: 713.15889pt x 1008.61005pt.
<FOLDING_PEPTIDE_PICTURE/folding_170.png, id=4394, 333.6465pt x 333.6465pt>
File: FOLDING_PEPTIDE_PICTURE/folding_170.png Graphic file (type png)
<use FOLDING_PEPTIDE_PICTURE/folding_170.png>
Package pdftex.def Info: FOLDING_PEPTIDE_PICTURE/folding_170.png  used on input
 line 66.
(pdftex.def)             Requested size: 59.7483pt x 59.75095pt.
File: Results_Discussion/Papers/Papers_principales/hamiltonian_design.pdf Graph
ic file (type pdf)
<use Results_Discussion/Papers/Papers_principales/hamiltonian_design.pdf, page 
15>
Package pdftex.def Info: Results_Discussion/Papers/Papers_principales/hamiltoni
an_design.pdf , page15 used on input line 66.
(pdftex.def)             Requested size: 713.15889pt x 1008.61005pt.

[223

 <./Results_Discussion/Papers/Papers_principales/hamiltonian_design.pdf> <./FOL
DING_PEPTIDE_PICTURE/folding_170.png>]
<Results_Discussion/Papers/Papers_principales/hamiltonian_design.pdf, id=4401, 
page=16, 597.50829pt x 845.0471pt>
File: Results_Discussion/Papers/Papers_principales/hamiltonian_design.pdf Graph
ic file (type pdf)
<use Results_Discussion/Papers/Papers_principales/hamiltonian_design.pdf, page 
16>
Package pdftex.def Info: Results_Discussion/Papers/Papers_principales/hamiltoni
an_design.pdf , page16 used on input line 66.
(pdftex.def)             Requested size: 713.15889pt x 1008.61005pt.
File: Results_Discussion/Papers/Papers_principales/hamiltonian_design.pdf Graph
ic file (type pdf)
<use Results_Discussion/Papers/Papers_principales/hamiltonian_design.pdf, page 
16>
Package pdftex.def Info: Results_Discussion/Papers/Papers_principales/hamiltoni
an_design.pdf , page16 used on input line 66.
(pdftex.def)             Requested size: 713.15889pt x 1008.61005pt.
<FOLDING_PEPTIDE_PICTURE/folding_171.png, id=4402, 333.6465pt x 333.6465pt>
File: FOLDING_PEPTIDE_PICTURE/folding_171.png Graphic file (type png)
<use FOLDING_PEPTIDE_PICTURE/folding_171.png>
Package pdftex.def Info: FOLDING_PEPTIDE_PICTURE/folding_171.png  used on input
 line 66.
(pdftex.def)             Requested size: 59.7483pt x 59.75095pt.
File: Results_Discussion/Papers/Papers_principales/hamiltonian_design.pdf Graph
ic file (type pdf)
<use Results_Discussion/Papers/Papers_principales/hamiltonian_design.pdf, page 
16>
Package pdftex.def Info: Results_Discussion/Papers/Papers_principales/hamiltoni
an_design.pdf , page16 used on input line 66.
(pdftex.def)             Requested size: 713.15889pt x 1008.61005pt.
 [224

 <./Results_Discussion/Papers/Papers_principales/hamiltonian_design.pdf> <./FOL
DING_PEPTIDE_PICTURE/folding_171.png>]
<Results_Discussion/Papers/Papers_principales/hamiltonian_design.pdf, id=4408, 
page=17, 597.50829pt x 845.0471pt>
File: Results_Discussion/Papers/Papers_principales/hamiltonian_design.pdf Graph
ic file (type pdf)
<use Results_Discussion/Papers/Papers_principales/hamiltonian_design.pdf, page 
17>
Package pdftex.def Info: Results_Discussion/Papers/Papers_principales/hamiltoni
an_design.pdf , page17 used on input line 66.
(pdftex.def)             Requested size: 713.15889pt x 1008.61005pt.
File: Results_Discussion/Papers/Papers_principales/hamiltonian_design.pdf Graph
ic file (type pdf)
<use Results_Discussion/Papers/Papers_principales/hamiltonian_design.pdf, page 
17>
Package pdftex.def Info: Results_Discussion/Papers/Papers_principales/hamiltoni
an_design.pdf , page17 used on input line 66.
(pdftex.def)             Requested size: 713.15889pt x 1008.61005pt.
File: FOLDING_PEPTIDE_PICTURE/folding_171.png Graphic file (type png)
<use FOLDING_PEPTIDE_PICTURE/folding_171.png>
Package pdftex.def Info: FOLDING_PEPTIDE_PICTURE/folding_171.png  used on input
 line 66.
(pdftex.def)             Requested size: 59.7483pt x 59.75095pt.
File: Results_Discussion/Papers/Papers_principales/hamiltonian_design.pdf Graph
ic file (type pdf)
<use Results_Discussion/Papers/Papers_principales/hamiltonian_design.pdf, page 
17>
Package pdftex.def Info: Results_Discussion/Papers/Papers_principales/hamiltoni
an_design.pdf , page17 used on input line 66.
(pdftex.def)             Requested size: 713.15889pt x 1008.61005pt.
 [225

 <./Results_Discussion/Papers/Papers_principales/hamiltonian_design.pdf>]
<Results_Discussion/Papers/Papers_principales/hamiltonian_design.pdf, id=4413, 
page=18, 597.50829pt x 845.0471pt>
File: Results_Discussion/Papers/Papers_principales/hamiltonian_design.pdf Graph
ic file (type pdf)
<use Results_Discussion/Papers/Papers_principales/hamiltonian_design.pdf, page 
18>
Package pdftex.def Info: Results_Discussion/Papers/Papers_principales/hamiltoni
an_design.pdf , page18 used on input line 66.
(pdftex.def)             Requested size: 713.15889pt x 1008.61005pt.
File: Results_Discussion/Papers/Papers_principales/hamiltonian_design.pdf Graph
ic file (type pdf)
<use Results_Discussion/Papers/Papers_principales/hamiltonian_design.pdf, page 
18>
Package pdftex.def Info: Results_Discussion/Papers/Papers_principales/hamiltoni
an_design.pdf , page18 used on input line 66.
(pdftex.def)             Requested size: 713.15889pt x 1008.61005pt.
<FOLDING_PEPTIDE_PICTURE/folding_172.png, id=4414, 333.6465pt x 333.6465pt>
File: FOLDING_PEPTIDE_PICTURE/folding_172.png Graphic file (type png)
<use FOLDING_PEPTIDE_PICTURE/folding_172.png>
Package pdftex.def Info: FOLDING_PEPTIDE_PICTURE/folding_172.png  used on input
 line 66.
(pdftex.def)             Requested size: 59.7483pt x 59.75095pt.
File: Results_Discussion/Papers/Papers_principales/hamiltonian_design.pdf Graph
ic file (type pdf)
<use Results_Discussion/Papers/Papers_principales/hamiltonian_design.pdf, page 
18>
Package pdftex.def Info: Results_Discussion/Papers/Papers_principales/hamiltoni
an_design.pdf , page18 used on input line 66.
(pdftex.def)             Requested size: 713.15889pt x 1008.61005pt.
 [226

 <./Results_Discussion/Papers/Papers_principales/hamiltonian_design.pdf> <./FOL
DING_PEPTIDE_PICTURE/folding_172.png>]
<Results_Discussion/Papers/Papers_principales/hamiltonian_design.pdf, id=4420, 
page=19, 597.50829pt x 845.0471pt>
File: Results_Discussion/Papers/Papers_principales/hamiltonian_design.pdf Graph
ic file (type pdf)
<use Results_Discussion/Papers/Papers_principales/hamiltonian_design.pdf, page 
19>
Package pdftex.def Info: Results_Discussion/Papers/Papers_principales/hamiltoni
an_design.pdf , page19 used on input line 66.
(pdftex.def)             Requested size: 713.15889pt x 1008.61005pt.
File: Results_Discussion/Papers/Papers_principales/hamiltonian_design.pdf Graph
ic file (type pdf)
<use Results_Discussion/Papers/Papers_principales/hamiltonian_design.pdf, page 
19>
Package pdftex.def Info: Results_Discussion/Papers/Papers_principales/hamiltoni
an_design.pdf , page19 used on input line 66.
(pdftex.def)             Requested size: 713.15889pt x 1008.61005pt.
<FOLDING_PEPTIDE_PICTURE/folding_173.png, id=4421, 333.6465pt x 333.6465pt>
File: FOLDING_PEPTIDE_PICTURE/folding_173.png Graphic file (type png)
<use FOLDING_PEPTIDE_PICTURE/folding_173.png>
Package pdftex.def Info: FOLDING_PEPTIDE_PICTURE/folding_173.png  used on input
 line 66.
(pdftex.def)             Requested size: 59.7483pt x 59.75095pt.
File: Results_Discussion/Papers/Papers_principales/hamiltonian_design.pdf Graph
ic file (type pdf)
<use Results_Discussion/Papers/Papers_principales/hamiltonian_design.pdf, page 
19>
Package pdftex.def Info: Results_Discussion/Papers/Papers_principales/hamiltoni
an_design.pdf , page19 used on input line 66.
(pdftex.def)             Requested size: 713.15889pt x 1008.61005pt.
 [227

 <./Results_Discussion/Papers/Papers_principales/hamiltonian_design.pdf> <./FOL
DING_PEPTIDE_PICTURE/folding_173.png>]
<Results_Discussion/Papers/Papers_principales/hamiltonian_design.pdf, id=4427, 
page=20, 597.50829pt x 845.0471pt>
File: Results_Discussion/Papers/Papers_principales/hamiltonian_design.pdf Graph
ic file (type pdf)
<use Results_Discussion/Papers/Papers_principales/hamiltonian_design.pdf, page 
20>
Package pdftex.def Info: Results_Discussion/Papers/Papers_principales/hamiltoni
an_design.pdf , page20 used on input line 66.
(pdftex.def)             Requested size: 713.15889pt x 1008.61005pt.
File: Results_Discussion/Papers/Papers_principales/hamiltonian_design.pdf Graph
ic file (type pdf)
<use Results_Discussion/Papers/Papers_principales/hamiltonian_design.pdf, page 
20>
Package pdftex.def Info: Results_Discussion/Papers/Papers_principales/hamiltoni
an_design.pdf , page20 used on input line 66.
(pdftex.def)             Requested size: 713.15889pt x 1008.61005pt.
<FOLDING_PEPTIDE_PICTURE/folding_174.png, id=4428, 333.6465pt x 333.6465pt>
File: FOLDING_PEPTIDE_PICTURE/folding_174.png Graphic file (type png)
<use FOLDING_PEPTIDE_PICTURE/folding_174.png>
Package pdftex.def Info: FOLDING_PEPTIDE_PICTURE/folding_174.png  used on input
 line 66.
(pdftex.def)             Requested size: 59.7483pt x 59.75095pt.
File: Results_Discussion/Papers/Papers_principales/hamiltonian_design.pdf Graph
ic file (type pdf)
<use Results_Discussion/Papers/Papers_principales/hamiltonian_design.pdf, page 
20>
Package pdftex.def Info: Results_Discussion/Papers/Papers_principales/hamiltoni
an_design.pdf , page20 used on input line 66.
(pdftex.def)             Requested size: 713.15889pt x 1008.61005pt.
 [228

 <./Results_Discussion/Papers/Papers_principales/hamiltonian_design.pdf> <./FOL
DING_PEPTIDE_PICTURE/folding_174.png>]
<Results_Discussion/Papers/Papers_principales/hamiltonian_design_si.pdf, id=443
4, 597.50829pt x 845.0471pt>
File: Results_Discussion/Papers/Papers_principales/hamiltonian_design_si.pdf Gr
aphic file (type pdf)
<use Results_Discussion/Papers/Papers_principales/hamiltonian_design_si.pdf>
Package pdftex.def Info: Results_Discussion/Papers/Papers_principales/hamiltoni
an_design_si.pdf  used on input line 68.
(pdftex.def)             Requested size: 597.50682pt x 845.04504pt.
<Results_Discussion/Papers/Papers_principales/hamiltonian_design_si.pdf, id=443
6, page=1, 597.50829pt x 845.0471pt>
File: Results_Discussion/Papers/Papers_principales/hamiltonian_design_si.pdf Gr
aphic file (type pdf)
<use Results_Discussion/Papers/Papers_principales/hamiltonian_design_si.pdf, pa
ge 1>
Package pdftex.def Info: Results_Discussion/Papers/Papers_principales/hamiltoni
an_design_si.pdf , page1 used on input line 68.
(pdftex.def)             Requested size: 500.77129pt x 708.23584pt.
File: Results_Discussion/Papers/Papers_principales/hamiltonian_design_si.pdf Gr
aphic file (type pdf)
<use Results_Discussion/Papers/Papers_principales/hamiltonian_design_si.pdf, pa
ge 1>
Package pdftex.def Info: Results_Discussion/Papers/Papers_principales/hamiltoni
an_design_si.pdf , page1 used on input line 68.
(pdftex.def)             Requested size: 713.15889pt x 1008.61005pt.
File: Results_Discussion/Papers/Papers_principales/hamiltonian_design_si.pdf Gr
aphic file (type pdf)
<use Results_Discussion/Papers/Papers_principales/hamiltonian_design_si.pdf, pa
ge 1>
Package pdftex.def Info: Results_Discussion/Papers/Papers_principales/hamiltoni
an_design_si.pdf , page1 used on input line 68.
(pdftex.def)             Requested size: 713.15889pt x 1008.61005pt.
File: Results_Discussion/Papers/Papers_principales/hamiltonian_design_si.pdf Gr
aphic file (type pdf)
<use Results_Discussion/Papers/Papers_principales/hamiltonian_design_si.pdf, pa
ge 1>
Package pdftex.def Info: Results_Discussion/Papers/Papers_principales/hamiltoni
an_design_si.pdf , page1 used on input line 68.
(pdftex.def)             Requested size: 713.15889pt x 1008.61005pt.
<FOLDING_PEPTIDE_PICTURE/folding_175.png, id=4437, 333.6465pt x 333.6465pt>
File: FOLDING_PEPTIDE_PICTURE/folding_175.png Graphic file (type png)
<use FOLDING_PEPTIDE_PICTURE/folding_175.png>
Package pdftex.def Info: FOLDING_PEPTIDE_PICTURE/folding_175.png  used on input
 line 68.
(pdftex.def)             Requested size: 59.7483pt x 59.75095pt.
File: Results_Discussion/Papers/Papers_principales/hamiltonian_design_si.pdf Gr
aphic file (type pdf)
<use Results_Discussion/Papers/Papers_principales/hamiltonian_design_si.pdf, pa
ge 1>
Package pdftex.def Info: Results_Discussion/Papers/Papers_principales/hamiltoni
an_design_si.pdf , page1 used on input line 68.
(pdftex.def)             Requested size: 713.15889pt x 1008.61005pt.
 [229

 <./Results_Discussion/Papers/Papers_principales/hamiltonian_design_si.pdf> <./
FOLDING_PEPTIDE_PICTURE/folding_175.png>]
<Results_Discussion/Papers/Papers_principales/hamiltonian_design_si.pdf, id=447
4, page=2, 597.50829pt x 845.0471pt>
File: Results_Discussion/Papers/Papers_principales/hamiltonian_design_si.pdf Gr
aphic file (type pdf)
<use Results_Discussion/Papers/Papers_principales/hamiltonian_design_si.pdf, pa
ge 2>
Package pdftex.def Info: Results_Discussion/Papers/Papers_principales/hamiltoni
an_design_si.pdf , page2 used on input line 68.
(pdftex.def)             Requested size: 713.15889pt x 1008.61005pt.
File: Results_Discussion/Papers/Papers_principales/hamiltonian_design_si.pdf Gr
aphic file (type pdf)
<use Results_Discussion/Papers/Papers_principales/hamiltonian_design_si.pdf, pa
ge 2>
Package pdftex.def Info: Results_Discussion/Papers/Papers_principales/hamiltoni
an_design_si.pdf , page2 used on input line 68.
(pdftex.def)             Requested size: 713.15889pt x 1008.61005pt.
File: FOLDING_PEPTIDE_PICTURE/folding_175.png Graphic file (type png)
<use FOLDING_PEPTIDE_PICTURE/folding_175.png>
Package pdftex.def Info: FOLDING_PEPTIDE_PICTURE/folding_175.png  used on input
 line 68.
(pdftex.def)             Requested size: 59.7483pt x 59.75095pt.
File: Results_Discussion/Papers/Papers_principales/hamiltonian_design_si.pdf Gr
aphic file (type pdf)
<use Results_Discussion/Papers/Papers_principales/hamiltonian_design_si.pdf, pa
ge 2>
Package pdftex.def Info: Results_Discussion/Papers/Papers_principales/hamiltoni
an_design_si.pdf , page2 used on input line 68.
(pdftex.def)             Requested size: 713.15889pt x 1008.61005pt.
 [230

 <./Results_Discussion/Papers/Papers_principales/hamiltonian_design_si.pdf>]
<Results_Discussion/Papers/Papers_principales/hamiltonian_design_si.pdf, id=451
1, page=3, 597.50829pt x 845.0471pt>
File: Results_Discussion/Papers/Papers_principales/hamiltonian_design_si.pdf Gr
aphic file (type pdf)
<use Results_Discussion/Papers/Papers_principales/hamiltonian_design_si.pdf, pa
ge 3>
Package pdftex.def Info: Results_Discussion/Papers/Papers_principales/hamiltoni
an_design_si.pdf , page3 used on input line 68.
(pdftex.def)             Requested size: 713.15889pt x 1008.61005pt.
File: Results_Discussion/Papers/Papers_principales/hamiltonian_design_si.pdf Gr
aphic file (type pdf)
<use Results_Discussion/Papers/Papers_principales/hamiltonian_design_si.pdf, pa
ge 3>
Package pdftex.def Info: Results_Discussion/Papers/Papers_principales/hamiltoni
an_design_si.pdf , page3 used on input line 68.
(pdftex.def)             Requested size: 713.15889pt x 1008.61005pt.
<FOLDING_PEPTIDE_PICTURE/folding_176.png, id=4512, 333.6465pt x 333.6465pt>
File: FOLDING_PEPTIDE_PICTURE/folding_176.png Graphic file (type png)
<use FOLDING_PEPTIDE_PICTURE/folding_176.png>
Package pdftex.def Info: FOLDING_PEPTIDE_PICTURE/folding_176.png  used on input
 line 68.
(pdftex.def)             Requested size: 59.7483pt x 59.75095pt.
File: Results_Discussion/Papers/Papers_principales/hamiltonian_design_si.pdf Gr
aphic file (type pdf)
<use Results_Discussion/Papers/Papers_principales/hamiltonian_design_si.pdf, pa
ge 3>
Package pdftex.def Info: Results_Discussion/Papers/Papers_principales/hamiltoni
an_design_si.pdf , page3 used on input line 68.
(pdftex.def)             Requested size: 713.15889pt x 1008.61005pt.
 [231

 <./Results_Discussion/Papers/Papers_principales/hamiltonian_design_si.pdf> <./
FOLDING_PEPTIDE_PICTURE/folding_176.png>]
<Results_Discussion/Papers/Papers_principales/hamiltonian_design_si.pdf, id=454
0, page=4, 597.50829pt x 845.0471pt>
File: Results_Discussion/Papers/Papers_principales/hamiltonian_design_si.pdf Gr
aphic file (type pdf)
<use Results_Discussion/Papers/Papers_principales/hamiltonian_design_si.pdf, pa
ge 4>
Package pdftex.def Info: Results_Discussion/Papers/Papers_principales/hamiltoni
an_design_si.pdf , page4 used on input line 68.
(pdftex.def)             Requested size: 713.15889pt x 1008.61005pt.
File: Results_Discussion/Papers/Papers_principales/hamiltonian_design_si.pdf Gr
aphic file (type pdf)
<use Results_Discussion/Papers/Papers_principales/hamiltonian_design_si.pdf, pa
ge 4>
Package pdftex.def Info: Results_Discussion/Papers/Papers_principales/hamiltoni
an_design_si.pdf , page4 used on input line 68.
(pdftex.def)             Requested size: 713.15889pt x 1008.61005pt.
<FOLDING_PEPTIDE_PICTURE/folding_177.png, id=4541, 333.6465pt x 333.6465pt>
File: FOLDING_PEPTIDE_PICTURE/folding_177.png Graphic file (type png)
<use FOLDING_PEPTIDE_PICTURE/folding_177.png>
Package pdftex.def Info: FOLDING_PEPTIDE_PICTURE/folding_177.png  used on input
 line 68.
(pdftex.def)             Requested size: 59.7483pt x 59.75095pt.
File: Results_Discussion/Papers/Papers_principales/hamiltonian_design_si.pdf Gr
aphic file (type pdf)
<use Results_Discussion/Papers/Papers_principales/hamiltonian_design_si.pdf, pa
ge 4>
Package pdftex.def Info: Results_Discussion/Papers/Papers_principales/hamiltoni
an_design_si.pdf , page4 used on input line 68.
(pdftex.def)             Requested size: 713.15889pt x 1008.61005pt.
 [232

 <./Results_Discussion/Papers/Papers_principales/hamiltonian_design_si.pdf> <./
FOLDING_PEPTIDE_PICTURE/folding_177.png>]
<Results_Discussion/Papers/Papers_principales/hamiltonian_design_si.pdf, id=455
1, page=5, 597.50829pt x 845.0471pt>
File: Results_Discussion/Papers/Papers_principales/hamiltonian_design_si.pdf Gr
aphic file (type pdf)
<use Results_Discussion/Papers/Papers_principales/hamiltonian_design_si.pdf, pa
ge 5>
Package pdftex.def Info: Results_Discussion/Papers/Papers_principales/hamiltoni
an_design_si.pdf , page5 used on input line 68.
(pdftex.def)             Requested size: 713.15889pt x 1008.61005pt.
File: Results_Discussion/Papers/Papers_principales/hamiltonian_design_si.pdf Gr
aphic file (type pdf)
<use Results_Discussion/Papers/Papers_principales/hamiltonian_design_si.pdf, pa
ge 5>
Package pdftex.def Info: Results_Discussion/Papers/Papers_principales/hamiltoni
an_design_si.pdf , page5 used on input line 68.
(pdftex.def)             Requested size: 713.15889pt x 1008.61005pt.
<FOLDING_PEPTIDE_PICTURE/folding_178.png, id=4552, 333.6465pt x 333.6465pt>
File: FOLDING_PEPTIDE_PICTURE/folding_178.png Graphic file (type png)
<use FOLDING_PEPTIDE_PICTURE/folding_178.png>
Package pdftex.def Info: FOLDING_PEPTIDE_PICTURE/folding_178.png  used on input
 line 68.
(pdftex.def)             Requested size: 59.7483pt x 59.75095pt.
File: Results_Discussion/Papers/Papers_principales/hamiltonian_design_si.pdf Gr
aphic file (type pdf)
<use Results_Discussion/Papers/Papers_principales/hamiltonian_design_si.pdf, pa
ge 5>
Package pdftex.def Info: Results_Discussion/Papers/Papers_principales/hamiltoni
an_design_si.pdf , page5 used on input line 68.
(pdftex.def)             Requested size: 713.15889pt x 1008.61005pt.
 [233

 <./Results_Discussion/Papers/Papers_principales/hamiltonian_design_si.pdf> <./
FOLDING_PEPTIDE_PICTURE/folding_178.png>]
<Results_Discussion/Papers/Papers_principales/hamiltonian_design_si.pdf, id=457
3, page=6, 597.50829pt x 845.0471pt>
File: Results_Discussion/Papers/Papers_principales/hamiltonian_design_si.pdf Gr
aphic file (type pdf)
<use Results_Discussion/Papers/Papers_principales/hamiltonian_design_si.pdf, pa
ge 6>
Package pdftex.def Info: Results_Discussion/Papers/Papers_principales/hamiltoni
an_design_si.pdf , page6 used on input line 68.
(pdftex.def)             Requested size: 713.15889pt x 1008.61005pt.
File: Results_Discussion/Papers/Papers_principales/hamiltonian_design_si.pdf Gr
aphic file (type pdf)
<use Results_Discussion/Papers/Papers_principales/hamiltonian_design_si.pdf, pa
ge 6>
Package pdftex.def Info: Results_Discussion/Papers/Papers_principales/hamiltoni
an_design_si.pdf , page6 used on input line 68.
(pdftex.def)             Requested size: 713.15889pt x 1008.61005pt.
File: FOLDING_PEPTIDE_PICTURE/folding_178.png Graphic file (type png)
<use FOLDING_PEPTIDE_PICTURE/folding_178.png>
Package pdftex.def Info: FOLDING_PEPTIDE_PICTURE/folding_178.png  used on input
 line 68.
(pdftex.def)             Requested size: 59.7483pt x 59.75095pt.
File: Results_Discussion/Papers/Papers_principales/hamiltonian_design_si.pdf Gr
aphic file (type pdf)
<use Results_Discussion/Papers/Papers_principales/hamiltonian_design_si.pdf, pa
ge 6>
Package pdftex.def Info: Results_Discussion/Papers/Papers_principales/hamiltoni
an_design_si.pdf , page6 used on input line 68.
(pdftex.def)             Requested size: 713.15889pt x 1008.61005pt.
 [234

 <./Results_Discussion/Papers/Papers_principales/hamiltonian_design_si.pdf>]
<Results_Discussion/Papers/Papers_principales/hamiltonian_design_si.pdf, id=457
8, page=7, 597.50829pt x 845.0471pt>
File: Results_Discussion/Papers/Papers_principales/hamiltonian_design_si.pdf Gr
aphic file (type pdf)
<use Results_Discussion/Papers/Papers_principales/hamiltonian_design_si.pdf, pa
ge 7>
Package pdftex.def Info: Results_Discussion/Papers/Papers_principales/hamiltoni
an_design_si.pdf , page7 used on input line 68.
(pdftex.def)             Requested size: 713.15889pt x 1008.61005pt.
File: Results_Discussion/Papers/Papers_principales/hamiltonian_design_si.pdf Gr
aphic file (type pdf)
<use Results_Discussion/Papers/Papers_principales/hamiltonian_design_si.pdf, pa
ge 7>
Package pdftex.def Info: Results_Discussion/Papers/Papers_principales/hamiltoni
an_design_si.pdf , page7 used on input line 68.
(pdftex.def)             Requested size: 713.15889pt x 1008.61005pt.
<FOLDING_PEPTIDE_PICTURE/folding_179.png, id=4579, 333.6465pt x 333.6465pt>
File: FOLDING_PEPTIDE_PICTURE/folding_179.png Graphic file (type png)
<use FOLDING_PEPTIDE_PICTURE/folding_179.png>
Package pdftex.def Info: FOLDING_PEPTIDE_PICTURE/folding_179.png  used on input
 line 68.
(pdftex.def)             Requested size: 59.7483pt x 59.75095pt.
File: Results_Discussion/Papers/Papers_principales/hamiltonian_design_si.pdf Gr
aphic file (type pdf)
<use Results_Discussion/Papers/Papers_principales/hamiltonian_design_si.pdf, pa
ge 7>
Package pdftex.def Info: Results_Discussion/Papers/Papers_principales/hamiltoni
an_design_si.pdf , page7 used on input line 68.
(pdftex.def)             Requested size: 713.15889pt x 1008.61005pt.
 [235

 <./Results_Discussion/Papers/Papers_principales/hamiltonian_design_si.pdf> <./
FOLDING_PEPTIDE_PICTURE/folding_179.png>]
<Results_Discussion/Papers/Papers_principales/hamiltonian_design_si.pdf, id=459
3, page=8, 597.50829pt x 845.0471pt>
File: Results_Discussion/Papers/Papers_principales/hamiltonian_design_si.pdf Gr
aphic file (type pdf)
<use Results_Discussion/Papers/Papers_principales/hamiltonian_design_si.pdf, pa
ge 8>
Package pdftex.def Info: Results_Discussion/Papers/Papers_principales/hamiltoni
an_design_si.pdf , page8 used on input line 68.
(pdftex.def)             Requested size: 713.15889pt x 1008.61005pt.
File: Results_Discussion/Papers/Papers_principales/hamiltonian_design_si.pdf Gr
aphic file (type pdf)
<use Results_Discussion/Papers/Papers_principales/hamiltonian_design_si.pdf, pa
ge 8>
Package pdftex.def Info: Results_Discussion/Papers/Papers_principales/hamiltoni
an_design_si.pdf , page8 used on input line 68.
(pdftex.def)             Requested size: 713.15889pt x 1008.61005pt.
<FOLDING_PEPTIDE_PICTURE/folding_180.png, id=4594, 333.6465pt x 333.6465pt>
File: FOLDING_PEPTIDE_PICTURE/folding_180.png Graphic file (type png)
<use FOLDING_PEPTIDE_PICTURE/folding_180.png>
Package pdftex.def Info: FOLDING_PEPTIDE_PICTURE/folding_180.png  used on input
 line 68.
(pdftex.def)             Requested size: 59.7483pt x 59.75095pt.
File: Results_Discussion/Papers/Papers_principales/hamiltonian_design_si.pdf Gr
aphic file (type pdf)
<use Results_Discussion/Papers/Papers_principales/hamiltonian_design_si.pdf, pa
ge 8>
Package pdftex.def Info: Results_Discussion/Papers/Papers_principales/hamiltoni
an_design_si.pdf , page8 used on input line 68.
(pdftex.def)             Requested size: 713.15889pt x 1008.61005pt.
 [236

 <./Results_Discussion/Papers/Papers_principales/hamiltonian_design_si.pdf> <./
FOLDING_PEPTIDE_PICTURE/folding_180.png>]
<Results_Discussion/Papers/Papers_principales/hamiltonian_design_si.pdf, id=460
3, page=9, 597.50829pt x 845.0471pt>
File: Results_Discussion/Papers/Papers_principales/hamiltonian_design_si.pdf Gr
aphic file (type pdf)
<use Results_Discussion/Papers/Papers_principales/hamiltonian_design_si.pdf, pa
ge 9>
Package pdftex.def Info: Results_Discussion/Papers/Papers_principales/hamiltoni
an_design_si.pdf , page9 used on input line 68.
(pdftex.def)             Requested size: 713.15889pt x 1008.61005pt.
File: Results_Discussion/Papers/Papers_principales/hamiltonian_design_si.pdf Gr
aphic file (type pdf)
<use Results_Discussion/Papers/Papers_principales/hamiltonian_design_si.pdf, pa
ge 9>
Package pdftex.def Info: Results_Discussion/Papers/Papers_principales/hamiltoni
an_design_si.pdf , page9 used on input line 68.
(pdftex.def)             Requested size: 713.15889pt x 1008.61005pt.
<FOLDING_PEPTIDE_PICTURE/folding_181.png, id=4604, 333.6465pt x 333.6465pt>
File: FOLDING_PEPTIDE_PICTURE/folding_181.png Graphic file (type png)
<use FOLDING_PEPTIDE_PICTURE/folding_181.png>
Package pdftex.def Info: FOLDING_PEPTIDE_PICTURE/folding_181.png  used on input
 line 68.
(pdftex.def)             Requested size: 59.7483pt x 59.75095pt.
File: Results_Discussion/Papers/Papers_principales/hamiltonian_design_si.pdf Gr
aphic file (type pdf)
<use Results_Discussion/Papers/Papers_principales/hamiltonian_design_si.pdf, pa
ge 9>
Package pdftex.def Info: Results_Discussion/Papers/Papers_principales/hamiltoni
an_design_si.pdf , page9 used on input line 68.
(pdftex.def)             Requested size: 713.15889pt x 1008.61005pt.
 [237

 <./Results_Discussion/Papers/Papers_principales/hamiltonian_design_si.pdf> <./
FOLDING_PEPTIDE_PICTURE/folding_181.png>]
<Results_Discussion/Papers/Papers_principales/hamiltonian_design_si.pdf, id=461
3, page=10, 597.50829pt x 845.0471pt>
File: Results_Discussion/Papers/Papers_principales/hamiltonian_design_si.pdf Gr
aphic file (type pdf)
<use Results_Discussion/Papers/Papers_principales/hamiltonian_design_si.pdf, pa
ge 10>
Package pdftex.def Info: Results_Discussion/Papers/Papers_principales/hamiltoni
an_design_si.pdf , page10 used on input line 68.
(pdftex.def)             Requested size: 713.15889pt x 1008.61005pt.
File: Results_Discussion/Papers/Papers_principales/hamiltonian_design_si.pdf Gr
aphic file (type pdf)
<use Results_Discussion/Papers/Papers_principales/hamiltonian_design_si.pdf, pa
ge 10>
Package pdftex.def Info: Results_Discussion/Papers/Papers_principales/hamiltoni
an_design_si.pdf , page10 used on input line 68.
(pdftex.def)             Requested size: 713.15889pt x 1008.61005pt.
File: FOLDING_PEPTIDE_PICTURE/folding_181.png Graphic file (type png)
<use FOLDING_PEPTIDE_PICTURE/folding_181.png>
Package pdftex.def Info: FOLDING_PEPTIDE_PICTURE/folding_181.png  used on input
 line 68.
(pdftex.def)             Requested size: 59.7483pt x 59.75095pt.
File: Results_Discussion/Papers/Papers_principales/hamiltonian_design_si.pdf Gr
aphic file (type pdf)
<use Results_Discussion/Papers/Papers_principales/hamiltonian_design_si.pdf, pa
ge 10>
Package pdftex.def Info: Results_Discussion/Papers/Papers_principales/hamiltoni
an_design_si.pdf , page10 used on input line 68.
(pdftex.def)             Requested size: 713.15889pt x 1008.61005pt.
 [238

 <./Results_Discussion/Papers/Papers_principales/hamiltonian_design_si.pdf>]
<Results_Discussion/Papers/Papers_principales/hamiltonian_design_si.pdf, id=462
4, page=11, 597.50829pt x 845.0471pt>
File: Results_Discussion/Papers/Papers_principales/hamiltonian_design_si.pdf Gr
aphic file (type pdf)
<use Results_Discussion/Papers/Papers_principales/hamiltonian_design_si.pdf, pa
ge 11>
Package pdftex.def Info: Results_Discussion/Papers/Papers_principales/hamiltoni
an_design_si.pdf , page11 used on input line 68.
(pdftex.def)             Requested size: 713.15889pt x 1008.61005pt.
File: Results_Discussion/Papers/Papers_principales/hamiltonian_design_si.pdf Gr
aphic file (type pdf)
<use Results_Discussion/Papers/Papers_principales/hamiltonian_design_si.pdf, pa
ge 11>
Package pdftex.def Info: Results_Discussion/Papers/Papers_principales/hamiltoni
an_design_si.pdf , page11 used on input line 68.
(pdftex.def)             Requested size: 713.15889pt x 1008.61005pt.
<FOLDING_PEPTIDE_PICTURE/folding_182.png, id=4625, 333.6465pt x 333.6465pt>
File: FOLDING_PEPTIDE_PICTURE/folding_182.png Graphic file (type png)
<use FOLDING_PEPTIDE_PICTURE/folding_182.png>
Package pdftex.def Info: FOLDING_PEPTIDE_PICTURE/folding_182.png  used on input
 line 68.
(pdftex.def)             Requested size: 59.7483pt x 59.75095pt.
File: Results_Discussion/Papers/Papers_principales/hamiltonian_design_si.pdf Gr
aphic file (type pdf)
<use Results_Discussion/Papers/Papers_principales/hamiltonian_design_si.pdf, pa
ge 11>
Package pdftex.def Info: Results_Discussion/Papers/Papers_principales/hamiltoni
an_design_si.pdf , page11 used on input line 68.
(pdftex.def)             Requested size: 713.15889pt x 1008.61005pt.
 [239

 <./Results_Discussion/Papers/Papers_principales/hamiltonian_design_si.pdf> <./
FOLDING_PEPTIDE_PICTURE/folding_182.png>]
<Results_Discussion/Papers/Papers_principales/hamiltonian_design_si.pdf, id=463
6, page=12, 597.50829pt x 845.0471pt>
File: Results_Discussion/Papers/Papers_principales/hamiltonian_design_si.pdf Gr
aphic file (type pdf)
<use Results_Discussion/Papers/Papers_principales/hamiltonian_design_si.pdf, pa
ge 12>
Package pdftex.def Info: Results_Discussion/Papers/Papers_principales/hamiltoni
an_design_si.pdf , page12 used on input line 68.
(pdftex.def)             Requested size: 713.15889pt x 1008.61005pt.
File: Results_Discussion/Papers/Papers_principales/hamiltonian_design_si.pdf Gr
aphic file (type pdf)
<use Results_Discussion/Papers/Papers_principales/hamiltonian_design_si.pdf, pa
ge 12>
Package pdftex.def Info: Results_Discussion/Papers/Papers_principales/hamiltoni
an_design_si.pdf , page12 used on input line 68.
(pdftex.def)             Requested size: 713.15889pt x 1008.61005pt.
<FOLDING_PEPTIDE_PICTURE/folding_183.png, id=4637, 333.6465pt x 333.6465pt>
File: FOLDING_PEPTIDE_PICTURE/folding_183.png Graphic file (type png)
<use FOLDING_PEPTIDE_PICTURE/folding_183.png>
Package pdftex.def Info: FOLDING_PEPTIDE_PICTURE/folding_183.png  used on input
 line 68.
(pdftex.def)             Requested size: 59.7483pt x 59.75095pt.
File: Results_Discussion/Papers/Papers_principales/hamiltonian_design_si.pdf Gr
aphic file (type pdf)
<use Results_Discussion/Papers/Papers_principales/hamiltonian_design_si.pdf, pa
ge 12>
Package pdftex.def Info: Results_Discussion/Papers/Papers_principales/hamiltoni
an_design_si.pdf , page12 used on input line 68.
(pdftex.def)             Requested size: 713.15889pt x 1008.61005pt.
 [240

 <./Results_Discussion/Papers/Papers_principales/hamiltonian_design_si.pdf> <./
FOLDING_PEPTIDE_PICTURE/folding_183.png>]
<Results_Discussion/Papers/Papers_principales/hamiltonian_design_si.pdf, id=466
4, page=13, 597.50829pt x 845.0471pt>
File: Results_Discussion/Papers/Papers_principales/hamiltonian_design_si.pdf Gr
aphic file (type pdf)
<use Results_Discussion/Papers/Papers_principales/hamiltonian_design_si.pdf, pa
ge 13>
Package pdftex.def Info: Results_Discussion/Papers/Papers_principales/hamiltoni
an_design_si.pdf , page13 used on input line 68.
(pdftex.def)             Requested size: 713.15889pt x 1008.61005pt.
File: Results_Discussion/Papers/Papers_principales/hamiltonian_design_si.pdf Gr
aphic file (type pdf)
<use Results_Discussion/Papers/Papers_principales/hamiltonian_design_si.pdf, pa
ge 13>
Package pdftex.def Info: Results_Discussion/Papers/Papers_principales/hamiltoni
an_design_si.pdf , page13 used on input line 68.
(pdftex.def)             Requested size: 713.15889pt x 1008.61005pt.
<FOLDING_PEPTIDE_PICTURE/folding_184.png, id=4665, 333.6465pt x 333.6465pt>
File: FOLDING_PEPTIDE_PICTURE/folding_184.png Graphic file (type png)
<use FOLDING_PEPTIDE_PICTURE/folding_184.png>
Package pdftex.def Info: FOLDING_PEPTIDE_PICTURE/folding_184.png  used on input
 line 68.
(pdftex.def)             Requested size: 59.7483pt x 59.75095pt.
File: Results_Discussion/Papers/Papers_principales/hamiltonian_design_si.pdf Gr
aphic file (type pdf)
<use Results_Discussion/Papers/Papers_principales/hamiltonian_design_si.pdf, pa
ge 13>
Package pdftex.def Info: Results_Discussion/Papers/Papers_principales/hamiltoni
an_design_si.pdf , page13 used on input line 68.
(pdftex.def)             Requested size: 713.15889pt x 1008.61005pt.
 [241

 <./Results_Discussion/Papers/Papers_principales/hamiltonian_design_si.pdf> <./
FOLDING_PEPTIDE_PICTURE/folding_184.png>]
<Results_Discussion/Papers/Papers_principales/hamiltonian_design_si.pdf, id=467
2, page=14, 597.50829pt x 845.0471pt>
File: Results_Discussion/Papers/Papers_principales/hamiltonian_design_si.pdf Gr
aphic file (type pdf)
<use Results_Discussion/Papers/Papers_principales/hamiltonian_design_si.pdf, pa
ge 14>
Package pdftex.def Info: Results_Discussion/Papers/Papers_principales/hamiltoni
an_design_si.pdf , page14 used on input line 68.
(pdftex.def)             Requested size: 713.15889pt x 1008.61005pt.
File: Results_Discussion/Papers/Papers_principales/hamiltonian_design_si.pdf Gr
aphic file (type pdf)
<use Results_Discussion/Papers/Papers_principales/hamiltonian_design_si.pdf, pa
ge 14>
Package pdftex.def Info: Results_Discussion/Papers/Papers_principales/hamiltoni
an_design_si.pdf , page14 used on input line 68.
(pdftex.def)             Requested size: 713.15889pt x 1008.61005pt.
File: FOLDING_PEPTIDE_PICTURE/folding_184.png Graphic file (type png)
<use FOLDING_PEPTIDE_PICTURE/folding_184.png>
Package pdftex.def Info: FOLDING_PEPTIDE_PICTURE/folding_184.png  used on input
 line 68.
(pdftex.def)             Requested size: 59.7483pt x 59.75095pt.
File: Results_Discussion/Papers/Papers_principales/hamiltonian_design_si.pdf Gr
aphic file (type pdf)
<use Results_Discussion/Papers/Papers_principales/hamiltonian_design_si.pdf, pa
ge 14>
Package pdftex.def Info: Results_Discussion/Papers/Papers_principales/hamiltoni
an_design_si.pdf , page14 used on input line 68.
(pdftex.def)             Requested size: 713.15889pt x 1008.61005pt.
 [242

 <./Results_Discussion/Papers/Papers_principales/hamiltonian_design_si.pdf>])
\openout2 = `Results_Discussion/Unpublished.aux'.


(./Results_Discussion/Unpublished.tex
Chapter 5.
[243




]

Package hyperref Warning: Token not allowed in a PDF string (Unicode):
(hyperref)                removing `math shift' on input line 6.


Package hyperref Warning: Token not allowed in a PDF string (Unicode):
(hyperref)                removing `\alpha' on input line 6.


Package hyperref Warning: Token not allowed in a PDF string (Unicode):
(hyperref)                removing `math shift' on input line 6.

<Results_Discussion/Papers/Papers_secundarios/helix_studio.pdf, id=4685, page=1
, 597.50829pt x 845.0471pt>
File: Results_Discussion/Papers/Papers_secundarios/helix_studio.pdf Graphic fil
e (type pdf)
<use Results_Discussion/Papers/Papers_secundarios/helix_studio.pdf, page 1>
Package pdftex.def Info: Results_Discussion/Papers/Papers_secundarios/helix_stu
dio.pdf , page1 used on input line 9.
(pdftex.def)             Requested size: 337.98485pt x 478.00696pt.
<Results_Discussion/Papers/Papers_secundarios/helix_studio.pdf, id=4686, 597.50
829pt x 845.0471pt>
File: Results_Discussion/Papers/Papers_secundarios/helix_studio.pdf Graphic fil
e (type pdf)
<use Results_Discussion/Papers/Papers_secundarios/helix_studio.pdf>
Package pdftex.def Info: Results_Discussion/Papers/Papers_secundarios/helix_stu
dio.pdf  used on input line 12.
(pdftex.def)             Requested size: 597.50682pt x 845.04504pt.
<Results_Discussion/Papers/Papers_secundarios/helix_studio.pdf, id=4688, page=2
, 597.50829pt x 845.0471pt>
File: Results_Discussion/Papers/Papers_secundarios/helix_studio.pdf Graphic fil
e (type pdf)
<use Results_Discussion/Papers/Papers_secundarios/helix_studio.pdf, page 2>
Package pdftex.def Info: Results_Discussion/Papers/Papers_secundarios/helix_stu
dio.pdf , page2 used on input line 12.
(pdftex.def)             Requested size: 500.77129pt x 708.23584pt.
File: Results_Discussion/Papers/Papers_secundarios/helix_studio.pdf Graphic fil
e (type pdf)
<use Results_Discussion/Papers/Papers_secundarios/helix_studio.pdf, page 2>
Package pdftex.def Info: Results_Discussion/Papers/Papers_secundarios/helix_stu
dio.pdf , page2 used on input line 12.
(pdftex.def)             Requested size: 713.15889pt x 1008.61005pt.
[244

 <./Results_Discussion/Papers/Papers_secundarios/helix_studio.pdf>]
File: Results_Discussion/Papers/Papers_secundarios/helix_studio.pdf Graphic fil
e (type pdf)
<use Results_Discussion/Papers/Papers_secundarios/helix_studio.pdf, page 2>
Package pdftex.def Info: Results_Discussion/Papers/Papers_secundarios/helix_stu
dio.pdf , page2 used on input line 12.
(pdftex.def)             Requested size: 713.15889pt x 1008.61005pt.
File: Results_Discussion/Papers/Papers_secundarios/helix_studio.pdf Graphic fil
e (type pdf)
<use Results_Discussion/Papers/Papers_secundarios/helix_studio.pdf, page 2>
Package pdftex.def Info: Results_Discussion/Papers/Papers_secundarios/helix_stu
dio.pdf , page2 used on input line 12.
(pdftex.def)             Requested size: 713.15889pt x 1008.61005pt.
<FOLDING_PEPTIDE_PICTURE/folding_187.png, id=4728, 333.6465pt x 333.6465pt>
File: FOLDING_PEPTIDE_PICTURE/folding_187.png Graphic file (type png)
<use FOLDING_PEPTIDE_PICTURE/folding_187.png>
Package pdftex.def Info: FOLDING_PEPTIDE_PICTURE/folding_187.png  used on input
 line 12.
(pdftex.def)             Requested size: 59.7483pt x 59.75095pt.
File: Results_Discussion/Papers/Papers_secundarios/helix_studio.pdf Graphic fil
e (type pdf)
<use Results_Discussion/Papers/Papers_secundarios/helix_studio.pdf, page 2>
Package pdftex.def Info: Results_Discussion/Papers/Papers_secundarios/helix_stu
dio.pdf , page2 used on input line 12.
(pdftex.def)             Requested size: 713.15889pt x 1008.61005pt.

[245

 <./Results_Discussion/Papers/Papers_secundarios/helix_studio.pdf> <./FOLDING_P
EPTIDE_PICTURE/folding_187.png>]
<Results_Discussion/Papers/Papers_secundarios/helix_studio.pdf, id=4740, page=3
, 597.50829pt x 845.0471pt>
File: Results_Discussion/Papers/Papers_secundarios/helix_studio.pdf Graphic fil
e (type pdf)
<use Results_Discussion/Papers/Papers_secundarios/helix_studio.pdf, page 3>
Package pdftex.def Info: Results_Discussion/Papers/Papers_secundarios/helix_stu
dio.pdf , page3 used on input line 12.
(pdftex.def)             Requested size: 713.15889pt x 1008.61005pt.
File: Results_Discussion/Papers/Papers_secundarios/helix_studio.pdf Graphic fil
e (type pdf)
<use Results_Discussion/Papers/Papers_secundarios/helix_studio.pdf, page 3>
Package pdftex.def Info: Results_Discussion/Papers/Papers_secundarios/helix_stu
dio.pdf , page3 used on input line 12.
(pdftex.def)             Requested size: 713.15889pt x 1008.61005pt.
File: FOLDING_PEPTIDE_PICTURE/folding_187.png Graphic file (type png)
<use FOLDING_PEPTIDE_PICTURE/folding_187.png>
Package pdftex.def Info: FOLDING_PEPTIDE_PICTURE/folding_187.png  used on input
 line 12.
(pdftex.def)             Requested size: 59.7483pt x 59.75095pt.
File: Results_Discussion/Papers/Papers_secundarios/helix_studio.pdf Graphic fil
e (type pdf)
<use Results_Discussion/Papers/Papers_secundarios/helix_studio.pdf, page 3>
Package pdftex.def Info: Results_Discussion/Papers/Papers_secundarios/helix_stu
dio.pdf , page3 used on input line 12.
(pdftex.def)             Requested size: 713.15889pt x 1008.61005pt.
 [246

 <./Results_Discussion/Papers/Papers_secundarios/helix_studio.pdf>]
<Results_Discussion/Papers/Papers_secundarios/helix_studio.pdf, id=4748, page=4
, 597.50829pt x 845.0471pt>
File: Results_Discussion/Papers/Papers_secundarios/helix_studio.pdf Graphic fil
e (type pdf)
<use Results_Discussion/Papers/Papers_secundarios/helix_studio.pdf, page 4>
Package pdftex.def Info: Results_Discussion/Papers/Papers_secundarios/helix_stu
dio.pdf , page4 used on input line 12.
(pdftex.def)             Requested size: 713.15889pt x 1008.61005pt.
File: Results_Discussion/Papers/Papers_secundarios/helix_studio.pdf Graphic fil
e (type pdf)
<use Results_Discussion/Papers/Papers_secundarios/helix_studio.pdf, page 4>
Package pdftex.def Info: Results_Discussion/Papers/Papers_secundarios/helix_stu
dio.pdf , page4 used on input line 12.
(pdftex.def)             Requested size: 713.15889pt x 1008.61005pt.
<FOLDING_PEPTIDE_PICTURE/folding_188.png, id=4749, 333.6465pt x 333.6465pt>
File: FOLDING_PEPTIDE_PICTURE/folding_188.png Graphic file (type png)
<use FOLDING_PEPTIDE_PICTURE/folding_188.png>
Package pdftex.def Info: FOLDING_PEPTIDE_PICTURE/folding_188.png  used on input
 line 12.
(pdftex.def)             Requested size: 59.7483pt x 59.75095pt.
File: Results_Discussion/Papers/Papers_secundarios/helix_studio.pdf Graphic fil
e (type pdf)
<use Results_Discussion/Papers/Papers_secundarios/helix_studio.pdf, page 4>
Package pdftex.def Info: Results_Discussion/Papers/Papers_secundarios/helix_stu
dio.pdf , page4 used on input line 12.
(pdftex.def)             Requested size: 713.15889pt x 1008.61005pt.
 [247

 <./Results_Discussion/Papers/Papers_secundarios/helix_studio.pdf> <./FOLDING_P
EPTIDE_PICTURE/folding_188.png>]
<Results_Discussion/Papers/Papers_secundarios/helix_studio.pdf, id=4772, page=5
, 597.50829pt x 845.0471pt>
File: Results_Discussion/Papers/Papers_secundarios/helix_studio.pdf Graphic fil
e (type pdf)
<use Results_Discussion/Papers/Papers_secundarios/helix_studio.pdf, page 5>
Package pdftex.def Info: Results_Discussion/Papers/Papers_secundarios/helix_stu
dio.pdf , page5 used on input line 12.
(pdftex.def)             Requested size: 713.15889pt x 1008.61005pt.
File: Results_Discussion/Papers/Papers_secundarios/helix_studio.pdf Graphic fil
e (type pdf)
<use Results_Discussion/Papers/Papers_secundarios/helix_studio.pdf, page 5>
Package pdftex.def Info: Results_Discussion/Papers/Papers_secundarios/helix_stu
dio.pdf , page5 used on input line 12.
(pdftex.def)             Requested size: 713.15889pt x 1008.61005pt.
<FOLDING_PEPTIDE_PICTURE/folding_189.png, id=4773, 333.6465pt x 333.6465pt>
File: FOLDING_PEPTIDE_PICTURE/folding_189.png Graphic file (type png)
<use FOLDING_PEPTIDE_PICTURE/folding_189.png>
Package pdftex.def Info: FOLDING_PEPTIDE_PICTURE/folding_189.png  used on input
 line 12.
(pdftex.def)             Requested size: 59.7483pt x 59.75095pt.
File: Results_Discussion/Papers/Papers_secundarios/helix_studio.pdf Graphic fil
e (type pdf)
<use Results_Discussion/Papers/Papers_secundarios/helix_studio.pdf, page 5>
Package pdftex.def Info: Results_Discussion/Papers/Papers_secundarios/helix_stu
dio.pdf , page5 used on input line 12.
(pdftex.def)             Requested size: 713.15889pt x 1008.61005pt.
 [248

 <./Results_Discussion/Papers/Papers_secundarios/helix_studio.pdf> <./FOLDING_P
EPTIDE_PICTURE/folding_189.png>]
<Results_Discussion/Papers/Papers_secundarios/helix_studio.pdf, id=4783, page=6
, 597.50829pt x 845.0471pt>
File: Results_Discussion/Papers/Papers_secundarios/helix_studio.pdf Graphic fil
e (type pdf)
<use Results_Discussion/Papers/Papers_secundarios/helix_studio.pdf, page 6>
Package pdftex.def Info: Results_Discussion/Papers/Papers_secundarios/helix_stu
dio.pdf , page6 used on input line 12.
(pdftex.def)             Requested size: 713.15889pt x 1008.61005pt.
File: Results_Discussion/Papers/Papers_secundarios/helix_studio.pdf Graphic fil
e (type pdf)
<use Results_Discussion/Papers/Papers_secundarios/helix_studio.pdf, page 6>
Package pdftex.def Info: Results_Discussion/Papers/Papers_secundarios/helix_stu
dio.pdf , page6 used on input line 12.
(pdftex.def)             Requested size: 713.15889pt x 1008.61005pt.
<FOLDING_PEPTIDE_PICTURE/folding_190.png, id=4784, 333.6465pt x 333.6465pt>
File: FOLDING_PEPTIDE_PICTURE/folding_190.png Graphic file (type png)
<use FOLDING_PEPTIDE_PICTURE/folding_190.png>
Package pdftex.def Info: FOLDING_PEPTIDE_PICTURE/folding_190.png  used on input
 line 12.
(pdftex.def)             Requested size: 59.7483pt x 59.75095pt.
File: Results_Discussion/Papers/Papers_secundarios/helix_studio.pdf Graphic fil
e (type pdf)
<use Results_Discussion/Papers/Papers_secundarios/helix_studio.pdf, page 6>
Package pdftex.def Info: Results_Discussion/Papers/Papers_secundarios/helix_stu
dio.pdf , page6 used on input line 12.
(pdftex.def)             Requested size: 713.15889pt x 1008.61005pt.
 [249

 <./Results_Discussion/Papers/Papers_secundarios/helix_studio.pdf> <./FOLDING_P
EPTIDE_PICTURE/folding_190.png>]
<Results_Discussion/Papers/Papers_secundarios/helix_studio.pdf, id=4795, page=7
, 597.50829pt x 845.0471pt>
File: Results_Discussion/Papers/Papers_secundarios/helix_studio.pdf Graphic fil
e (type pdf)
<use Results_Discussion/Papers/Papers_secundarios/helix_studio.pdf, page 7>
Package pdftex.def Info: Results_Discussion/Papers/Papers_secundarios/helix_stu
dio.pdf , page7 used on input line 12.
(pdftex.def)             Requested size: 713.15889pt x 1008.61005pt.
File: Results_Discussion/Papers/Papers_secundarios/helix_studio.pdf Graphic fil
e (type pdf)
<use Results_Discussion/Papers/Papers_secundarios/helix_studio.pdf, page 7>
Package pdftex.def Info: Results_Discussion/Papers/Papers_secundarios/helix_stu
dio.pdf , page7 used on input line 12.
(pdftex.def)             Requested size: 713.15889pt x 1008.61005pt.
<FOLDING_PEPTIDE_PICTURE/folding_191.png, id=4796, 333.6465pt x 333.6465pt>
File: FOLDING_PEPTIDE_PICTURE/folding_191.png Graphic file (type png)
<use FOLDING_PEPTIDE_PICTURE/folding_191.png>
Package pdftex.def Info: FOLDING_PEPTIDE_PICTURE/folding_191.png  used on input
 line 12.
(pdftex.def)             Requested size: 59.7483pt x 59.75095pt.
File: Results_Discussion/Papers/Papers_secundarios/helix_studio.pdf Graphic fil
e (type pdf)
<use Results_Discussion/Papers/Papers_secundarios/helix_studio.pdf, page 7>
Package pdftex.def Info: Results_Discussion/Papers/Papers_secundarios/helix_stu
dio.pdf , page7 used on input line 12.
(pdftex.def)             Requested size: 713.15889pt x 1008.61005pt.
 [250

 <./Results_Discussion/Papers/Papers_secundarios/helix_studio.pdf> <./FOLDING_P
EPTIDE_PICTURE/folding_191.png>]
<Results_Discussion/Papers/Papers_secundarios/helix_studio.pdf, id=4802, page=8
, 597.50829pt x 845.0471pt>
File: Results_Discussion/Papers/Papers_secundarios/helix_studio.pdf Graphic fil
e (type pdf)
<use Results_Discussion/Papers/Papers_secundarios/helix_studio.pdf, page 8>
Package pdftex.def Info: Results_Discussion/Papers/Papers_secundarios/helix_stu
dio.pdf , page8 used on input line 12.
(pdftex.def)             Requested size: 713.15889pt x 1008.61005pt.
File: Results_Discussion/Papers/Papers_secundarios/helix_studio.pdf Graphic fil
e (type pdf)
<use Results_Discussion/Papers/Papers_secundarios/helix_studio.pdf, page 8>
Package pdftex.def Info: Results_Discussion/Papers/Papers_secundarios/helix_stu
dio.pdf , page8 used on input line 12.
(pdftex.def)             Requested size: 713.15889pt x 1008.61005pt.
File: FOLDING_PEPTIDE_PICTURE/folding_191.png Graphic file (type png)
<use FOLDING_PEPTIDE_PICTURE/folding_191.png>
Package pdftex.def Info: FOLDING_PEPTIDE_PICTURE/folding_191.png  used on input
 line 12.
(pdftex.def)             Requested size: 59.7483pt x 59.75095pt.
File: Results_Discussion/Papers/Papers_secundarios/helix_studio.pdf Graphic fil
e (type pdf)
<use Results_Discussion/Papers/Papers_secundarios/helix_studio.pdf, page 8>
Package pdftex.def Info: Results_Discussion/Papers/Papers_secundarios/helix_stu
dio.pdf , page8 used on input line 12.
(pdftex.def)             Requested size: 713.15889pt x 1008.61005pt.
 [251

 <./Results_Discussion/Papers/Papers_secundarios/helix_studio.pdf>]
<Results_Discussion/Papers/Papers_secundarios/helix_studio.pdf, id=4811, page=9
, 597.50829pt x 845.0471pt>
File: Results_Discussion/Papers/Papers_secundarios/helix_studio.pdf Graphic fil
e (type pdf)
<use Results_Discussion/Papers/Papers_secundarios/helix_studio.pdf, page 9>
Package pdftex.def Info: Results_Discussion/Papers/Papers_secundarios/helix_stu
dio.pdf , page9 used on input line 12.
(pdftex.def)             Requested size: 713.15889pt x 1008.61005pt.
File: Results_Discussion/Papers/Papers_secundarios/helix_studio.pdf Graphic fil
e (type pdf)
<use Results_Discussion/Papers/Papers_secundarios/helix_studio.pdf, page 9>
Package pdftex.def Info: Results_Discussion/Papers/Papers_secundarios/helix_stu
dio.pdf , page9 used on input line 12.
(pdftex.def)             Requested size: 713.15889pt x 1008.61005pt.
<FOLDING_PEPTIDE_PICTURE/folding_192.png, id=4812, 333.6465pt x 333.6465pt>
File: FOLDING_PEPTIDE_PICTURE/folding_192.png Graphic file (type png)
<use FOLDING_PEPTIDE_PICTURE/folding_192.png>
Package pdftex.def Info: FOLDING_PEPTIDE_PICTURE/folding_192.png  used on input
 line 12.
(pdftex.def)             Requested size: 59.7483pt x 59.75095pt.
File: Results_Discussion/Papers/Papers_secundarios/helix_studio.pdf Graphic fil
e (type pdf)
<use Results_Discussion/Papers/Papers_secundarios/helix_studio.pdf, page 9>
Package pdftex.def Info: Results_Discussion/Papers/Papers_secundarios/helix_stu
dio.pdf , page9 used on input line 12.
(pdftex.def)             Requested size: 713.15889pt x 1008.61005pt.
 [252

 <./Results_Discussion/Papers/Papers_secundarios/helix_studio.pdf> <./FOLDING_P
EPTIDE_PICTURE/folding_192.png>]
<Results_Discussion/Papers/Papers_secundarios/helix_studio.pdf, id=4818, page=1
0, 597.50829pt x 845.0471pt>
File: Results_Discussion/Papers/Papers_secundarios/helix_studio.pdf Graphic fil
e (type pdf)
<use Results_Discussion/Papers/Papers_secundarios/helix_studio.pdf, page 10>
Package pdftex.def Info: Results_Discussion/Papers/Papers_secundarios/helix_stu
dio.pdf , page10 used on input line 12.
(pdftex.def)             Requested size: 713.15889pt x 1008.61005pt.
File: Results_Discussion/Papers/Papers_secundarios/helix_studio.pdf Graphic fil
e (type pdf)
<use Results_Discussion/Papers/Papers_secundarios/helix_studio.pdf, page 10>
Package pdftex.def Info: Results_Discussion/Papers/Papers_secundarios/helix_stu
dio.pdf , page10 used on input line 12.
(pdftex.def)             Requested size: 713.15889pt x 1008.61005pt.
<FOLDING_PEPTIDE_PICTURE/folding_193.png, id=4819, 333.6465pt x 333.6465pt>
File: FOLDING_PEPTIDE_PICTURE/folding_193.png Graphic file (type png)
<use FOLDING_PEPTIDE_PICTURE/folding_193.png>
Package pdftex.def Info: FOLDING_PEPTIDE_PICTURE/folding_193.png  used on input
 line 12.
(pdftex.def)             Requested size: 59.7483pt x 59.75095pt.
File: Results_Discussion/Papers/Papers_secundarios/helix_studio.pdf Graphic fil
e (type pdf)
<use Results_Discussion/Papers/Papers_secundarios/helix_studio.pdf, page 10>
Package pdftex.def Info: Results_Discussion/Papers/Papers_secundarios/helix_stu
dio.pdf , page10 used on input line 12.
(pdftex.def)             Requested size: 713.15889pt x 1008.61005pt.
 [253

 <./Results_Discussion/Papers/Papers_secundarios/helix_studio.pdf> <./FOLDING_P
EPTIDE_PICTURE/folding_193.png>]
<Results_Discussion/Papers/Papers_secundarios/helix_studio.pdf, id=4826, page=1
1, 597.50829pt x 845.0471pt>
File: Results_Discussion/Papers/Papers_secundarios/helix_studio.pdf Graphic fil
e (type pdf)
<use Results_Discussion/Papers/Papers_secundarios/helix_studio.pdf, page 11>
Package pdftex.def Info: Results_Discussion/Papers/Papers_secundarios/helix_stu
dio.pdf , page11 used on input line 12.
(pdftex.def)             Requested size: 713.15889pt x 1008.61005pt.
File: Results_Discussion/Papers/Papers_secundarios/helix_studio.pdf Graphic fil
e (type pdf)
<use Results_Discussion/Papers/Papers_secundarios/helix_studio.pdf, page 11>
Package pdftex.def Info: Results_Discussion/Papers/Papers_secundarios/helix_stu
dio.pdf , page11 used on input line 12.
(pdftex.def)             Requested size: 713.15889pt x 1008.61005pt.
<FOLDING_PEPTIDE_PICTURE/folding_194.png, id=4827, 333.6465pt x 333.6465pt>
File: FOLDING_PEPTIDE_PICTURE/folding_194.png Graphic file (type png)
<use FOLDING_PEPTIDE_PICTURE/folding_194.png>
Package pdftex.def Info: FOLDING_PEPTIDE_PICTURE/folding_194.png  used on input
 line 12.
(pdftex.def)             Requested size: 59.7483pt x 59.75095pt.
File: Results_Discussion/Papers/Papers_secundarios/helix_studio.pdf Graphic fil
e (type pdf)
<use Results_Discussion/Papers/Papers_secundarios/helix_studio.pdf, page 11>
Package pdftex.def Info: Results_Discussion/Papers/Papers_secundarios/helix_stu
dio.pdf , page11 used on input line 12.
(pdftex.def)             Requested size: 713.15889pt x 1008.61005pt.
 [254

 <./Results_Discussion/Papers/Papers_secundarios/helix_studio.pdf> <./FOLDING_P
EPTIDE_PICTURE/folding_194.png>]
<Results_Discussion/Papers/Papers_secundarios/helix_studio.pdf, id=4836, page=1
2, 597.50829pt x 845.0471pt>
File: Results_Discussion/Papers/Papers_secundarios/helix_studio.pdf Graphic fil
e (type pdf)
<use Results_Discussion/Papers/Papers_secundarios/helix_studio.pdf, page 12>
Package pdftex.def Info: Results_Discussion/Papers/Papers_secundarios/helix_stu
dio.pdf , page12 used on input line 12.
(pdftex.def)             Requested size: 713.15889pt x 1008.61005pt.
File: Results_Discussion/Papers/Papers_secundarios/helix_studio.pdf Graphic fil
e (type pdf)
<use Results_Discussion/Papers/Papers_secundarios/helix_studio.pdf, page 12>
Package pdftex.def Info: Results_Discussion/Papers/Papers_secundarios/helix_stu
dio.pdf , page12 used on input line 12.
(pdftex.def)             Requested size: 713.15889pt x 1008.61005pt.
File: FOLDING_PEPTIDE_PICTURE/folding_194.png Graphic file (type png)
<use FOLDING_PEPTIDE_PICTURE/folding_194.png>
Package pdftex.def Info: FOLDING_PEPTIDE_PICTURE/folding_194.png  used on input
 line 12.
(pdftex.def)             Requested size: 59.7483pt x 59.75095pt.
File: Results_Discussion/Papers/Papers_secundarios/helix_studio.pdf Graphic fil
e (type pdf)
<use Results_Discussion/Papers/Papers_secundarios/helix_studio.pdf, page 12>
Package pdftex.def Info: Results_Discussion/Papers/Papers_secundarios/helix_stu
dio.pdf , page12 used on input line 12.
(pdftex.def)             Requested size: 713.15889pt x 1008.61005pt.
 [255

 <./Results_Discussion/Papers/Papers_secundarios/helix_studio.pdf>]
<Results_Discussion/Papers/Papers_secundarios/helix_studio.pdf, id=4841, page=1
3, 597.50829pt x 845.0471pt>
File: Results_Discussion/Papers/Papers_secundarios/helix_studio.pdf Graphic fil
e (type pdf)
<use Results_Discussion/Papers/Papers_secundarios/helix_studio.pdf, page 13>
Package pdftex.def Info: Results_Discussion/Papers/Papers_secundarios/helix_stu
dio.pdf , page13 used on input line 12.
(pdftex.def)             Requested size: 713.15889pt x 1008.61005pt.
File: Results_Discussion/Papers/Papers_secundarios/helix_studio.pdf Graphic fil
e (type pdf)
<use Results_Discussion/Papers/Papers_secundarios/helix_studio.pdf, page 13>
Package pdftex.def Info: Results_Discussion/Papers/Papers_secundarios/helix_stu
dio.pdf , page13 used on input line 12.
(pdftex.def)             Requested size: 713.15889pt x 1008.61005pt.
<FOLDING_PEPTIDE_PICTURE/folding_195.png, id=4842, 333.6465pt x 333.6465pt>
File: FOLDING_PEPTIDE_PICTURE/folding_195.png Graphic file (type png)
<use FOLDING_PEPTIDE_PICTURE/folding_195.png>
Package pdftex.def Info: FOLDING_PEPTIDE_PICTURE/folding_195.png  used on input
 line 12.
(pdftex.def)             Requested size: 59.7483pt x 59.75095pt.
File: Results_Discussion/Papers/Papers_secundarios/helix_studio.pdf Graphic fil
e (type pdf)
<use Results_Discussion/Papers/Papers_secundarios/helix_studio.pdf, page 13>
Package pdftex.def Info: Results_Discussion/Papers/Papers_secundarios/helix_stu
dio.pdf , page13 used on input line 12.
(pdftex.def)             Requested size: 713.15889pt x 1008.61005pt.
 [256

 <./Results_Discussion/Papers/Papers_secundarios/helix_studio.pdf> <./FOLDING_P
EPTIDE_PICTURE/folding_195.png>]
<Results_Discussion/Papers/Papers_secundarios/helix_studio.pdf, id=4851, page=1
4, 597.50829pt x 845.0471pt>
File: Results_Discussion/Papers/Papers_secundarios/helix_studio.pdf Graphic fil
e (type pdf)
<use Results_Discussion/Papers/Papers_secundarios/helix_studio.pdf, page 14>
Package pdftex.def Info: Results_Discussion/Papers/Papers_secundarios/helix_stu
dio.pdf , page14 used on input line 12.
(pdftex.def)             Requested size: 713.15889pt x 1008.61005pt.
File: Results_Discussion/Papers/Papers_secundarios/helix_studio.pdf Graphic fil
e (type pdf)
<use Results_Discussion/Papers/Papers_secundarios/helix_studio.pdf, page 14>
Package pdftex.def Info: Results_Discussion/Papers/Papers_secundarios/helix_stu
dio.pdf , page14 used on input line 12.
(pdftex.def)             Requested size: 713.15889pt x 1008.61005pt.
<FOLDING_PEPTIDE_PICTURE/folding_196.png, id=4852, 333.6465pt x 333.6465pt>
File: FOLDING_PEPTIDE_PICTURE/folding_196.png Graphic file (type png)
<use FOLDING_PEPTIDE_PICTURE/folding_196.png>
Package pdftex.def Info: FOLDING_PEPTIDE_PICTURE/folding_196.png  used on input
 line 12.
(pdftex.def)             Requested size: 59.7483pt x 59.75095pt.
File: Results_Discussion/Papers/Papers_secundarios/helix_studio.pdf Graphic fil
e (type pdf)
<use Results_Discussion/Papers/Papers_secundarios/helix_studio.pdf, page 14>
Package pdftex.def Info: Results_Discussion/Papers/Papers_secundarios/helix_stu
dio.pdf , page14 used on input line 12.
(pdftex.def)             Requested size: 713.15889pt x 1008.61005pt.

[257

 <./Results_Discussion/Papers/Papers_secundarios/helix_studio.pdf> <./FOLDING_P
EPTIDE_PICTURE/folding_196.png>]
<Results_Discussion/Papers/Papers_secundarios/helix_studio.pdf, id=4861, page=1
5, 597.50829pt x 845.0471pt>
File: Results_Discussion/Papers/Papers_secundarios/helix_studio.pdf Graphic fil
e (type pdf)
<use Results_Discussion/Papers/Papers_secundarios/helix_studio.pdf, page 15>
Package pdftex.def Info: Results_Discussion/Papers/Papers_secundarios/helix_stu
dio.pdf , page15 used on input line 12.
(pdftex.def)             Requested size: 713.15889pt x 1008.61005pt.
File: Results_Discussion/Papers/Papers_secundarios/helix_studio.pdf Graphic fil
e (type pdf)
<use Results_Discussion/Papers/Papers_secundarios/helix_studio.pdf, page 15>
Package pdftex.def Info: Results_Discussion/Papers/Papers_secundarios/helix_stu
dio.pdf , page15 used on input line 12.
(pdftex.def)             Requested size: 713.15889pt x 1008.61005pt.
<FOLDING_PEPTIDE_PICTURE/folding_197.png, id=4862, 333.6465pt x 333.6465pt>
File: FOLDING_PEPTIDE_PICTURE/folding_197.png Graphic file (type png)
<use FOLDING_PEPTIDE_PICTURE/folding_197.png>
Package pdftex.def Info: FOLDING_PEPTIDE_PICTURE/folding_197.png  used on input
 line 12.
(pdftex.def)             Requested size: 59.7483pt x 59.75095pt.
File: Results_Discussion/Papers/Papers_secundarios/helix_studio.pdf Graphic fil
e (type pdf)
<use Results_Discussion/Papers/Papers_secundarios/helix_studio.pdf, page 15>
Package pdftex.def Info: Results_Discussion/Papers/Papers_secundarios/helix_stu
dio.pdf , page15 used on input line 12.
(pdftex.def)             Requested size: 713.15889pt x 1008.61005pt.
 [258

 <./Results_Discussion/Papers/Papers_secundarios/helix_studio.pdf> <./FOLDING_P
EPTIDE_PICTURE/folding_197.png>]
<Results_Discussion/Papers/Papers_secundarios/helix_studio.pdf, id=4868, page=1
6, 597.50829pt x 845.0471pt>
File: Results_Discussion/Papers/Papers_secundarios/helix_studio.pdf Graphic fil
e (type pdf)
<use Results_Discussion/Papers/Papers_secundarios/helix_studio.pdf, page 16>
Package pdftex.def Info: Results_Discussion/Papers/Papers_secundarios/helix_stu
dio.pdf , page16 used on input line 12.
(pdftex.def)             Requested size: 713.15889pt x 1008.61005pt.
File: Results_Discussion/Papers/Papers_secundarios/helix_studio.pdf Graphic fil
e (type pdf)
<use Results_Discussion/Papers/Papers_secundarios/helix_studio.pdf, page 16>
Package pdftex.def Info: Results_Discussion/Papers/Papers_secundarios/helix_stu
dio.pdf , page16 used on input line 12.
(pdftex.def)             Requested size: 713.15889pt x 1008.61005pt.
File: FOLDING_PEPTIDE_PICTURE/folding_197.png Graphic file (type png)
<use FOLDING_PEPTIDE_PICTURE/folding_197.png>
Package pdftex.def Info: FOLDING_PEPTIDE_PICTURE/folding_197.png  used on input
 line 12.
(pdftex.def)             Requested size: 59.7483pt x 59.75095pt.
File: Results_Discussion/Papers/Papers_secundarios/helix_studio.pdf Graphic fil
e (type pdf)
<use Results_Discussion/Papers/Papers_secundarios/helix_studio.pdf, page 16>
Package pdftex.def Info: Results_Discussion/Papers/Papers_secundarios/helix_stu
dio.pdf , page16 used on input line 12.
(pdftex.def)             Requested size: 713.15889pt x 1008.61005pt.

[259

 <./Results_Discussion/Papers/Papers_secundarios/helix_studio.pdf>]
<Results_Discussion/Papers/Papers_secundarios/helix_studio.pdf, id=4877, page=1
7, 597.50829pt x 845.0471pt>
File: Results_Discussion/Papers/Papers_secundarios/helix_studio.pdf Graphic fil
e (type pdf)
<use Results_Discussion/Papers/Papers_secundarios/helix_studio.pdf, page 17>
Package pdftex.def Info: Results_Discussion/Papers/Papers_secundarios/helix_stu
dio.pdf , page17 used on input line 12.
(pdftex.def)             Requested size: 713.15889pt x 1008.61005pt.
File: Results_Discussion/Papers/Papers_secundarios/helix_studio.pdf Graphic fil
e (type pdf)
<use Results_Discussion/Papers/Papers_secundarios/helix_studio.pdf, page 17>
Package pdftex.def Info: Results_Discussion/Papers/Papers_secundarios/helix_stu
dio.pdf , page17 used on input line 12.
(pdftex.def)             Requested size: 713.15889pt x 1008.61005pt.
<FOLDING_PEPTIDE_PICTURE/folding_198.png, id=4878, 333.6465pt x 333.6465pt>
File: FOLDING_PEPTIDE_PICTURE/folding_198.png Graphic file (type png)
<use FOLDING_PEPTIDE_PICTURE/folding_198.png>
Package pdftex.def Info: FOLDING_PEPTIDE_PICTURE/folding_198.png  used on input
 line 12.
(pdftex.def)             Requested size: 59.7483pt x 59.75095pt.
File: Results_Discussion/Papers/Papers_secundarios/helix_studio.pdf Graphic fil
e (type pdf)
<use Results_Discussion/Papers/Papers_secundarios/helix_studio.pdf, page 17>
Package pdftex.def Info: Results_Discussion/Papers/Papers_secundarios/helix_stu
dio.pdf , page17 used on input line 12.
(pdftex.def)             Requested size: 713.15889pt x 1008.61005pt.

[260

 <./Results_Discussion/Papers/Papers_secundarios/helix_studio.pdf> <./FOLDING_P
EPTIDE_PICTURE/folding_198.png>]
<Results_Discussion/Papers/Papers_secundarios/helix_studio.pdf, id=4896, page=1
8, 597.50829pt x 845.0471pt>
File: Results_Discussion/Papers/Papers_secundarios/helix_studio.pdf Graphic fil
e (type pdf)
<use Results_Discussion/Papers/Papers_secundarios/helix_studio.pdf, page 18>
Package pdftex.def Info: Results_Discussion/Papers/Papers_secundarios/helix_stu
dio.pdf , page18 used on input line 12.
(pdftex.def)             Requested size: 713.15889pt x 1008.61005pt.
File: Results_Discussion/Papers/Papers_secundarios/helix_studio.pdf Graphic fil
e (type pdf)
<use Results_Discussion/Papers/Papers_secundarios/helix_studio.pdf, page 18>
Package pdftex.def Info: Results_Discussion/Papers/Papers_secundarios/helix_stu
dio.pdf , page18 used on input line 12.
(pdftex.def)             Requested size: 713.15889pt x 1008.61005pt.
<FOLDING_PEPTIDE_PICTURE/folding_199.png, id=4897, 333.6465pt x 333.6465pt>
File: FOLDING_PEPTIDE_PICTURE/folding_199.png Graphic file (type png)
<use FOLDING_PEPTIDE_PICTURE/folding_199.png>
Package pdftex.def Info: FOLDING_PEPTIDE_PICTURE/folding_199.png  used on input
 line 12.
(pdftex.def)             Requested size: 59.7483pt x 59.75095pt.
File: Results_Discussion/Papers/Papers_secundarios/helix_studio.pdf Graphic fil
e (type pdf)
<use Results_Discussion/Papers/Papers_secundarios/helix_studio.pdf, page 18>
Package pdftex.def Info: Results_Discussion/Papers/Papers_secundarios/helix_stu
dio.pdf , page18 used on input line 12.
(pdftex.def)             Requested size: 713.15889pt x 1008.61005pt.
 [261

 <./Results_Discussion/Papers/Papers_secundarios/helix_studio.pdf> <./FOLDING_P
EPTIDE_PICTURE/folding_199.png>]
<Results_Discussion/Papers/Papers_secundarios/helix_studio.pdf, id=4906, page=1
9, 597.50829pt x 845.0471pt>
File: Results_Discussion/Papers/Papers_secundarios/helix_studio.pdf Graphic fil
e (type pdf)
<use Results_Discussion/Papers/Papers_secundarios/helix_studio.pdf, page 19>
Package pdftex.def Info: Results_Discussion/Papers/Papers_secundarios/helix_stu
dio.pdf , page19 used on input line 12.
(pdftex.def)             Requested size: 713.15889pt x 1008.61005pt.
File: Results_Discussion/Papers/Papers_secundarios/helix_studio.pdf Graphic fil
e (type pdf)
<use Results_Discussion/Papers/Papers_secundarios/helix_studio.pdf, page 19>
Package pdftex.def Info: Results_Discussion/Papers/Papers_secundarios/helix_stu
dio.pdf , page19 used on input line 12.
(pdftex.def)             Requested size: 713.15889pt x 1008.61005pt.
<FOLDING_PEPTIDE_PICTURE/folding_200.png, id=4907, 333.6465pt x 333.6465pt>
File: FOLDING_PEPTIDE_PICTURE/folding_200.png Graphic file (type png)
<use FOLDING_PEPTIDE_PICTURE/folding_200.png>
Package pdftex.def Info: FOLDING_PEPTIDE_PICTURE/folding_200.png  used on input
 line 12.
(pdftex.def)             Requested size: 59.7483pt x 59.75095pt.
File: Results_Discussion/Papers/Papers_secundarios/helix_studio.pdf Graphic fil
e (type pdf)
<use Results_Discussion/Papers/Papers_secundarios/helix_studio.pdf, page 19>
Package pdftex.def Info: Results_Discussion/Papers/Papers_secundarios/helix_stu
dio.pdf , page19 used on input line 12.
(pdftex.def)             Requested size: 713.15889pt x 1008.61005pt.

[262

 <./Results_Discussion/Papers/Papers_secundarios/helix_studio.pdf> <./FOLDING_P
EPTIDE_PICTURE/folding_200.png>]
<Results_Discussion/Papers/Papers_secundarios/helix_studio.pdf, id=4913, page=2
0, 597.50829pt x 845.0471pt>
File: Results_Discussion/Papers/Papers_secundarios/helix_studio.pdf Graphic fil
e (type pdf)
<use Results_Discussion/Papers/Papers_secundarios/helix_studio.pdf, page 20>
Package pdftex.def Info: Results_Discussion/Papers/Papers_secundarios/helix_stu
dio.pdf , page20 used on input line 12.
(pdftex.def)             Requested size: 713.15889pt x 1008.61005pt.
File: Results_Discussion/Papers/Papers_secundarios/helix_studio.pdf Graphic fil
e (type pdf)
<use Results_Discussion/Papers/Papers_secundarios/helix_studio.pdf, page 20>
Package pdftex.def Info: Results_Discussion/Papers/Papers_secundarios/helix_stu
dio.pdf , page20 used on input line 12.
(pdftex.def)             Requested size: 713.15889pt x 1008.61005pt.
File: FOLDING_PEPTIDE_PICTURE/folding_200.png Graphic file (type png)
<use FOLDING_PEPTIDE_PICTURE/folding_200.png>
Package pdftex.def Info: FOLDING_PEPTIDE_PICTURE/folding_200.png  used on input
 line 12.
(pdftex.def)             Requested size: 59.7483pt x 59.75095pt.
File: Results_Discussion/Papers/Papers_secundarios/helix_studio.pdf Graphic fil
e (type pdf)
<use Results_Discussion/Papers/Papers_secundarios/helix_studio.pdf, page 20>
Package pdftex.def Info: Results_Discussion/Papers/Papers_secundarios/helix_stu
dio.pdf , page20 used on input line 12.
(pdftex.def)             Requested size: 713.15889pt x 1008.61005pt.
 [263

 <./Results_Discussion/Papers/Papers_secundarios/helix_studio.pdf>]
<Results_Discussion/Papers/Papers_secundarios/helix_studio.pdf, id=4921, page=2
1, 597.50829pt x 845.0471pt>
File: Results_Discussion/Papers/Papers_secundarios/helix_studio.pdf Graphic fil
e (type pdf)
<use Results_Discussion/Papers/Papers_secundarios/helix_studio.pdf, page 21>
Package pdftex.def Info: Results_Discussion/Papers/Papers_secundarios/helix_stu
dio.pdf , page21 used on input line 12.
(pdftex.def)             Requested size: 713.15889pt x 1008.61005pt.
File: Results_Discussion/Papers/Papers_secundarios/helix_studio.pdf Graphic fil
e (type pdf)
<use Results_Discussion/Papers/Papers_secundarios/helix_studio.pdf, page 21>
Package pdftex.def Info: Results_Discussion/Papers/Papers_secundarios/helix_stu
dio.pdf , page21 used on input line 12.
(pdftex.def)             Requested size: 713.15889pt x 1008.61005pt.
<FOLDING_PEPTIDE_PICTURE/folding_201.png, id=4922, 333.6465pt x 333.6465pt>
File: FOLDING_PEPTIDE_PICTURE/folding_201.png Graphic file (type png)
<use FOLDING_PEPTIDE_PICTURE/folding_201.png>
Package pdftex.def Info: FOLDING_PEPTIDE_PICTURE/folding_201.png  used on input
 line 12.
(pdftex.def)             Requested size: 59.7483pt x 59.75095pt.
File: Results_Discussion/Papers/Papers_secundarios/helix_studio.pdf Graphic fil
e (type pdf)
<use Results_Discussion/Papers/Papers_secundarios/helix_studio.pdf, page 21>
Package pdftex.def Info: Results_Discussion/Papers/Papers_secundarios/helix_stu
dio.pdf , page21 used on input line 12.
(pdftex.def)             Requested size: 713.15889pt x 1008.61005pt.
 [264

 <./Results_Discussion/Papers/Papers_secundarios/helix_studio.pdf> <./FOLDING_P
EPTIDE_PICTURE/folding_201.png>]
<Results_Discussion/Papers/Papers_secundarios/helix_studio.pdf, id=4941, page=2
2, 597.50829pt x 845.0471pt>
File: Results_Discussion/Papers/Papers_secundarios/helix_studio.pdf Graphic fil
e (type pdf)
<use Results_Discussion/Papers/Papers_secundarios/helix_studio.pdf, page 22>
Package pdftex.def Info: Results_Discussion/Papers/Papers_secundarios/helix_stu
dio.pdf , page22 used on input line 12.
(pdftex.def)             Requested size: 713.15889pt x 1008.61005pt.
File: Results_Discussion/Papers/Papers_secundarios/helix_studio.pdf Graphic fil
e (type pdf)
<use Results_Discussion/Papers/Papers_secundarios/helix_studio.pdf, page 22>
Package pdftex.def Info: Results_Discussion/Papers/Papers_secundarios/helix_stu
dio.pdf , page22 used on input line 12.
(pdftex.def)             Requested size: 713.15889pt x 1008.61005pt.
<FOLDING_PEPTIDE_PICTURE/folding_202.png, id=4942, 333.6465pt x 333.6465pt>
File: FOLDING_PEPTIDE_PICTURE/folding_202.png Graphic file (type png)
<use FOLDING_PEPTIDE_PICTURE/folding_202.png>
Package pdftex.def Info: FOLDING_PEPTIDE_PICTURE/folding_202.png  used on input
 line 12.
(pdftex.def)             Requested size: 59.7483pt x 59.75095pt.
File: Results_Discussion/Papers/Papers_secundarios/helix_studio.pdf Graphic fil
e (type pdf)
<use Results_Discussion/Papers/Papers_secundarios/helix_studio.pdf, page 22>
Package pdftex.def Info: Results_Discussion/Papers/Papers_secundarios/helix_stu
dio.pdf , page22 used on input line 12.
(pdftex.def)             Requested size: 713.15889pt x 1008.61005pt.
 [265

 <./Results_Discussion/Papers/Papers_secundarios/helix_studio.pdf> <./FOLDING_P
EPTIDE_PICTURE/folding_202.png>]
<Results_Discussion/Papers/Papers_secundarios/helix_studio.pdf, id=4949, page=2
3, 597.50829pt x 845.0471pt>
File: Results_Discussion/Papers/Papers_secundarios/helix_studio.pdf Graphic fil
e (type pdf)
<use Results_Discussion/Papers/Papers_secundarios/helix_studio.pdf, page 23>
Package pdftex.def Info: Results_Discussion/Papers/Papers_secundarios/helix_stu
dio.pdf , page23 used on input line 12.
(pdftex.def)             Requested size: 713.15889pt x 1008.61005pt.
File: Results_Discussion/Papers/Papers_secundarios/helix_studio.pdf Graphic fil
e (type pdf)
<use Results_Discussion/Papers/Papers_secundarios/helix_studio.pdf, page 23>
Package pdftex.def Info: Results_Discussion/Papers/Papers_secundarios/helix_stu
dio.pdf , page23 used on input line 12.
(pdftex.def)             Requested size: 713.15889pt x 1008.61005pt.
<FOLDING_PEPTIDE_PICTURE/folding_203.png, id=4950, 333.6465pt x 333.6465pt>
File: FOLDING_PEPTIDE_PICTURE/folding_203.png Graphic file (type png)
<use FOLDING_PEPTIDE_PICTURE/folding_203.png>
Package pdftex.def Info: FOLDING_PEPTIDE_PICTURE/folding_203.png  used on input
 line 12.
(pdftex.def)             Requested size: 59.7483pt x 59.75095pt.
File: Results_Discussion/Papers/Papers_secundarios/helix_studio.pdf Graphic fil
e (type pdf)
<use Results_Discussion/Papers/Papers_secundarios/helix_studio.pdf, page 23>
Package pdftex.def Info: Results_Discussion/Papers/Papers_secundarios/helix_stu
dio.pdf , page23 used on input line 12.
(pdftex.def)             Requested size: 713.15889pt x 1008.61005pt.
 [266

 <./Results_Discussion/Papers/Papers_secundarios/helix_studio.pdf> <./FOLDING_P
EPTIDE_PICTURE/folding_203.png>]
<Results_Discussion/Papers/Papers_secundarios/helix_studio.pdf, id=4956, page=2
4, 597.50829pt x 845.0471pt>
File: Results_Discussion/Papers/Papers_secundarios/helix_studio.pdf Graphic fil
e (type pdf)
<use Results_Discussion/Papers/Papers_secundarios/helix_studio.pdf, page 24>
Package pdftex.def Info: Results_Discussion/Papers/Papers_secundarios/helix_stu
dio.pdf , page24 used on input line 12.
(pdftex.def)             Requested size: 713.15889pt x 1008.61005pt.
File: Results_Discussion/Papers/Papers_secundarios/helix_studio.pdf Graphic fil
e (type pdf)
<use Results_Discussion/Papers/Papers_secundarios/helix_studio.pdf, page 24>
Package pdftex.def Info: Results_Discussion/Papers/Papers_secundarios/helix_stu
dio.pdf , page24 used on input line 12.
(pdftex.def)             Requested size: 713.15889pt x 1008.61005pt.
File: FOLDING_PEPTIDE_PICTURE/folding_203.png Graphic file (type png)
<use FOLDING_PEPTIDE_PICTURE/folding_203.png>
Package pdftex.def Info: FOLDING_PEPTIDE_PICTURE/folding_203.png  used on input
 line 12.
(pdftex.def)             Requested size: 59.7483pt x 59.75095pt.
File: Results_Discussion/Papers/Papers_secundarios/helix_studio.pdf Graphic fil
e (type pdf)
<use Results_Discussion/Papers/Papers_secundarios/helix_studio.pdf, page 24>
Package pdftex.def Info: Results_Discussion/Papers/Papers_secundarios/helix_stu
dio.pdf , page24 used on input line 12.
(pdftex.def)             Requested size: 713.15889pt x 1008.61005pt.
 [267

 <./Results_Discussion/Papers/Papers_secundarios/helix_studio.pdf>]
<Results_Discussion/Papers/Papers_secundarios/helix_studio.pdf, id=4961, page=2
5, 597.50829pt x 845.0471pt>
File: Results_Discussion/Papers/Papers_secundarios/helix_studio.pdf Graphic fil
e (type pdf)
<use Results_Discussion/Papers/Papers_secundarios/helix_studio.pdf, page 25>
Package pdftex.def Info: Results_Discussion/Papers/Papers_secundarios/helix_stu
dio.pdf , page25 used on input line 12.
(pdftex.def)             Requested size: 713.15889pt x 1008.61005pt.
File: Results_Discussion/Papers/Papers_secundarios/helix_studio.pdf Graphic fil
e (type pdf)
<use Results_Discussion/Papers/Papers_secundarios/helix_studio.pdf, page 25>
Package pdftex.def Info: Results_Discussion/Papers/Papers_secundarios/helix_stu
dio.pdf , page25 used on input line 12.
(pdftex.def)             Requested size: 713.15889pt x 1008.61005pt.
<FOLDING_PEPTIDE_PICTURE/folding_204.png, id=4962, 333.6465pt x 333.6465pt>
File: FOLDING_PEPTIDE_PICTURE/folding_204.png Graphic file (type png)
<use FOLDING_PEPTIDE_PICTURE/folding_204.png>
Package pdftex.def Info: FOLDING_PEPTIDE_PICTURE/folding_204.png  used on input
 line 12.
(pdftex.def)             Requested size: 59.7483pt x 59.75095pt.
File: Results_Discussion/Papers/Papers_secundarios/helix_studio.pdf Graphic fil
e (type pdf)
<use Results_Discussion/Papers/Papers_secundarios/helix_studio.pdf, page 25>
Package pdftex.def Info: Results_Discussion/Papers/Papers_secundarios/helix_stu
dio.pdf , page25 used on input line 12.
(pdftex.def)             Requested size: 713.15889pt x 1008.61005pt.
 [268

 <./Results_Discussion/Papers/Papers_secundarios/helix_studio.pdf> <./FOLDING_P
EPTIDE_PICTURE/folding_204.png>])
\openout2 = `General_Sections/GeneralDiscussion.aux'.

 (./General_Sections/GeneralDiscussion.tex
Chapter 6.
[269




]
<FOLDING_PEPTIDE_PICTURE/folding_206.png, id=4974, 333.6465pt x 333.6465pt>
File: FOLDING_PEPTIDE_PICTURE/folding_206.png Graphic file (type png)
<use FOLDING_PEPTIDE_PICTURE/folding_206.png>
Package pdftex.def Info: FOLDING_PEPTIDE_PICTURE/folding_206.png  used on input
 line 16.
(pdftex.def)             Requested size: 59.7483pt x 59.75095pt.
 [270 <./FOLDING_PEPTIDE_PICTURE/folding_206.png>]
<FOLDING_PEPTIDE_PICTURE/folding_207.png, id=4983, 333.6465pt x 333.6465pt>
File: FOLDING_PEPTIDE_PICTURE/folding_207.png Graphic file (type png)
<use FOLDING_PEPTIDE_PICTURE/folding_207.png>
Package pdftex.def Info: FOLDING_PEPTIDE_PICTURE/folding_207.png  used on input
 line 30.
(pdftex.def)             Requested size: 59.7483pt x 59.75095pt.
 [271 <./FOLDING_PEPTIDE_PICTURE/folding_207.png>]
File: FOLDING_PEPTIDE_PICTURE/folding_207.png Graphic file (type png)
<use FOLDING_PEPTIDE_PICTURE/folding_207.png>
Package pdftex.def Info: FOLDING_PEPTIDE_PICTURE/folding_207.png  used on input
 line 40.
(pdftex.def)             Requested size: 59.7483pt x 59.75095pt.
 [272]
Underfull \vbox (badness 10000) has occurred while \output is active []

<FOLDING_PEPTIDE_PICTURE/folding_208.png, id=5001, 333.6465pt x 333.6465pt>
File: FOLDING_PEPTIDE_PICTURE/folding_208.png Graphic file (type png)
<use FOLDING_PEPTIDE_PICTURE/folding_208.png>
Package pdftex.def Info: FOLDING_PEPTIDE_PICTURE/folding_208.png  used on input
 line 53.
(pdftex.def)             Requested size: 59.7483pt x 59.75095pt.
 [273 <./FOLDING_PEPTIDE_PICTURE/folding_208.png>]
<FOLDING_PEPTIDE_PICTURE/folding_209.png, id=5011, 333.6465pt x 333.6465pt>
File: FOLDING_PEPTIDE_PICTURE/folding_209.png Graphic file (type png)
<use FOLDING_PEPTIDE_PICTURE/folding_209.png>
Package pdftex.def Info: FOLDING_PEPTIDE_PICTURE/folding_209.png  used on input
 line 62.
(pdftex.def)             Requested size: 59.7483pt x 59.75095pt.
 [274 <./FOLDING_PEPTIDE_PICTURE/folding_209.png>]
<FOLDING_PEPTIDE_PICTURE/folding_210.png, id=5022, 333.6465pt x 333.6465pt>
File: FOLDING_PEPTIDE_PICTURE/folding_210.png Graphic file (type png)
<use FOLDING_PEPTIDE_PICTURE/folding_210.png>
Package pdftex.def Info: FOLDING_PEPTIDE_PICTURE/folding_210.png  used on input
 line 77.
(pdftex.def)             Requested size: 59.7483pt x 59.75095pt.
 [275 <./FOLDING_PEPTIDE_PICTURE/folding_210.png>]
File: FOLDING_PEPTIDE_PICTURE/folding_210.png Graphic file (type png)
<use FOLDING_PEPTIDE_PICTURE/folding_210.png>
Package pdftex.def Info: FOLDING_PEPTIDE_PICTURE/folding_210.png  used on input
 line 96.
(pdftex.def)             Requested size: 59.7483pt x 59.75095pt.
 [276]
<FOLDING_PEPTIDE_PICTURE/folding_211.png, id=5038, 333.6465pt x 333.6465pt>
File: FOLDING_PEPTIDE_PICTURE/folding_211.png Graphic file (type png)
<use FOLDING_PEPTIDE_PICTURE/folding_211.png>
Package pdftex.def Info: FOLDING_PEPTIDE_PICTURE/folding_211.png  used on input
 line 110.
(pdftex.def)             Requested size: 59.7483pt x 59.75095pt.
 [277 <./FOLDING_PEPTIDE_PICTURE/folding_211.png>]
<FOLDING_PEPTIDE_PICTURE/folding_212.png, id=5045, 333.6465pt x 333.6465pt>
File: FOLDING_PEPTIDE_PICTURE/folding_212.png Graphic file (type png)
<use FOLDING_PEPTIDE_PICTURE/folding_212.png>
Package pdftex.def Info: FOLDING_PEPTIDE_PICTURE/folding_212.png  used on input
 line 122.
(pdftex.def)             Requested size: 59.7483pt x 59.75095pt.
 [278 <./FOLDING_PEPTIDE_PICTURE/folding_212.png>])
<FOLDING_PEPTIDE_PICTURE/folding_213.png, id=5051, 333.6465pt x 333.6465pt>
File: FOLDING_PEPTIDE_PICTURE/folding_213.png Graphic file (type png)
<use FOLDING_PEPTIDE_PICTURE/folding_213.png>
Package pdftex.def Info: FOLDING_PEPTIDE_PICTURE/folding_213.png  used on input
 line 415.
(pdftex.def)             Requested size: 59.7483pt x 59.75095pt.
 [279 <./FOLDING_PEPTIDE_PICTURE/folding_213.png>]
\openout2 = `General_Sections/Conclusions.aux'.


(./General_Sections/Conclusions.tex
Chapter 7.
[280




]
<FOLDING_PEPTIDE_PICTURE/folding_214.png, id=5066, 333.6465pt x 333.6465pt>
File: FOLDING_PEPTIDE_PICTURE/folding_214.png Graphic file (type png)
<use FOLDING_PEPTIDE_PICTURE/folding_214.png>
Package pdftex.def Info: FOLDING_PEPTIDE_PICTURE/folding_214.png  used on input
 line 13.
(pdftex.def)             Requested size: 59.7483pt x 59.75095pt.
 [281 <./FOLDING_PEPTIDE_PICTURE/folding_214.png>]
<FOLDING_PEPTIDE_PICTURE/folding_215.png, id=5079, 333.6465pt x 333.6465pt>
File: FOLDING_PEPTIDE_PICTURE/folding_215.png Graphic file (type png)
<use FOLDING_PEPTIDE_PICTURE/folding_215.png>
Package pdftex.def Info: FOLDING_PEPTIDE_PICTURE/folding_215.png  used on input
 line 21.
(pdftex.def)             Requested size: 59.7483pt x 59.75095pt.
 [282 <./FOLDING_PEPTIDE_PICTURE/folding_215.png>])
<FOLDING_PEPTIDE_PICTURE/folding_216.png, id=5086, 333.6465pt x 333.6465pt>
File: FOLDING_PEPTIDE_PICTURE/folding_216.png Graphic file (type png)
<use FOLDING_PEPTIDE_PICTURE/folding_216.png>
Package pdftex.def Info: FOLDING_PEPTIDE_PICTURE/folding_216.png  used on input
 line 418.
(pdftex.def)             Requested size: 59.7483pt x 59.75095pt.
 [283 <./FOLDING_PEPTIDE_PICTURE/folding_216.png>]
Chapter 8.
[284



]
<FOLDING_PEPTIDE_PICTURE/folding_217.png, id=5110, 333.6465pt x 333.6465pt>
File: FOLDING_PEPTIDE_PICTURE/folding_217.png Graphic file (type png)
<use FOLDING_PEPTIDE_PICTURE/folding_217.png>
Package pdftex.def Info: FOLDING_PEPTIDE_PICTURE/folding_217.png  used on input
 line 425.
(pdftex.def)             Requested size: 59.7483pt x 59.75095pt.
 [285 <./FOLDING_PEPTIDE_PICTURE/folding_217.png>]
<FOLDING_PEPTIDE_PICTURE/folding_218.png, id=5133, 333.6465pt x 333.6465pt>
File: FOLDING_PEPTIDE_PICTURE/folding_218.png Graphic file (type png)
<use FOLDING_PEPTIDE_PICTURE/folding_218.png>
Package pdftex.def Info: FOLDING_PEPTIDE_PICTURE/folding_218.png  used on input
 line 425.
(pdftex.def)             Requested size: 59.7483pt x 59.75095pt.
 [286 <./FOLDING_PEPTIDE_PICTURE/folding_218.png>]
<FOLDING_PEPTIDE_PICTURE/folding_219.png, id=5158, 333.6465pt x 333.6465pt>
File: FOLDING_PEPTIDE_PICTURE/folding_219.png Graphic file (type png)
<use FOLDING_PEPTIDE_PICTURE/folding_219.png>
Package pdftex.def Info: FOLDING_PEPTIDE_PICTURE/folding_219.png  used on input
 line 425.
(pdftex.def)             Requested size: 59.7483pt x 59.75095pt.
 [287 <./FOLDING_PEPTIDE_PICTURE/folding_219.png>]
File: FOLDING_PEPTIDE_PICTURE/folding_219.png Graphic file (type png)
<use FOLDING_PEPTIDE_PICTURE/folding_219.png>
Package pdftex.def Info: FOLDING_PEPTIDE_PICTURE/folding_219.png  used on input
 line 425.
(pdftex.def)             Requested size: 59.7483pt x 59.75095pt.

[288]
<FOLDING_PEPTIDE_PICTURE/folding_220.png, id=5202, 333.6465pt x 333.6465pt>
File: FOLDING_PEPTIDE_PICTURE/folding_220.png Graphic file (type png)
<use FOLDING_PEPTIDE_PICTURE/folding_220.png>
Package pdftex.def Info: FOLDING_PEPTIDE_PICTURE/folding_220.png  used on input
 line 425.
(pdftex.def)             Requested size: 59.7483pt x 59.75095pt.
 [289 <./FOLDING_PEPTIDE_PICTURE/folding_220.png>]
<FOLDING_PEPTIDE_PICTURE/folding_221.png, id=5229, 333.6465pt x 333.6465pt>
File: FOLDING_PEPTIDE_PICTURE/folding_221.png Graphic file (type png)
<use FOLDING_PEPTIDE_PICTURE/folding_221.png>
Package pdftex.def Info: FOLDING_PEPTIDE_PICTURE/folding_221.png  used on input
 line 425.
(pdftex.def)             Requested size: 59.7483pt x 59.75095pt.
 [290 <./FOLDING_PEPTIDE_PICTURE/folding_221.png>]
<FOLDING_PEPTIDE_PICTURE/folding_222.png, id=5249, 333.6465pt x 333.6465pt>
File: FOLDING_PEPTIDE_PICTURE/folding_222.png Graphic file (type png)
<use FOLDING_PEPTIDE_PICTURE/folding_222.png>
Package pdftex.def Info: FOLDING_PEPTIDE_PICTURE/folding_222.png  used on input
 line 425.
(pdftex.def)             Requested size: 59.7483pt x 59.75095pt.
 [291 <./FOLDING_PEPTIDE_PICTURE/folding_222.png>]
File: FOLDING_PEPTIDE_PICTURE/folding_222.png Graphic file (type png)
<use FOLDING_PEPTIDE_PICTURE/folding_222.png>
Package pdftex.def Info: FOLDING_PEPTIDE_PICTURE/folding_222.png  used on input
 line 425.
(pdftex.def)             Requested size: 59.7483pt x 59.75095pt.

[292]
<FOLDING_PEPTIDE_PICTURE/folding_223.png, id=5287, 333.6465pt x 333.6465pt>
File: FOLDING_PEPTIDE_PICTURE/folding_223.png Graphic file (type png)
<use FOLDING_PEPTIDE_PICTURE/folding_223.png>
Package pdftex.def Info: FOLDING_PEPTIDE_PICTURE/folding_223.png  used on input
 line 425.
(pdftex.def)             Requested size: 59.7483pt x 59.75095pt.
 [293 <./FOLDING_PEPTIDE_PICTURE/folding_223.png>]
<FOLDING_PEPTIDE_PICTURE/folding_224.png, id=5306, 333.6465pt x 333.6465pt>
File: FOLDING_PEPTIDE_PICTURE/folding_224.png Graphic file (type png)
<use FOLDING_PEPTIDE_PICTURE/folding_224.png>
Package pdftex.def Info: FOLDING_PEPTIDE_PICTURE/folding_224.png  used on input
 line 425.
(pdftex.def)             Requested size: 59.7483pt x 59.75095pt.
 [294 <./FOLDING_PEPTIDE_PICTURE/folding_224.png>]
<FOLDING_PEPTIDE_PICTURE/folding_225.png, id=5325, 333.6465pt x 333.6465pt>
File: FOLDING_PEPTIDE_PICTURE/folding_225.png Graphic file (type png)
<use FOLDING_PEPTIDE_PICTURE/folding_225.png>
Package pdftex.def Info: FOLDING_PEPTIDE_PICTURE/folding_225.png  used on input
 line 425.
(pdftex.def)             Requested size: 59.7483pt x 59.75095pt.
 [295 <./FOLDING_PEPTIDE_PICTURE/folding_225.png>]
<FOLDING_PEPTIDE_PICTURE/folding_226.png, id=5346, 333.6465pt x 333.6465pt>
File: FOLDING_PEPTIDE_PICTURE/folding_226.png Graphic file (type png)
<use FOLDING_PEPTIDE_PICTURE/folding_226.png>
Package pdftex.def Info: FOLDING_PEPTIDE_PICTURE/folding_226.png  used on input
 line 425.
(pdftex.def)             Requested size: 59.7483pt x 59.75095pt.

[296 <./FOLDING_PEPTIDE_PICTURE/folding_226.png>]
File: FOLDING_PEPTIDE_PICTURE/folding_226.png Graphic file (type png)
<use FOLDING_PEPTIDE_PICTURE/folding_226.png>
Package pdftex.def Info: FOLDING_PEPTIDE_PICTURE/folding_226.png  used on input
 line 425.
(pdftex.def)             Requested size: 59.7483pt x 59.75095pt.
 [297]
<FOLDING_PEPTIDE_PICTURE/folding_227.png, id=5387, 333.6465pt x 333.6465pt>
File: FOLDING_PEPTIDE_PICTURE/folding_227.png Graphic file (type png)
<use FOLDING_PEPTIDE_PICTURE/folding_227.png>
Package pdftex.def Info: FOLDING_PEPTIDE_PICTURE/folding_227.png  used on input
 line 425.
(pdftex.def)             Requested size: 59.7483pt x 59.75095pt.
 [298 <./FOLDING_PEPTIDE_PICTURE/folding_227.png>]
Overfull \hbox (8.19098pt too wide) in paragraph at lines 425--425
[]\T1/ptm/m/n/12 (-20) Calvelo, M.; Granja, J. R.; Garcia-Fandino, R. Com-pet-i
-tive double-switched self-assembled
 []

<FOLDING_PEPTIDE_PICTURE/folding_228.png, id=5410, 333.6465pt x 333.6465pt>
File: FOLDING_PEPTIDE_PICTURE/folding_228.png Graphic file (type png)
<use FOLDING_PEPTIDE_PICTURE/folding_228.png>
Package pdftex.def Info: FOLDING_PEPTIDE_PICTURE/folding_228.png  used on input
 line 425.
(pdftex.def)             Requested size: 59.7483pt x 59.75095pt.
[299 <./FOLDING_PEPTIDE_PICTURE/folding_228.png>]
<FOLDING_PEPTIDE_PICTURE/folding_229.png, id=5431, 333.6465pt x 333.6465pt>
File: FOLDING_PEPTIDE_PICTURE/folding_229.png Graphic file (type png)
<use FOLDING_PEPTIDE_PICTURE/folding_229.png>
Package pdftex.def Info: FOLDING_PEPTIDE_PICTURE/folding_229.png  used on input
 line 425.
(pdftex.def)             Requested size: 59.7483pt x 59.75095pt.
 [300 <./FOLDING_PEPTIDE_PICTURE/folding_229.png>]
File: FOLDING_PEPTIDE_PICTURE/folding_229.png Graphic file (type png)
<use FOLDING_PEPTIDE_PICTURE/folding_229.png>
Package pdftex.def Info: FOLDING_PEPTIDE_PICTURE/folding_229.png  used on input
 line 425.
(pdftex.def)             Requested size: 59.7483pt x 59.75095pt.
 [301]
<FOLDING_PEPTIDE_PICTURE/folding_230.png, id=5472, 333.6465pt x 333.6465pt>
File: FOLDING_PEPTIDE_PICTURE/folding_230.png Graphic file (type png)
<use FOLDING_PEPTIDE_PICTURE/folding_230.png>
Package pdftex.def Info: FOLDING_PEPTIDE_PICTURE/folding_230.png  used on input
 line 425.
(pdftex.def)             Requested size: 59.7483pt x 59.75095pt.
 [302 <./FOLDING_PEPTIDE_PICTURE/folding_230.png>]
<FOLDING_PEPTIDE_PICTURE/folding_231.png, id=5492, 333.6465pt x 333.6465pt>
File: FOLDING_PEPTIDE_PICTURE/folding_231.png Graphic file (type png)
<use FOLDING_PEPTIDE_PICTURE/folding_231.png>
Package pdftex.def Info: FOLDING_PEPTIDE_PICTURE/folding_231.png  used on input
 line 425.
(pdftex.def)             Requested size: 59.7483pt x 59.75095pt.

[303 <./FOLDING_PEPTIDE_PICTURE/folding_231.png>]
<FOLDING_PEPTIDE_PICTURE/folding_232.png, id=5514, 333.6465pt x 333.6465pt>
File: FOLDING_PEPTIDE_PICTURE/folding_232.png Graphic file (type png)
<use FOLDING_PEPTIDE_PICTURE/folding_232.png>
Package pdftex.def Info: FOLDING_PEPTIDE_PICTURE/folding_232.png  used on input
 line 425.
(pdftex.def)             Requested size: 59.7483pt x 59.75095pt.
 [304 <./FOLDING_PEPTIDE_PICTURE/folding_232.png>]
File: FOLDING_PEPTIDE_PICTURE/folding_232.png Graphic file (type png)
<use FOLDING_PEPTIDE_PICTURE/folding_232.png>
Package pdftex.def Info: FOLDING_PEPTIDE_PICTURE/folding_232.png  used on input
 line 425.
(pdftex.def)             Requested size: 59.7483pt x 59.75095pt.
 [305]
<FOLDING_PEPTIDE_PICTURE/folding_233.png, id=5549, 333.6465pt x 333.6465pt>
File: FOLDING_PEPTIDE_PICTURE/folding_233.png Graphic file (type png)
<use FOLDING_PEPTIDE_PICTURE/folding_233.png>
Package pdftex.def Info: FOLDING_PEPTIDE_PICTURE/folding_233.png  used on input
 line 425.
(pdftex.def)             Requested size: 59.7483pt x 59.75095pt.
 [306 <./FOLDING_PEPTIDE_PICTURE/folding_233.png>]
<FOLDING_PEPTIDE_PICTURE/folding_234.png, id=5573, 333.6465pt x 333.6465pt>
File: FOLDING_PEPTIDE_PICTURE/folding_234.png Graphic file (type png)
<use FOLDING_PEPTIDE_PICTURE/folding_234.png>
Package pdftex.def Info: FOLDING_PEPTIDE_PICTURE/folding_234.png  used on input
 line 425.
(pdftex.def)             Requested size: 59.7483pt x 59.75095pt.

[307 <./FOLDING_PEPTIDE_PICTURE/folding_234.png>]
<FOLDING_PEPTIDE_PICTURE/folding_235.png, id=5594, 333.6465pt x 333.6465pt>
File: FOLDING_PEPTIDE_PICTURE/folding_235.png Graphic file (type png)
<use FOLDING_PEPTIDE_PICTURE/folding_235.png>
Package pdftex.def Info: FOLDING_PEPTIDE_PICTURE/folding_235.png  used on input
 line 425.
(pdftex.def)             Requested size: 59.7483pt x 59.75095pt.
 [308 <./FOLDING_PEPTIDE_PICTURE/folding_235.png>]
File: FOLDING_PEPTIDE_PICTURE/folding_235.png Graphic file (type png)
<use FOLDING_PEPTIDE_PICTURE/folding_235.png>
Package pdftex.def Info: FOLDING_PEPTIDE_PICTURE/folding_235.png  used on input
 line 428.
(pdftex.def)             Requested size: 59.7483pt x 59.75095pt.
 [309]
\openout2 = `Appendix/Appendix.aux'.

 (./Appendix/Appendix.tex
Chapter 9.
[310


]
File: Logo_USC/logo_usc.png Graphic file (type png)
<use Logo_USC/logo_usc.png>
Package pdftex.def Info: Logo_USC/logo_usc.png  used on input line 24.
(pdftex.def)             Requested size: 128.0374pt x 112.52606pt.
 [311]
<Appendix/Figures/paper_Paula_derechos.png, id=5623, 1096.095pt x 536.0025pt>
File: Appendix/Figures/paper_Paula_derechos.png Graphic file (type png)
<use Appendix/Figures/paper_Paula_derechos.png>
Package pdftex.def Info: Appendix/Figures/paper_Paula_derechos.png  used on inp
ut line 77.
(pdftex.def)             Requested size: 364.19667pt x 178.09999pt.
<FOLDING_PEPTIDE_PICTURE/folding_238.png, id=5626, 333.6465pt x 333.6465pt>
File: FOLDING_PEPTIDE_PICTURE/folding_238.png Graphic file (type png)
<use FOLDING_PEPTIDE_PICTURE/folding_238.png>
Package pdftex.def Info: FOLDING_PEPTIDE_PICTURE/folding_238.png  used on input
 line 84.
(pdftex.def)             Requested size: 59.7483pt x 59.75095pt.
 [312 <./Appendix/Figures/paper_Paula_derechos.png> <./FOLDING_PEPTIDE_PICTURE/
folding_238.png>]
<Appendix/Figures/paper_review_2.png, id=5634, 490.83376pt x 527.9725pt>
File: Appendix/Figures/paper_review_2.png Graphic file (type png)
<use Appendix/Figures/paper_review_2.png>
Package pdftex.def Info: Appendix/Figures/paper_review_2.png  used on input lin
e 107.
(pdftex.def)             Requested size: 455.24411pt x 489.70424pt.
<Appendix/Figures/paper_metadinamica.png, id=5637, 1109.14375pt x 541.02126pt>
File: Appendix/Figures/paper_metadinamica.png Graphic file (type png)
<use Appendix/Figures/paper_metadinamica.png>
Package pdftex.def Info: Appendix/Figures/paper_metadinamica.png  used on input
 line 114.
(pdftex.def)             Requested size: 364.19667pt x 177.64598pt.


LaTeX Warning: `!h' float specifier changed to `!ht'.

<Appendix/Figures/paper_Quantum_computers.png, id=5640, 1123.19624pt x 551.0587
5pt>
File: Appendix/Figures/paper_Quantum_computers.png Graphic file (type png)
<use Appendix/Figures/paper_Quantum_computers.png>
Package pdftex.def Info: Appendix/Figures/paper_Quantum_computers.png  used on 
input line 121.
(pdftex.def)             Requested size: 455.24411pt x 223.34573pt.

LaTeX Warning: `!h' float specifier changed to `!ht'.

)
File: FOLDING_PEPTIDE_PICTURE/folding_238.png Graphic file (type png)
<use FOLDING_PEPTIDE_PICTURE/folding_238.png>
Package pdftex.def Info: FOLDING_PEPTIDE_PICTURE/folding_238.png  used on input
 line 428.
(pdftex.def)             Requested size: 59.7483pt x 59.75095pt.
 [313 <./Appendix/Figures/paper_review_2.png>]
<FOLDING_PEPTIDE_PICTURE/folding_239.png, id=5651, 333.6465pt x 333.6465pt>
File: FOLDING_PEPTIDE_PICTURE/folding_239.png Graphic file (type png)
<use FOLDING_PEPTIDE_PICTURE/folding_239.png>
Package pdftex.def Info: FOLDING_PEPTIDE_PICTURE/folding_239.png  used on input
 line 428.
(pdftex.def)             Requested size: 59.7483pt x 59.75095pt.
 [314 <./Appendix/Figures/paper_metadinamica.png> <./Appendix/Figures/paper_Qua
ntum_computers.png> <./FOLDING_PEPTIDE_PICTURE/folding_239.png>]
<Portada_Contraportada/Contraportada_tese.pdf, id=5661, 597.50792pt x 845.04686
pt>
File: Portada_Contraportada/Contraportada_tese.pdf Graphic file (type pdf)
<use Portada_Contraportada/Contraportada_tese.pdf>
Package pdftex.def Info: Portada_Contraportada/Contraportada_tese.pdf  used on 
input line 431.
(pdftex.def)             Requested size: 597.50645pt x 845.0448pt.
<Portada_Contraportada/Contraportada_tese.pdf, id=5663, page=1, 597.50792pt x 8
45.04686pt>
File: Portada_Contraportada/Contraportada_tese.pdf Graphic file (type pdf)
<use Portada_Contraportada/Contraportada_tese.pdf, page 1>
Package pdftex.def Info: Portada_Contraportada/Contraportada_tese.pdf , page1 u
sed on input line 431.
(pdftex.def)             Requested size: 597.50645pt x 845.0448pt.
File: Portada_Contraportada/Contraportada_tese.pdf Graphic file (type pdf)
<use Portada_Contraportada/Contraportada_tese.pdf, page 1>
Package pdftex.def Info: Portada_Contraportada/Contraportada_tese.pdf , page1 u
sed on input line 431.
(pdftex.def)             Requested size: 597.5338pt x 845.08348pt.
File: Portada_Contraportada/Contraportada_tese.pdf Graphic file (type pdf)
<use Portada_Contraportada/Contraportada_tese.pdf, page 1>
Package pdftex.def Info: Portada_Contraportada/Contraportada_tese.pdf , page1 u
sed on input line 431.
(pdftex.def)             Requested size: 597.5338pt x 845.08348pt.
File: Portada_Contraportada/Contraportada_tese.pdf Graphic file (type pdf)
<use Portada_Contraportada/Contraportada_tese.pdf, page 1>
Package pdftex.def Info: Portada_Contraportada/Contraportada_tese.pdf , page1 u
sed on input line 431.
(pdftex.def)             Requested size: 597.5338pt x 845.08348pt.
File: Portada_Contraportada/Contraportada_tese.pdf Graphic file (type pdf)
<use Portada_Contraportada/Contraportada_tese.pdf, page 1>
Package pdftex.def Info: Portada_Contraportada/Contraportada_tese.pdf , page1 u
sed on input line 431.
(pdftex.def)             Requested size: 597.5338pt x 845.08348pt.
 [315



 <./Portada_Contraportada/Contraportada_tese.pdf>] (./main.aux (./Portada_Contr
aportada/Statement_of_authorship.aux)
(./General_Sections/Acknowledgements.aux)
(./General_Sections/List_of_publications.aux) (./General_Sections/Summary.aux)
(./General_Sections/Preface.aux) (./General_Sections/Introduction.aux)
(./General_Sections/Objectives.aux) (./General_Sections/Methods.aux)
(./Results_Discussion/Results.aux) (./Results_Discussion/Unpublished.aux)
(./General_Sections/GeneralDiscussion.aux) (./General_Sections/Conclusions.aux)
(./Appendix/Appendix.aux))
 ***********
LaTeX2e <2025-11-01>
L3 programming layer <2026-01-19>
 ***********
Package rerunfilecheck Info: File `main.out' has not changed.
(rerunfilecheck)             Checksum: 63D0B06BE34C5CDDA3F15008E6295076;40364.
Package logreq Info: Writing requests to 'main.run.xml'.
\openout1 = `main.run.xml'.

 ) 
Here is how much of TeX's memory you used:
 47040 strings out of 467525
 1014176 string characters out of 5418982
 2201015 words of memory out of 5000000
 73536 multiletter control sequences out of 15000+600000
 752525 words of font info for 581 fonts, out of 8000000 for 9000
 1141 hyphenation exceptions out of 8191
 99i,17n,108p,2433b,2359s stack positions out of 10000i,1000n,20000p,200000b,200000s
</usr/local/texlive/2026/texmf-dist/fonts/type1/public/amsfonts/cm/cmbx10.pfb
></usr/local/texlive/2026/texmf-dist/fonts/type1/public/amsfonts/cm/cmbx12.pfb>
</usr/local/texlive/2026/texmf-dist/fonts/type1/public/amsfonts/cm/cmbxti10.pfb
></usr/local/texlive/2026/texmf-dist/fonts/type1/public/amsfonts/cm/cmex10.pfb>
</usr/local/texlive/2026/texmf-dist/fonts/type1/public/amsfonts/cmextra/cmex8.p
fb></usr/local/texlive/2026/texmf-dist/fonts/type1/public/amsfonts/cm/cmmi10.pf
b></usr/local/texlive/2026/texmf-dist/fonts/type1/public/amsfonts/cm/cmmi12.pfb
></usr/local/texlive/2026/texmf-dist/fonts/type1/public/amsfonts/cm/cmmi6.pfb><
/usr/local/texlive/2026/texmf-dist/fonts/type1/public/amsfonts/cm/cmmi7.pfb></u
sr/local/texlive/2026/texmf-dist/fonts/type1/public/amsfonts/cm/cmmi8.pfb></usr
/local/texlive/2026/texmf-dist/fonts/type1/public/amsfonts/cm/cmmib10.pfb></usr
/local/texlive/2026/texmf-dist/fonts/type1/public/amsfonts/cm/cmr10.pfb></usr/l
ocal/texlive/2026/texmf-dist/fonts/type1/public/amsfonts/cm/cmr12.pfb></usr/loc
al/texlive/2026/texmf-dist/fonts/type1/public/amsfonts/cm/cmr6.pfb></usr/local/
texlive/2026/texmf-dist/fonts/type1/public/amsfonts/cm/cmr7.pfb></usr/local/tex
live/2026/texmf-dist/fonts/type1/public/amsfonts/cm/cmr8.pfb></usr/local/texliv
e/2026/texmf-dist/fonts/type1/public/amsfonts/cm/cmsy10.pfb></usr/local/texlive
/2026/texmf-dist/fonts/type1/public/amsfonts/cm/cmsy6.pfb></usr/local/texlive/2
026/texmf-dist/fonts/type1/public/amsfonts/cm/cmsy7.pfb></usr/local/texlive/202
6/texmf-dist/fonts/type1/public/amsfonts/cm/cmsy8.pfb></usr/local/texlive/2026/
texmf-dist/fonts/type1/public/lm/lmbx10.pfb></usr/local/texlive/2026/texmf-dist
/fonts/type1/public/lm/lmbx12.pfb></usr/local/texlive/2026/texmf-dist/fonts/typ
e1/public/lm/lmbx8.pfb></usr/local/texlive/2026/texmf-dist/fonts/type1/public/l
m/lmex10.pfb></usr/local/texlive/2026/texmf-dist/fonts/type1/public/lm/lmmi10.p
fb></usr/local/texlive/2026/texmf-dist/fonts/type1/public/lm/lmmi12.pfb></usr/l
ocal/texlive/2026/texmf-dist/fonts/type1/public/lm/lmmi6.pfb></usr/local/texliv
e/2026/texmf-dist/fonts/type1/public/lm/lmmi8.pfb></usr/local/texlive/2026/texm
f-dist/fonts/type1/public/lm/lmmi9.pfb></usr/local/texlive/2026/texmf-dist/font
s/type1/public/lm/lmr10.pfb></usr/local/texlive/2026/texmf-dist/fonts/type1/pub
lic/lm/lmr12.pfb></usr/local/texlive/2026/texmf-dist/fonts/type1/public/lm/lmr6
.pfb></usr/local/texlive/2026/texmf-dist/fonts/type1/public/lm/lmr8.pfb></usr/l
ocal/texlive/2026/texmf-dist/fonts/type1/public/lm/lmr9.pfb></usr/local/texlive
/2026/texmf-dist/fonts/type1/public/lm/lmri10.pfb></usr/local/texlive/2026/texm
f-dist/fonts/type1/public/lm/lmri12.pfb></usr/local/texlive/2026/texmf-dist/fon
ts/type1/public/lm/lmss10.pfb></usr/local/texlive/2026/texmf-dist/fonts/type1/p
ublic/lm/lmss12.pfb></usr/local/texlive/2026/texmf-dist/fonts/type1/public/lm/l
mss17.pfb></usr/local/texlive/2026/texmf-dist/fonts/type1/public/lm/lmss8.pfb><
/usr/local/texlive/2026/texmf-dist/fonts/type1/public/lm/lmss9.pfb></usr/local/
texlive/2026/texmf-dist/fonts/type1/public/lm/lmssbx10.pfb></usr/local/texlive/
2026/texmf-dist/fonts/type1/public/lm/lmsy10.pfb></usr/local/texlive/2026/texmf
-dist/fonts/type1/public/lm/lmsy6.pfb></usr/local/texlive/2026/texmf-dist/fonts
/type1/public/lm/lmsy8.pfb></usr/local/texlive/2026/texmf-dist/fonts/type1/publ
ic/lm/lmsy9.pfb></usr/local/texlive/2026/texmf-dist/fonts/type1/public/lm/lmtt1
0.pfb></usr/local/texlive/2026/texmf-dist/fonts/type1/public/lm/lmtt12.pfb></us
r/local/texlive/2026/texmf-dist/fonts/type1/public/lm/lmtt8.pfb></usr/local/tex
live/2026/texmf-dist/fonts/type1/public/lm/lmtt9.pfb></usr/local/texlive/2026/t
exmf-dist/fonts/type1/public/amsfonts/symbols/msbm10.pfb></usr/local/texlive/20
26/texmf-dist/fonts/type1/public/cm-super/sfrb0800.pfb></usr/local/texlive/2026
/texmf-dist/fonts/type1/public/cm-super/sfrb1095.pfb></usr/local/texlive/2026/t
exmf-dist/fonts/type1/public/cm-super/sfrm0800.pfb></usr/local/texlive/2026/tex
mf-dist/fonts/type1/public/cm-super/sfrm1095.pfb></usr/local/texlive/2026/texmf
-dist/fonts/type1/public/cm-super/sfti1095.pfb></usr/local/texlive/2026/texmf-d
ist/fonts/type1/public/stix/stix-mathcal.pfb></usr/local/texlive/2026/texmf-dis
t/fonts/type1/public/stix/stix-mathex.pfb></usr/local/texlive/2026/texmf-dist/f
onts/type1/public/stix/stix-mathit.pfb></usr/local/texlive/2026/texmf-dist/font
s/type1/public/stix/stix-mathrm.pfb></usr/local/texlive/2026/texmf-dist/fonts/t
ype1/public/stix/stix-mathscr.pfb></usr/local/texlive/2026/texmf-dist/fonts/typ
e1/urw/courier/ucrr8a.pfb></usr/local/texlive/2026/texmf-dist/fonts/type1/urw/t
imes/utmb8a.pfb></usr/local/texlive/2026/texmf-dist/fonts/type1/urw/times/utmbi
8a.pfb></usr/local/texlive/2026/texmf-dist/fonts/type1/urw/times/utmr8a.pfb></u
sr/local/texlive/2026/texmf-dist/fonts/type1/urw/times/utmri8a.pfb>
Output written on main.pdf (315 pages, 66465766 bytes).
PDF statistics:
 6031 PDF objects out of 6186 (max. 8388607)
 4283 compressed objects within 43 object streams
 907 named destinations out of 1000 (max. 500000)
 123045 words of extra memory for PDF output out of 128383 (max. 10000000)

